user_id,isbn
0,9780804139021 9780804139021 9780804139021 9780804139021 9780804139021  9780804139021 9780804139021 9780804139021 9780804139021 9780804139021
1,9780141439518 9780451524935 9780307474278 9780062315007 9780743273565 9780316769488 9780446310789 9780618260300 9780804139021 9780804139021  
2,9780141439518 9780451524935 9780307474278 9780062315007 9780743273565 9780316769488 9780446310789 9780618260300 98 99
3,9780441172719 36 37 38 39 173 174 175 176 177
4,186 187 188 189 190 208 209 210 211 212
5,207 208 209 210 211 225 226 227 228 229
6,224 225 226 227 228 233 234 235 236 237
7,231 232 233 234 235 251 252 253 254 255
8,251 252 253 254 255 259 260 261 262 263
9,256 257 258 259 260 265 266 267 268 269
10,263 264 265 266 267 275 276 277 278 279
11,272 273 274 275 276 281 282 283 284 285
12,128 129 130 131 132 295 296 297 298 299
13,295 296 297 298 299 337 338 339 340 341
14,312 313 314 315 316 352 353 354 355 356
15,349 350 351 352 353 357 358 359 360 361
16,354 355 356 357 358 362 363 364 365 366
17,358 359 360 361 362 366 367 368 369 370
18,362 363 364 365 366 369 370 371 372 373
19,365 366 367 368 369 390 391 392 393 394
20,388 389 390 391 392 403 404 405 406 407
21,398 399 400 401 402 407 408 409 410 411
22,291 292 293 294 295 412 413 414 415 416
23,69 70 71 72 73 502 503 504 505 506
24,520 521 522 523 524 539 540 541 542 543
25,46 47 48 49 50 550 551 552 553 554
26,547 548 549 550 551 559 560 561 562 563
27,556 557 558 559 560 576 577 578 579 580
28,318 319 320 321 322 584 585 586 587 588
29,78 79 80 81 82 601 602 603 604 605
30,599 600 601 602 603 629 630 631 632 633
31,164 165 166 167 168 635 636 637 638 639
32,631 632 633 634 635 646 647 648 649 650
33,643 644 645 646 647 651 652 653 654 655
34,283 284 285 286 287 662 663 664 665 666
35,660 661 662 663 664 668 669 670 671 672
36,664 665 666 667 668 670 671 672 673 674
37,665 666 667 668 669 673 674 675 676 677
38,351 352 353 354 355 710 711 712 713 714
39,713 714 715 716 717 722 723 724 725 726
40,579 580 581 582 583 734 735 736 737 738
41,32 33 34 35 36 835 836 837 838 839
42,856 857 858 859 860 890 891 892 893 894
43,892 893 894 895 896 900 901 902 903 904
44,895 896 897 898 899 907 908 909 910 911
45,288 289 290 291 292 982 983 984 985 986
46,994 995 996 997 998 1013 1014 1015 1016 1017
47,306 307 308 309 310 1088 1089 1090 1091 1092
48,1101 1102 1103 1104 1105 1116 1117 1118 1119 1120
49,1114 1115 1116 1117 1118 1126 1127 1128 1129 1130
50,20 21 22 23 24 1133 1134 1135 1136 1137
51,1130 1131 1132 1133 1134 1159 1160 1161 1162 1163
52,1154 1155 1156 1157 1158 1163 1164 1165 1166 1167
53,18 19 20 21 22 1169 1170 1171 1172 1173
54,1166 1167 1168 1169 1170 1175 1176 1177 1178 1179
55,353 354 355 356 357 1181 1182 1183 1184 1185
56,1178 1179 1180 1181 1182 1186 1187 1188 1189 1190
57,318 319 320 321 322 1215 1216 1217 1218 1219
58,899 900 901 902 903 1229 1230 1231 1232 1233
59,462 463 464 465 466 1235 1236 1237 1238 1239
60,681 682 683 684 685 1243 1244 1245 1246 1247
61,1239 1240 1241 1242 1243 1247 1248 1249 1250 1251
62,1242 1243 1244 1245 1246 1250 1251 1252 1253 1254
63,39 40 41 42 43 1257 1258 1259 1260 1261
64,683 684 685 686 687 1267 1268 1269 1270 1271
65,149 150 151 152 153 1282 1283 1284 1285 1286
66,1280 1281 1282 1283 1284 1288 1289 1290 1291 1292
67,1284 1285 1286 1287 1288 1293 1294 1295 1296 1297
68,700 701 702 703 704 1305 1306 1307 1308 1309
69,1300 1301 1302 1303 1304 1314 1315 1316 1317 1318
70,1309 1310 1311 1312 1313 1320 1321 1322 1323 1324
71,1318 1319 1320 1321 1322 1326 1327 1328 1329 1330
72,1322 1323 1324 1325 1326 1332 1333 1334 1335 1336
73,113 114 115 116 117 1334 1335 1336 1337 1338
74,249 250 251 252 253 1341 1342 1343 1344 1345
75,421 422 423 424 425 1344 1345 1346 1347 1348
76,1340 1341 1342 1343 1344 1347 1348 1349 1350 1351
77,1343 1344 1345 1346 1347 1352 1353 1354 1355 1356
78,1348 1349 1350 1351 1352 1357 1358 1359 1360 1361
79,52 53 54 55 56 1366 1367 1368 1369 1370
80,1159 1160 1161 1162 1163 1372 1373 1374 1375 1376
81,50 51 52 53 54 1382 1383 1384 1385 1386
82,0 1 2 3 1445 1446 1447 1448 1449
83,1390 1391 1392 1393 1394 1466 1467 1468 1469 1470
84,1463 1464 1465 1466 1467 1474 1475 1476 1477 1478
85,880 881 882 883 884 1492 1493 1494 1495 1496
86,1493 1494 1495 1496 1497 1504 1505 1506 1507 1508
87,1502 1503 1504 1505 1506 1510 1511 1512 1513 1514
88,1507 1508 1509 1510 1511 1515 1516 1517 1518 1519
89,144 145 146 147 148 1518 1519 1520 1521 1522
90,1516 1517 1518 1519 1520 1524 1525 1526 1527 1528
91,1520 1521 1522 1523 1524 1535 1536 1537 1538 1539
92,1531 1532 1533 1534 1535 1543 1544 1545 1546 1547
93,1540 1541 1542 1543 1544 1548 1549 1550 1551 1552
94,1545 1546 1547 1548 1549 1553 1554 1555 1556 1557
95,1549 1550 1551 1552 1553 1560 1561 1562 1563 1564
96,1557 1558 1559 1560 1561 1564 1565 1566 1567 1568
97,591 592 593 594 595 1584 1585 1586 1587 1588
98,158 159 160 161 162 1595 1596 1597 1598 1599
99,37 38 39 40 41 1618 1619 1620 1621 1622
100,1622 1623 1624 1625 1626 1629 1630 1631 1632 1633
101,1624 1625 1626 1627 1628 1633 1634 1635 1636 1637
102,1629 1630 1631 1632 1633 1637 1638 1639 1640 1641
103,38 39 40 41 42 1651 1652 1653 1654 1655
104,1649 1650 1651 1652 1653 1657 1658 1659 1660 1661
105,1653 1654 1655 1656 1657 1661 1662 1663 1664 1665
106,1657 1658 1659 1660 1661 1665 1666 1667 1668 1669
107,1662 1663 1664 1665 1666 1669 1670 1671 1672 1673
108,1666 1667 1668 1669 1670 1679 1680 1681 1682 1683
109,484 485 486 487 488 1691 1692 1693 1694 1695
110,1082 1083 1084 1085 1086 1700 1701 1702 1703 1704
111,1131 1132 1133 1134 1135 1727 1728 1729 1730 1731
112,471 472 473 474 475 1735 1736 1737 1738 1739
113,1058 1059 1060 1061 1062 1738 1739 1740 1741 1742
114,1735 1736 1737 1738 1739 1743 1744 1745 1746 1747
115,337 338 339 340 341 1749 1750 1751 1752 1753
116,191 192 193 194 195 1751 1752 1753 1754 1755
117,317 318 319 320 321 1765 1766 1767 1768 1769
118,1131 1132 1133 1134 1135 1777 1778 1779 1780 1781
119,1776 1777 1778 1779 1780 1787 1788 1789 1790 1791
120,1782 1783 1784 1785 1786 1795 1796 1797 1798 1799
121,1192 1193 1194 1195 1196 1803 1804 1805 1806 1807
122,1043 1044 1045 1046 1047 1819 1820 1821 1822 1823
123,1816 1817 1818 1819 1820 1828 1829 1830 1831 1832
124,868 869 870 871 872 1836 1837 1838 1839 1840
125,1832 1833 1834 1835 1836 1858 1859 1860 1861 1862
126,1853 1854 1855 1856 1857 1865 1866 1867 1868 1869
127,1862 1863 1864 1865 1866 1870 1871 1872 1873 1874
128,1258 1259 1260 1261 1262 1874 1875 1876 1877 1878
129,1870 1871 1872 1873 1874 1878 1879 1880 1881 1882
130,18 19 20 21 22 1881 1882 1883 1884 1885
131,1877 1878 1879 1880 1881 1886 1887 1888 1889 1890
132,1606 1607 1608 1609 1610 1889 1890 1891 1892 1893
133,1108 1109 1110 1111 1112 1897 1898 1899 1900 1901
134,863 864 865 866 867 1902 1903 1904 1905 1906
135,439 440 441 442 443 1910 1911 1912 1913 1914
136,998 999 1000 1001 1002 1917 1918 1919 1920 1921
137,1635 1636 1637 1638 1639 1920 1921 1922 1923 1924
138,533 534 535 536 537 1936 1937 1938 1939 1940
139,1935 1936 1937 1938 1939 1945 1946 1947 1948 1949
140,897 898 899 900 901 1947 1948 1949 1950 1951
141,1879 1880 1881 1882 1883 1957 1958 1959 1960 1961
142,591 592 593 594 595 1978 1979 1980 1981 1982
143,790 791 792 793 794 1987 1988 1989 1990 1991
144,1984 1985 1986 1987 1988 1992 1993 1994 1995 1996
145,1039 1040 1041 1042 1043 1998 1999 2000 2001 2002
146,1258 1259 1260 1261 1262 2007 2008 2009 2010 2011
147,1298 1299 1300 1301 1302 2016 2017 2018 2019 2020
148,96 97 98 99 100 2032 2033 2034 2035 2036
149,496 497 498 499 500 2042 2043 2044 2045 2046
150,2040 2041 2042 2043 2044 2057 2058 2059 2060 2061
151,2053 2054 2055 2056 2057 2062 2063 2064 2065 2066
152,414 415 416 417 418 2065 2066 2067 2068 2069
153,212 213 214 215 216 2078 2079 2080 2081 2082
154,717 718 719 720 721 2086 2087 2088 2089 2090
155,1573 1574 1575 1576 1577 2095 2096 2097 2098 2099
156,479 480 481 482 483 2105 2106 2107 2108 2109
157,2104 2105 2106 2107 2108 2117 2118 2119 2120 2121
158,36 37 38 39 40 2151 2152 2153 2154 2155
159,419 420 421 422 423 2169 2170 2171 2172 2173
160,1939 1940 1941 1942 1943 2185 2186 2187 2188 2189
161,58 59 60 61 62 2200 2201 2202 2203 2204
162,82 83 84 85 86 2247 2248 2249 2250 2251
163,448 449 450 451 452 2258 2259 2260 2261 2262
164,1982 1983 1984 1985 1986 2261 2262 2263 2264 2265
165,164 165 166 167 168 2262 2263 2264 2265 2266
166,713 714 715 716 717 722 723 724 725 726
167,2259 2260 2261 2262 2263 2268 2269 2270 2271 2272
168,97 98 99 100 101 2293 2294 2295 2296 2297
169,2030 2031 2032 2033 2034 2301 2302 2303 2304 2305
170,358 359 360 361 362 2322 2323 2324 2325 2326
171,868 869 870 871 872 2329 2330 2331 2332 2333
172,60 61 62 63 64 2356 2357 2358 2359 2360
173,1083 1084 1085 1086 1087 2364 2365 2366 2367 2368
174,459 460 461 462 463 2367 2368 2369 2370 2371
175,1349 1350 1351 1352 1353 2376 2377 2378 2379 2380
176,1657 1658 1659 1660 1661 2401 2402 2403 2404 2405
177,521 522 523 524 525 2405 2406 2407 2408 2409
178,2401 2402 2403 2404 2405 2407 2408 2409 2410 2411
179,471 472 473 474 475 2409 2410 2411 2412 2413
180,202 203 204 205 206 2436 2437 2438 2439 2440
181,972 973 974 975 976 2444 2445 2446 2447 2448
182,263 264 265 266 267 2449 2450 2451 2452 2453
183,2444 2445 2446 2447 2448 2452 2453 2454 2455 2456
184,326 327 328 329 330 2463 2464 2465 2466 2467
185,866 867 868 869 870 2467 2468 2469 2470 2471
186,1159 1160 1161 1162 1163 2477 2478 2479 2480 2481
187,65 66 67 68 69 2559 2560 2561 2562 2563
188,2572 2573 2574 2575 2576 2579 2580 2581 2582 2583
189,1616 1617 1618 1619 1620 2584 2585 2586 2587 2588
190,1233 1234 1235 1236 1237 2590 2591 2592 2593 2594
191,2586 2587 2588 2589 2590 2599 2600 2601 2602 2603
192,2596 2597 2598 2599 2600 2604 2605 2606 2607 2608
193,2599 2600 2601 2602 2603 2606 2607 2608 2609 2610
194,2602 2603 2604 2605 2606 2610 2611 2612 2613 2614
195,2605 2606 2607 2608 2609 2614 2615 2616 2617 2618
196,364 365 366 367 368 2624 2625 2626 2627 2628
197,2620 2621 2622 2623 2624 2627 2628 2629 2630 2631
198,2623 2624 2625 2626 2627 2631 2632 2633 2634 2635
199,1168 1169 1170 1171 1172 2636 2637 2638 2639 2640
200,2633 2634 2635 2636 2637 2650 2651 2652 2653 2654
201,1199 1200 1201 1202 1203 2658 2659 2660 2661 2662
202,1630 1631 1632 1633 1634 2667 2668 2669 2670 2671
203,2664 2665 2666 2667 2668 2674 2675 2676 2677 2678
204,201 202 203 204 205 2715 2716 2717 2718 2719
205,1835 1836 1837 1838 1839 2730 2731 2732 2733 2734
206,1682 1683 1684 1685 1686 2736 2737 2738 2739 2740
207,1524 1525 1526 1527 1528 2744 2745 2746 2747 2748
208,133 134 135 136 137 2755 2756 2757 2758 2759
209,134 135 136 137 138 2780 2781 2782 2783 2784
210,784 785 786 787 788 2805 2806 2807 2808 2809
211,2806 2807 2808 2809 2810 2814 2815 2816 2817 2818
212,400 401 402 403 404 2822 2823 2824 2825 2826
213,1621 1622 1623 1624 1625 2828 2829 2830 2831 2832
214,2823 2824 2825 2826 2827 2837 2838 2839 2840 2841
215,2834 2835 2836 2837 2838 2842 2843 2844 2845 2846
216,603 604 605 606 607 2863 2864 2865 2866 2867
217,2864 2865 2866 2867 2868 2877 2878 2879 2880 2881
218,606 607 608 609 610 612 613 614 615 616
219,2870 2871 2872 2873 2874 2894 2895 2896 2897 2898
220,1893 1894 1895 1896 1897 2911 2912 2913 2914 2915
221,1387 1388 1389 1390 1391 2929 2930 2931 2932 2933
222,2754 2755 2756 2757 2758 2940 2941 2942 2943 2944
223,2938 2939 2940 2941 2942 2945 2946 2947 2948 2949
224,2952 2953 2954 2955 2956
225,477 478 479 480 481 2962 2963 2964 2965 2966
226,1709 1710 1711 1712 1713 2981 2982 2983 2984 2985
227,69 70 71 72 73 2987 2988 2989 2990 2991
228,2714 2715 2716 2717 2718 2988 2989 2990 2991 2992
229,26 27 28 29 30 2990 2991 2992 2993 2994
230,620 621 622 623 624 2994 2995 2996 2997 2998
231,1316 1317 1318 1319 1320 3003 3004 3005 3006 3007
232,53 54 55 56 57 3013 3014 3015 3016 3017
233,1564 1565 1566 1567 1568 3017 3018 3019 3020 3021
234,100 101 102 103 104 3020 3021 3022 3023 3024
235,2220 2221 2222 2223 2224 3025 3026 3027 3028 3029
236,55 56 57 58 59 3040 3041 3042 3043 3044
237,1747 1748 1749 1750 1751 3045 3046 3047 3048 3049
238,1524 1525 1526 1527 1528 3047 3048 3049 3050 3051
239,955 956 957 958 959 3049 3050 3051 3052 3053
240,3045 3046 3047 3048 3049 3060 3061 3062 3063 3064
241,3059 3060 3061 3062 3063 3069 3070 3071 3072 3073
242,3064 3065 3066 3067 3068 3073 3074 3075 3076 3077
243,996 997 998 999 1000 3084 3085 3086 3087 3088
244,1888 1889 1890 1891 1892 3090 3091 3092 3093 3094
245,101 102 103 104 105 3094 3095 3096 3097 3098
246,3089 3090 3091 3092 3093 3095 3096 3097 3098 3099
247,495 496 497 498 499 3103 3104 3105 3106 3107
248,3101 3102 3103 3104 3105 3108 3109 3110 3111 3112
249,2288 2289 2290 2291 2292 3116 3117 3118 3119 3120
250,3113 3114 3115 3116 3117 3119 3120 3121 3122 3123
251,194 195 196 197 198 3129 3130 3131 3132 3133
252,318 319 320 321 322 3176 3177 3178 3179 3180
253,462 463 464 465 466 3209 3210 3211 3212 3213
254,158 159 160 161 162 3224 3225 3226 3227 3228
255,124 125 126 127 128 3236 3237 3238 3239 3240
256,238 239 240 241 242 3245 3246 3247 3248 3249
257,3136 3137 3138 3139 3140 3142 3143 3144 3145 3146
258,779 780 781 782 783 3256 3257 3258 3259 3260
259,1306 1307 1308 1309 1310 3264 3265 3266 3267 3268
260,3261 3262 3263 3264 3265 3269 3270 3271 3272 3273
261,2789 2790 2791 2792 2793 3272 3273 3274 3275 3276
262,83 84 85 86 87 3364 3365 3366 3367 3368
263,3382 3383 3384 3385 3386 3389 3390 3391 3392 3393
264,3384 3385 3386 3387 3388 3391 3392 3393 3394 3395
265,51 52 53 54 55 3405 3406 3407 3408 3409
266,46 47 48 49 50 3409 3410 3411 3412 3413
267,3405 3406 3407 3408 3409 3413 3414 3415 3416 3417
268,668 669 670 671 672 3416 3417 3418 3419 3420
269,3412 3413 3414 3415 3416 3420 3421 3422 3423 3424
270,2903 2904 2905 2906 2907 3427 3428 3429 3430 3431
271,3422 3423 3424 3425 3426 3430 3431 3432 3433 3434
272,3425 3426 3427 3428 3429 3436 3437 3438 3439 3440
273,3431 3432 3433 3434 3435 3437 3438 3439 3440 3441
274,0 1 2 3 3442 3443 3444 3445 3446
275,3440 3441 3442 3443 3444 3452 3453 3454 3455 3456
276,3447 3448 3449 3450 3451 3453 3454 3455 3456 3457
277,52 53 54 55 56 3461 3462 3463 3464 3465
278,2609 2610 2611 2612 2613 3466 3467 3468 3469 3470
279,2532 2533 2534 2535 2536 3468 3469 3470 3471 3472
280,3464 3465 3466 3467 3468 3472 3473 3474 3475 3476
281,1545 1546 1547 1548 1549 3474 3475 3476 3477 3478
282,123 124 125 126 127 3480 3481 3482 3483 3484
283,3475 3476 3477 3478 3479 3482 3483 3484 3485 3486
284,1715 1716 1717 1718 1719 3485 3486 3487 3488 3489
285,1973 1974 1975 1976 1977 3488 3489 3490 3491 3492
286,3484 3485 3486 3487 3488 3492 3493 3494 3495 3496
287,37 38 39 40 41 3506 3507 3508 3509 3510
288,62 63 64 65 66 3514 3515 3516 3517 3518
289,2745 2746 2747 2748 2749 3520 3521 3522 3523 3524
290,184 185 186 187 188 3544 3545 3546 3547 3548
291,513 514 515 516 517 3558 3559 3560 3561 3562
292,2081 2082 2083 2084 2085 3571 3572 3573 3574 3575
293,765 766 767 768 769 3578 3579 3580 3581 3582
294,871 872 873 874 875 3580 3581 3582 3583 3584
295,2228 2229 2230 2231 2232 3589 3590 3591 3592 3593
296,3193 3194 3195 3196 3197 3594 3595 3596 3597 3598
297,37 38 39 40 41 3600 3601 3602 3603 3604
298,228 229 230 231 232 3611 3612 3613 3614 3615
299,1166 1167 1168 1169 1170 3617 3618 3619 3620 3621
300,589 590 591 592 593 3641 3642 3643 3644 3645
301,562 563 564 565 566 3662 3663 3664 3665 3666
302,1002 1003 1004 1005 1006 3668 3669 3670 3671 3672
303,3664 3665 3666 3667 3668 3673 3674 3675 3676 3677
304,415 416 417 418 419 3692 3693 3694 3695 3696
305,226 227 228 229 230 3709 3710 3711 3712 3713
306,963 964 965 966 967 3718 3719 3720 3721 3722
307,3716 3717 3718 3719 3720 3723 3724 3725 3726 3727
308,33 34 35 36 37 3742 3743 3744 3745 3746
309,185 186 187 188 189 3751 3752 3753 3754 3755
310,495 496 497 498 499 3755 3756 3757 3758 3759
311,1045 1046 1047 1048 1049 3765 3766 3767 3768 3769
312,3762 3763 3764 3765 3766 3773 3774 3775 3776 3777
313,345 346 347 348 349 3787 3788 3789 3790 3791
314,3785 3786 3787 3788 3789 3793 3794 3795 3796 3797
315,471 472 473 474 475 3797 3798 3799 3800 3801
316,2425 2426 2427 2428 2429 3800 3801 3802 3803 3804
317,3795 3796 3797 3798 3799 3810 3811 3812 3813 3814
318,879 880 881 882 883 3812 3813 3814 3815 3816
319,3258 3259 3260 3261 3262 3819 3820 3821 3822 3823
320,652 653 654 655 656 3837 3838 3839 3840 3841
321,2762 2763 2764 2765 2766 3846 3847 3848 3849 3850
322,1873 1874 1875 1876 1877 3853 3854 3855 3856 3857
323,241 242 243 244 245 3857 3858 3859 3860 3861
324,225 226 227 228 229 3864 3865 3866 3867 3868
325,25 26 27 28 29 3872 3873 3874 3875 3876
326,1518 1519 1520 1521 1522 3889 3890 3891 3892 3893
327,2038 2039 2040 2041 2042 3908 3909 3910 3911 3912
328,378 379 380 381 382 3910 3911 3912 3913 3914
329,0 1 2 3 3933 3934 3935 3936 3937
330,709 710 711 712 713 3947 3948 3949 3950 3951
331,3945 3946 3947 3948 3949 3953 3954 3955 3956 3957
332,3948 3949 3950 3951 3952 3955 3956 3957 3958 3959
333,208 209 210 211 212 3971 3972 3973 3974 3975
334,3973 3974 3975 3976 3977 3980 3981 3982 3983 3984
335,621 622 623 624 625 3983 3984 3985 3986 3987
336,3715 3716 3717 3718 3719 3987 3988 3989 3990 3991
337,3984 3985 3986 3987 3988 3992 3993 3994 3995 3996
338,1090 1091 1092 1093 1094 3995 3996 3997 3998 3999
339,3990 3991 3992 3993 3994 3999 4000 4001 4002 4003
340,1806 1807 1808 1809 1810 4009 4010 4011 4012 4013
341,4007 4008 4009 4010 4011 4013 4014 4015 4016 4017
342,620 621 622 623 624 4017 4018 4019 4020 4021
343,158 159 160 161 162 4028 4029 4030 4031 4032
344,3437 3438 3439 3440 3441 4038 4039 4040 4041 4042
345,1046 1047 1048 1049 1050 4048 4049 4050 4051 4052
346,3103 3104 3105 3106 3107 4052 4053 4054 4055 4056
347,4049 4050 4051 4052 4053 4055 4056 4057 4058 4059
348,4050 4051 4052 4053 4054 4056 4057 4058 4059 4060
349,4051 4052 4053 4054 4055 4059 4060 4061 4062 4063
350,1773 1774 1775 1776 1777 4062 4063 4064 4065 4066
351,1401 1402 1403 1404 1405 4073 4074 4075 4076 4077
352,460 461 462 463 464 4096 4097 4098 4099 4100
353,647 648 649 650 651 4116 4117 4118 4119 4120
354,198 199 200 201 202 4121 4122 4123 4124 4125
355,4118 4119 4120 4121 4122 4124 4125 4126 4127 4128
356,802 803 804 805 806 4131 4132 4133 4134 4135
357,1349 1350 1351 1352 1353 4145 4146 4147 4148 4149
358,3643 3644 3645 3646 3647 4154 4155 4156 4157 4158
359,405 406 407 408 409 4168 4169 4170 4171 4172
360,1118 1119 1120 1121 1122 4174 4175 4176 4177 4178
361,432 433 434 435 436 4178 4179 4180 4181 4182
362,25 26 27 28 29 4260 4261 4262 4263 4264
363,1171 1172 1173 1174 1175 4276 4277 4278 4279 4280
364,375 376 377 378 379 4299 4300 4301 4302 4303
365,4298 4299 4300 4301 4302 4315 4316 4317 4318 4319
366,588 589 590 591 592 4326 4327 4328 4329 4330
367,1861 1862 1863 1864 1865 4331 4332 4333 4334 4335
368,2238 2239 2240 2241 2242 4333 4334 4335 4336 4337
369,4328 4329 4330 4331 4332 4336 4337 4338 4339 4340
370,235 236 237 238 239 4339 4340 4341 4342 4343
371,923 924 925 926 927 4348 4349 4350 4351 4352
372,682 683 684 685 686 4353 4354 4355 4356 4357
373,4348 4349 4350 4351 4352 4356 4357 4358 4359 4360
374,282 283 284 285 286 2615 2616 2617 2618 2619
375,277 278 279 280 281 4359 4360 4361 4362 4363
376,4356 4357 4358 4359 4360 4363 4364 4365 4366 4367
377,4358 4359 4360 4361 4362 4364 4365 4366 4367 4368
378,204 205 206 207 208 4366 4367 4368 4369 4370
379,407 408 409 410 411 4368 4369 4370 4371 4372
380,817 818 819 820 821 4378 4379 4380 4381 4382
381,1447 1448 1449 1450 1451 4384 4385 4386 4387 4388
382,632 633 634 635 636 4413 4414 4415 4416 4417
383,1301 1302 1303 1304 1305 4416 4417 4418 4419 4420
384,4412 4413 4414 4415 4416 4419 4420 4421 4422 4423
385,373 374 375 376 377 4436 4437 4438 4439 4440
386,702 703 704 705 706 4441 4442 4443 4444 4445
387,4438 4439 4440 4441 4442 4446 4447 4448 4449 4450
388,931 932 933 934 935 4451 4452 4453 4454 4455
389,2681 2682 2683 2684 2685 4454 4455 4456 4457 4458
390,618 619 620 621 622 4465 4466 4467 4468 4469
391,41 42 43 44 45 4504 4505 4506 4507 4508
392,1335 1336 1337 1338 1339 4516 4517 4518 4519 4520
393,822 823 824 825 826 4518 4519 4520 4521 4522
394,1942 1943 1944 1945 1946 4531 4532 4533 4534 4535
395,950 951 952 953 954 4536 4537 4538 4539 4540
396,285 286 287 288 289 4552 4553 4554 4555 4556
397,536 537 538 539 540 4559 4560 4561 4562 4563
398,564 565 566 567 568 4566 4567 4568 4569 4570
399,194 195 196 197 198 4588 4589 4590 4591 4592
400,1317 1318 1319 1320 1321 4608 4609 4610 4611 4612
401,693 694 695 696 697 4611 4612 4613 4614 4615
402,1143 1144 1145 1146 1147 4626 4627 4628 4629 4630
403,111 112 113 114 115 4634 4635 4636 4637 4638
404,1158 1159 1160 1161 1162 4638 4639 4640 4641 4642
405,2041 2042 2043 2044 2045 4661 4662 4663 4664 4665
406,4661 4662 4663 4664 4665 4668 4669 4670 4671 4672
407,2551 2552 2553 2554 2555 4670 4671 4672 4673 4674
408,4666 4667 4668 4669 4670 4673 4674 4675 4676 4677
409,4670 4671 4672 4673 4674 4676 4677 4678 4679 4680
410,4671 4672 4673 4674 4675 4687 4688 4689 4690 4691
411,1131 1132 1133 1134 1135 4693 4694 4695 4696 4697
412,802 803 804 805 806 4493 4494 4495 4496 4497
413,1694 1695 1696 1697 1698 4707 4708 4709 4710 4711
414,3116 3117 3118 3119 3120 4713 4714 4715 4716 4717
415,4708 4709 4710 4711 4712 4720 4721 4722 4723 4724
416,132 133 134 135 136 4725 4726 4727 4728 4729
417,4722 4723 4724 4725 4726 4729 4730 4731 4732 4733
418,4725 4726 4727 4728 4729 4731 4732 4733 4734 4735
419,443 444 445 446 447 4740 4741 4742 4743 4744
420,4570 4571 4572 4573 4574 4743 4744 4745 4746 4747
421,1291 1292 1293 1294 1295 4744 4745 4746 4747 4748
422,1264 1265 1266 1267 1268 4750 4751 4752 4753 4754
423,2942 2943 2944 2945 2946 4755 4756 4757 4758 4759
424,378 379 380 381 382 4763 4764 4765 4766 4767
425,889 890 891 892 893 4769 4770 4771 4772 4773
426,1955 1956 1957 1958 1959 4780 4781 4782 4783 4784
427,1508 1509 1510 1511 1512 4783 4784 4785 4786 4787
428,307 308 309 310 311 4803 4804 4805 4806 4807
429,2357 2358 2359 2360 2361 4812 4813 4814 4815 4816
430,179 180 181 182 183 4815 4816 4817 4818 4819
431,3105 3106 3107 3108 3109 4821 4822 4823 4824 4825
432,3766 3767 3768 3769 3770 4826 4827 4828 4829 4830
433,885 886 887 888 889 4832 4833 4834 4835 4836
434,521 522 523 524 525 4842 4843 4844 4845 4846
435,144 145 146 147 148 4864 4865 4866 4867 4868
436,131 132 133 134 135 4880 4881 4882 4883 4884
437,388 389 390 391 392 394 395 396 397 398
438,592 593 594 595 596 4906 4907 4908 4909 4910
439,119 120 121 122 123 4922 4923 4924 4925 4926
440,41 42 43 44 45 4926 4927 4928 4929 4930
441,41 42 43 44 45 4932 4933 4934 4935 4936
442,4366 4367 4368 4369 4370 4936 4937 4938 4939 4940
443,1017 1018 1019 1020 1021 4946 4947 4948 4949 4950
444,2765 2766 2767 2768 2769 4951 4952 4953 4954 4955
445,342 343 344 345 346 4968 4969 4970 4971 4972
446,1009 1010 1011 1012 1013 4977 4978 4979 4980 4981
447,117 118 119 120 121 4991 4992 4993 4994 4995
448,4989 4990 4991 4992 4993 4997 4998 4999 5000 5001
449,84 85 86 87 88 5003 5004 5005 5006 5007
450,5000 5001 5002 5003 5004 5011 5012 5013 5014 5015
451,305 306 307 308 309 5060 5061 5062 5063 5064
452,123 124 125 126 127 5092 5093 5094 5095 5096
453,4724 4725 4726 4727 4728 5101 5102 5103 5104 5105
454,1512 1513 1514 1515 1516 5114 5115 5116 5117 5118
455,5110 5111 5112 5113 5114 5116 5117 5118 5119 5120
456,970 971 972 973 974 5123 5124 5125 5126 5127
457,5119 5120 5121 5122 5123 5130 5131 5132 5133 5134
458,41 42 43 44 45 5170 5171 5172 5173 5174
459,2709 2710 2711 2712 2713 5183 5184 5185 5186 5187
460,748 749 750 751 752 5186 5187 5188 5189 5190
461,1456 1457 1458 1459 1460 5194 5195 5196 5197 5198
462,2694 2695 2696 2697 2698 5198 5199 5200 5201 5202
463,5193 5194 5195 5196 5197 5203 5204 5205 5206 5207
464,4028 4029 4030 4031 4032 5206 5207 5208 5209 5210
465,1045 1046 1047 1048 1049 5221 5222 5223 5224 5225
466,21 22 23 24 25 5226 5227 5228 5229 5230
467,1735 1736 1737 1738 1739 5233 5234 5235 5236 5237
468,3521 3522 3523 3524 3525 5238 5239 5240 5241 5242
469,5233 5234 5235 5236 5237 5243 5244 5245 5246 5247
470,1114 1115 1116 1117 1118 5249 5250 5251 5252 5253
471,5245 5246 5247 5248 5249 5252 5253 5254 5255 5256
472,673 674 675 676 677 5257 5258 5259 5260 5261
473,1794 1795 1796 1797 1798 5261 5262 5263 5264 5265
474,1376 1377 1378 1379 1380 5266 5267 5268 5269 5270
475,32 33 34 35 36 5282 5283 5284 5285 5286
476,2263 2264 2265 2266 2267 5283 5284 5285 5286 5287
477,1172 1173 1174 1175 1176 5288 5289 5290 5291 5292
478,2825 2826 2827 2828 2829 5297 5298 5299 5300 5301
479,5 6 7 8 9 5312 5313 5314 5315 5316
480,5312 5313 5314 5315 5316 5321 5322 5323 5324 5325
481,462 463 464 465 466 5325 5326 5327 5328 5329
482,1877 1878 1879 1880 1881 5331 5332 5333 5334 5335
483,1974 1975 1976 1977 1978 5335 5336 5337 5338 5339
484,2668 2669 2670 2671 2672 5340 5341 5342 5343 5344
485,3379 3380 3381 3382 3383 5343 5344 5345 5346 5347
486,1528 1529 1530 1531 1532 5345 5346 5347 5348 5349
487,5341 5342 5343 5344 5345 5350 5351 5352 5353 5354
488,571 572 573 574 575 5359 5360 5361 5362 5363
489,431 432 433 434 435 5362 5363 5364 5365 5366
490,621 622 623 624 625 5380 5381 5382 5383 5384
491,2490 2491 2492 2493 2494 5395 5396 5397 5398 5399
492,248 249 250 251 252 5398 5399 5400 5401 5402
493,5394 5395 5396 5397 5398 5400 5401 5402 5403 5404
494,204 205 206 207 208 5401 5402 5403 5404 5405
495,680 681 682 683 684 5403 5404 5405 5406 5407
496,142 143 144 145 146 5409 5410 5411 5412 5413
497,461 462 463 464 465 5412 5413 5414 5415 5416
498,706 707 708 709 710 5421 5422 5423 5424 5425
499,869 870 871 872 873 5428 5429 5430 5431 5432
500,2417 2418 2419 2420 2421 5429 5430 5431 5432 5433
501,422 423 424 425 426 5436 5437 5438 5439 5440
502,1148 1149 1150 1151 1152 5447 5448 5449 5450 5451
503,1821 1822 1823 1824 1825 5451 5452 5453 5454 5455
504,1099 1100 1101 1102 1103 5463 5464 5465 5466 5467
505,986 987 988 989 990 5468 5469 5470 5471 5472
506,283 284 285 286 287 5485 5486 5487 5488 5489
507,3037 3038 3039 3040 3041 5491 5492 5493 5494 5495
508,5487 5488 5489 5490 5491 5495 5496 5497 5498 5499
509,5490 5491 5492 5493 5494 5497 5498 5499 5500 5501
510,3904 3905 3906 3907 3908 5506 5507 5508 5509 5510
511,248 249 250 251 252 5512 5513 5514 5515 5516
512,5508 5509 5510 5511 5512 5517 5518 5519 5520 5521
513,5513 5514 5515 5516 5517 5521 5522 5523 5524 5525
514,460 461 462 463 464 5529 5530 5531 5532 5533
515,1135 1136 1137 1138 1139 5537 5538 5539 5540 5541
516,1227 1228 1229 1230 1231 5549 5550 5551 5552 5553
517,339 340 341 342 343 5559 5560 5561 5562 5563
518,2304 2305 2306 2307 2308 5562 5563 5564 5565 5566
519,4637 4638 4639 4640 4641 5567 5568 5569 5570 5571
520,874 875 876 877 878 5574 5575 5576 5577 5578
521,144 145 146 147 148 5578 5579 5580 5581 5582
522,461 462 463 464 465 5581 5582 5583 5584 5585
523,5577 5578 5579 5580 5581 5584 5585 5586 5587 5588
524,203 204 205 206 207 5592 5593 5594 5595 5596
525,1831 1832 1833 1834 1835 5595 5596 5597 5598 5599
526,896 897 898 899 900 5606 5607 5608 5609 5610
527,927 928 929 930 931 5610 5611 5612 5613 5614
528,223 224 225 226 227 5622 5623 5624 5625 5626
529,5621 5622 5623 5624 5625 5629 5630 5631 5632 5633
530,129 130 131 132 133 5638 5639 5640 5641 5642
531,3709 3710 3711 3712 3713 5300 5301 5302 5303 5304
532,3113 3114 3115 3116 3117 5662 5663 5664 5665 5666
533,5660 5661 5662 5663 5664 5667 5668 5669 5670 5671
534,1768 1769 1770 1771 1772 5672 5673 5674 5675 5676
535,1332 1333 1334 1335 1336 5677 5678 5679 5680 5681
536,172 173 174 175 176 5684 5685 5686 5687 5688
537,637 638 639 640 641 5686 5687 5688 5689 5690
538,1006 1007 1008 1009 1010 5689 5690 5691 5692 5693
539,5686 5687 5688 5689 5690 5698 5699 5700 5701 5702
540,1649 1650 1651 1652 1653 5706 5707 5708 5709 5710
541,564 565 566 567 568 5714 5715 5716 5717 5718
542,681 682 683 684 685 5724 5725 5726 5727 5728
543,318 319 320 321 322 5738 5739 5740 5741 5742
544,2059 2060 2061 2062 2063 5500 5501 5502 5503 5504
545,44 45 46 47 48 5753 5754 5755 5756 5757
546,5230 5231 5232 5233 5234 5760 5761 5762 5763 5764
547,445 446 447 448 449 5770 5771 5772 5773 5774
548,207 208 209 210 211 5775 5776 5777 5778 5779
549,639 640 641 642 643 5783 5784 5785 5786 5787
550,5781 5782 5783 5784 5785 5789 5790 5791 5792 5793
551,3462 3463 3464 3465 3466 5790 5791 5792 5793 5794
552,5786 5787 5788 5789 5790 5793 5794 5795 5796 5797
553,266 267 268 269 270 5802 5803 5804 5805 5806
554,33 34 35 36 37 5830 5831 5832 5833 5834
555,1131 1132 1133 1134 1135 5850 5851 5852 5853 5854
556,2216 2217 2218 2219 2220 5852 5853 5854 5855 5856
557,11 12 13 14 15 5876 5877 5878 5879 5880
558,1170 1171 1172 1173 1174 5887 5888 5889 5890 5891
559,581 582 583 584 585 5892 5893 5894 5895 5896
560,221 222 223 224 225 5895 5896 5897 5898 5899
561,1748 1749 1750 1751 1752 5899 5900 5901 5902 5903
562,627 628 629 630 631 5919 5920 5921 5922 5923
563,5 6 7 8 9 5953 5954 5955 5956 5957
564,415 416 417 418 419 5962 5963 5964 5965 5966
565,757 758 759 760 761 5971 5972 5973 5974 5975
566,244 245 246 247 248 5581 5582 5583 5584 5585
567,275 276 277 278 279 5981 5982 5983 5984 5985
568,1361 1362 1363 1364 1365 5985 5986 5987 5988 5989
569,1291 1292 1293 1294 1295 5995 5996 5997 5998 5999
570,1524 1525 1526 1527 1528 6002 6003 6004 6005 6006
571,41 42 43 44 45 6003 6004 6005 6006 6007
572,6001 6002 6003 6004 6005 6012 6013 6014 6015 6016
573,0 1 2 3 6036 6037 6038 6039 6040
574,41 42 43 44 45 6052 6053 6054 6055 6056
575,1411 1412 1413 1414 1415 6056 6057 6058 6059 6060
576,679 680 681 682 683 6062 6063 6064 6065 6066
577,2128 2129 2130 2131 2132 6065 6066 6067 6068 6069
578,4127 4128 4129 4130 4131 4688 4689 4690 4691 4692
579,6063 6064 6065 6066 6067 6070 6071 6072 6073 6074
580,226 227 228 229 230 6071 6072 6073 6074 6075
581,197 198 199 200 201 6078 6079 6080 6081 6082
582,6075 6076 6077 6078 6079 6083 6084 6085 6086 6087
583,843 844 845 846 847 6084 6085 6086 6087 6088
584,450 451 452 453 454 6094 6095 6096 6097 6098
585,1893 1894 1895 1896 1897 6098 6099 6100 6101 6102
586,6094 6095 6096 6097 6098 6102 6103 6104 6105 6106
587,407 408 409 410 411 6105 6106 6107 6108 6109
588,1233 1234 1235 1236 1237 3557 3558 3559 3560 3561
589,343 344 345 346 347 6117 6118 6119 6120 6121
590,6114 6115 6116 6117 6118 6125 6126 6127 6128 6129
591,0 1 2 3 4 6130 6131 6132 6133 6134
592,1277 1278 1279 1280 1281 6134 6135 6136 6137 6138
593,2675 2676 2677 2678 2679 3939 3940 3941 3942 3943
594,1369 1370 1371 1372 1373 6140 6141 6142 6143 6144
595,3307 3308 3309 3310 3311 4913 4914 4915 4916 4917
596,674 675 676 677 678 6143 6144 6145 6146 6147
597,4453 4454 4455 4456 4457 6146 6147 6148 6149 6150
598,3631 3632 3633 3634 3635 6157 6158 6159 6160 6161
599,6153 6154 6155 6156 6157 6159 6160 6161 6162 6163
600,1248 1249 1250 1251 1252 6170 6171 6172 6173 6174
601,2767 2768 2769 2770 2771 6179 6180 6181 6182 6183
602,394 395 396 397 398 6188 6189 6190 6191 6192
603,0 1 2 3 6201 6202 6203 6204 6205
604,4872 4873 4874 4875 4876 6208 6209 6210 6211 6212
605,0 1 2 3 6222 6223 6224 6225 6226
606,4744 4745 4746 4747 4748 6228 6229 6230 6231 6232
607,136 137 138 139 140 6238 6239 6240 6241 6242
608,297 298 299 300 301 6261 6262 6263 6264 6265
609,2146 2147 2148 2149 2150 5802 5803 5804 5805 5806
610,6263 6264 6265 6266 6267 6270 6271 6272 6273 6274
611,989 990 991 992 993 6272 6273 6274 6275 6276
612,1241 1242 1243 1244 1245 6293 6294 6295 6296 6297
613,619 620 621 622 623 6297 6298 6299 6300 6301
614,1839 1840 1841 1842 1843 6300 6301 6302 6303 6304
615,290 291 292 293 294 6302 6303 6304 6305 6306
616,2216 2217 2218 2219 2220 6305 6306 6307 6308 6309
617,188 189 190 191 192 6317 6318 6319 6320 6321
618,1559 1560 1561 1562 1563 1578 1579 1580 1581 1582
619,305 306 307 308 309 6325 6326 6327 6328 6329
620,631 632 633 634 635 6333 6334 6335 6336 6337
621,639 640 641 642 643 6348 6349 6350 6351 6352
622,6345 6346 6347 6348 6349 6353 6354 6355 6356 6357
623,912 913 914 915 916 6355 6356 6357 6358 6359
624,1006 1007 1008 1009 1010 4597 4598 4599 4600 4601
625,313 314 315 316 317 6359 6360 6361 6362 6363
626,1273 1274 1275 1276 1277 6365 6366 6367 6368 6369
627,177 178 179 180 181 6374 6375 6376 6377 6378
628,1014 1015 1016 1017 1018 2357 2358 2359 2360 2361
629,319 320 321 322 323 6386 6387 6388 6389 6390
630,6383 6384 6385 6386 6387 6393 6394 6395 6396 6397
631,1171 1172 1173 1174 1175 6400 6401 6402 6403 6404
632,419 420 421 422 423 6409 6410 6411 6412 6413
633,1524 1525 1526 1527 1528 6417 6418 6419 6420 6421
634,472 473 474 475 476 6431 6432 6433 6434 6435
635,6359 6360 6361 6362 6363 6433 6434 6435 6436 6437
636,144 145 146 147 148 6434 6435 6436 6437 6438
637,138 139 140 141 142 6444 6445 6446 6447 6448
638,5444 5445 5446 5447 5448 6448 6449 6450 6451 6452
639,6443 6444 6445 6446 6447 6463 6464 6465 6466 6467
640,343 344 345 346 347 6468 6469 6470 6471 6472
641,453 454 455 456 457 6472 6473 6474 6475 6476
642,45 46 47 48 49 6475 6476 6477 6478 6479
643,337 338 339 340 341 6510 6511 6512 6513 6514
644,113 114 115 116 117 6532 6533 6534 6535 6536
645,6529 6530 6531 6532 6533 6535 6536 6537 6538 6539
646,225 226 227 228 229 6546 6547 6548 6549 6550
647,4352 4353 4354 4355 4356 6550 6551 6552 6553 6554
648,1352 1353 1354 1355 1356 6557 6558 6559 6560 6561
649,700 701 702 703 704 6567 6568 6569 6570 6571
650,2 3 4 5 6 6569 6570 6571 6572 6573
651,6564 6565 6566 6567 6568 6573 6574 6575 6576 6577
652,2440 2441 2442 2443 2444 6580 6581 6582 6583 6584
653,2008 2009 2010 2011 2012 6585 6586 6587 6588 6589
654,415 416 417 418 419 6591 6592 6593 6594 6595
655,759 760 761 762 763 3944 3945 3946 3947 3948
656,767 768 769 770 771 6596 6597 6598 6599 6600
657,426 427 428 429 430 6599 6600 6601 6602 6603
658,2162 2163 2164 2165 2166 6603 6604 6605 6606 6607
659,394 395 396 397 398 6623 6624 6625 6626 6627
660,1105 1106 1107 1108 1109 6633 6634 6635 6636 6637
661,138 139 140 141 142 6645 6646 6647 6648 6649
662,3647 3648 3649 3650 3651 6668 6669 6670 6671 6672
663,4363 4364 4365 4366 4367 6670 6671 6672 6673 6674
664,37 38 39 40 41 6682 6683 6684 6685 6686
665,336 337 338 339 340 6687 6688 6689 6690 6691
666,590 591 592 593 594 6691 6692 6693 6694 6695
667,244 245 246 247 248 6698 6699 6700 6701 6702
668,3349 3350 3351 3352 3353 6703 6704 6705 6706 6707
669,2865 2866 2867 2868 2869 6705 6706 6707 6708 6709
670,549 550 551 552 553 6726 6727 6728 6729 6730
671,4590 4591 4592 4593 4594 6730 6731 6732 6733 6734
672,945 946 947 948 949 6733 6734 6735 6736 6737
673,1010 1011 1012 1013 1014 6741 6742 6743 6744 6745
674,6738 6739 6740 6741 6742 6745 6746 6747 6748 6749
675,6740 6741 6742 6743 6744 6748 6749 6750 6751 6752
676,99 100 101 102 103 6750 6751 6752 6753 6754
677,627 628 629 630 631 6752 6753 6754 6755 6756
678,4766 4767 4768 4769 4770 6755 6756 6757 6758 6759
679,2966 2967 2968 2969 2970 6762 6763 6764 6765 6766
680,746 747 748 749 750 6767 6768 6769 6770 6771
681,929 930 931 932 933 6775 6776 6777 6778 6779
682,2977 2978 2979 2980 2981 6784 6785 6786 6787 6788
683,1123 1124 1125 1126 1127 6791 6792 6793 6794 6795
684,2800 2801 2802 2803 2804 6799 6800 6801 6802 6803
685,1424 1425 1426 1427 1428 6803 6804 6805 6806 6807
686,2991 2992 2993 2994 2995 6812 6813 6814 6815 6816
687,6692 6693 6694 6695 6696 6814 6815 6816 6817 6818
688,944 945 946 947 948 6817 6818 6819 6820 6821
689,1864 1865 1866 1867 1868 6820 6821 6822 6823 6824
690,526 527 528 529 530 6821 6822 6823 6824 6825
691,128 129 130 131 132 6826 6827 6828 6829 6830
692,439 440 441 442 443 6833 6834 6835 6836 6837
693,558 559 560 561 562 6840 6841 6842 6843 6844
694,6835 6836 6837 6838 6839 6847 6848 6849 6850 6851
695,6359 6360 6361 6362 6363 6848 6849 6850 6851 6852
696,818 819 820 821 822 6852 6853 6854 6855 6856
697,415 416 417 418 419 6854 6855 6856 6857 6858
698,584 585 586 587 588 6863 6864 6865 6866 6867
699,399 400 401 402 403 6868 6869 6870 6871 6872
700,181 182 183 184 185 6879 6880 6881 6882 6883
701,3180 3181 3182 3183 3184 6677 6678 6679 6680 6681
702,6878 6879 6880 6881 6882 6886 6887 6888 6889 6890
703,4 5 6 7 8 6912 6913 6914 6915 6916
704,689 690 691 692 693 6920 6921 6922 6923 6924
705,6916 6917 6918 6919 6920 6923 6924 6925 6926 6927
706,114 115 116 117 118 6929 6930 6931 6932 6933
707,202 203 204 205 206 6939 6940 6941 6942 6943
708,5595 5596 5597 5598 5599 6952 6953 6954 6955 6956
709,491 492 493 494 495 6968 6969 6970 6971 6972
710,122 123 124 125 126 6988 6989 6990 6991 6992
711,1524 1525 1526 1527 1528 6990 6991 6992 6993 6994
712,4510 4511 4512 4513 4514 6994 6995 6996 6997 6998
713,5189 5190 5191 5192 5193 6996 6997 6998 6999 7000
714,41 42 43 44 45 7005 7006 7007 7008 7009
715,2478 2479 2480 2481 2482 7012 7013 7014 7015 7016
716,7008 7009 7010 7011 7012 7016 7017 7018 7019 7020
717,678 679 680 681 682 7021 7022 7023 7024 7025
718,7018 7019 7020 7021 7022 7036 7037 7038 7039 7040
719,593 594 595 596 597 7043 7044 7045 7046 7047
720,460 461 462 463 464 7045 7046 7047 7048 7049
721,180 181 182 183 184 7049 7050 7051 7052 7053
722,4845 4846 4847 4848 4849 7054 7055 7056 7057 7058
723,551 552 553 554 555 7078 7079 7080 7081 7082
724,220 221 222 223 224 7083 7084 7085 7086 7087
725,7079 7080 7081 7082 7083 7085 7086 7087 7088 7089
726,959 960 961 962 963 7086 7087 7088 7089 7090
727,3583 3584 3585 3586 3587 7088 7089 7090 7091 7092
728,140 141 142 143 144 7090 7091 7092 7093 7094
729,2367 2368 2369 2370 2371 7101 7102 7103 7104 7105
730,1164 1165 1166 1167 1168 7107 7108 7109 7110 7111
731,6191 6192 6193 6194 6195 7111 7112 7113 7114 7115
732,86 87 88 89 90 7128 7129 7130 7131 7132
733,83 84 85 86 87 7139 7140 7141 7142 7143
734,34 35 36 37 38 7140 7141 7142 7143 7144
735,380 381 382 383 384 3812 3813 3814 3815 3816
736,1630 1631 1632 1633 1634 7143 7144 7145 7146 7147
737,245 246 247 248 249 7146 7147 7148 7149 7150
738,428 429 430 431 432 7150 7151 7152 7153 7154
739,238 239 240 241 242 3932 3933 3934 3935 3936
740,2692 2693 2694 2695 2696 7152 7153 7154 7155 7156
741,2120 2121 2122 2123 2124 7160 7161 7162 7163 7164
742,394 395 396 397 398 7172 7173 7174 7175 7176
743,133 134 135 136 137 866 867 868 869 870
744,3450 3451 3452 3453 3454 7177 7178 7179 7180 7181
745,1362 1363 1364 1365 1366 7181 7182 7183 7184 7185
746,1952 1953 1954 1955 1956 7183 7184 7185 7186 7187
747,672 673 674 675 676 7187 7188 7189 7190 7191
748,660 661 662 663 664 7197 7198 7199 7200 7201
749,7194 7195 7196 7197 7198 7201 7202 7203 7204 7205
750,541 542 543 544 545 7202 7203 7204 7205 7206
751,2949 2950 2951 2952 2953 7210 7211 7212 7213 7214
752,323 324 325 326 327 7215 7216 7217 7218 7219
753,2009 2010 2011 2012 2013 7217 7218 7219 7220 7221
754,7214 7215 7216 7217 7218 7220 7221 7222 7223 7224
755,3070 3071 3072 3073 3074 7222 7223 7224 7225 7226
756,7218 7219 7220 7221 7222 7229 7230 7231 7232 7233
757,6298 6299 6300 6301 6302 7231 7232 7233 7234 7235
758,868 869 870 871 872 7234 7235 7236 7237 7238
759,2786 2787 2788 2789 2790 7239 7240 7241 7242 7243
760,777 778 779 780 781 7245 7246 7247 7248 7249
761,2734 2735 2736 2737 2738 7248 7249 7250 7251 7252
762,1868 1869 1870 1871 1872 7251 7252 7253 7254 7255
763,3788 3789 3790 3791 3792 7254 7255 7256 7257 7258
764,1517 1518 1519 1520 1521 7263 7264 7265 7266 7267
765,421 422 423 424 425 7278 7279 7280 7281 7282
766,469 470 471 472 473 7284 7285 7286 7287 7288
767,0 1 2 3 7292 7293 7294 7295 7296
768,1466 1467 1468 1469 1470 7293 7294 7295 7296 7297
769,3 4 5 6 7 7301 7302 7303 7304 7305
770,14 15 16 17 18 7327 7328 7329 7330 7331
771,1340 1341 1342 1343 1344 7335 7336 7337 7338 7339
772,223 224 225 226 227 7339 7340 7341 7342 7343
773,2461 2462 2463 2464 2465 7348 7349 7350 7351 7352
774,7344 7345 7346 7347 7348 7353 7354 7355 7356 7357
775,2138 2139 2140 2141 2142 7358 7359 7360 7361 7362
776,1911 1912 1913 1914 1915 7359 7360 7361 7362 7363
777,479 480 481 482 483 7365 7366 7367 7368 7369
778,32 33 34 35 36 7373 7374 7375 7376 7377
779,523 524 525 526 527 7383 7384 7385 7386 7387
780,200 201 202 203 204 7392 7393 7394 7395 7396
781,2737 2738 2739 2740 2741 7398 7399 7400 7401 7402
782,7396 7397 7398 7399 7400 7403 7404 7405 7406 7407
783,1314 1315 1316 1317 1318 7405 7406 7407 7408 7409
784,679 680 681 682 683 7408 7409 7410 7411 7412
785,222 223 224 225 226 7423 7424 7425 7426 7427
786,1821 1822 1823 1824 1825 7427 7428 7429 7430 7431
787,606 607 608 609 610 7429 7430 7431 7432 7433
788,144 145 146 147 148 7437 7438 7439 7440 7441
789,85 86 87 88 89 7439 7440 7441 7442 7443
790,328 329 330 331 332 7444 7445 7446 7447 7448
791,3184 3185 3186 3187 3188 7448 7449 7450 7451 7452
792,2882 2883 2884 2885 2886 7452 7453 7454 7455 7456
793,3898 3899 3900 3901 3902 7453 7454 7455 7456 7457
794,1512 1513 1514 1515 1516 7456 7457 7458 7459 7460
795,449 450 451 452 453 7464 7465 7466 7467 7468
796,1887 1888 1889 1890 1891 7468 7469 7470 7471 7472
797,1475 1476 1477 1478 1479 7470 7471 7472 7473 7474
798,905 906 907 908 909 7487 7488 7489 7490 7491
799,482 483 484 485 486 7493 7494 7495 7496 7497
800,2701 2702 2703 2704 2705 6672 6673 6674 6675 6676
801,3363 3364 3365 3366 3367 7494 7495 7496 7497 7498
802,230 231 232 233 234 7498 7499 7500 7501 7502
803,3819 3820 3821 3822 3823 7500 7501 7502 7503 7504
804,123 124 125 126 127 7514 7515 7516 7517 7518
805,3846 3847 3848 3849 3850 7522 7523 7524 7525 7526
806,28 29 30 31 32 7378 7379 7380 7381 7382
807,3586 3587 3588 3589 3590 7530 7531 7532 7533 7534
808,406 407 408 409 410 7545 7546 7547 7548 7549
809,67 68 69 70 71 7548 7549 7550 7551 7552
810,7543 7544 7545 7546 7547 7551 7552 7553 7554 7555
811,1862 1863 1864 1865 1866 7552 7553 7554 7555 7556
812,1131 1132 1133 1134 1135 7554 7555 7556 7557 7558
813,2662 2663 2664 2665 2666 7566 7567 7568 7569 7570
814,2976 2977 2978 2979 2980 7569 7570 7571 7572 7573
815,190 191 192 193 194 7571 7572 7573 7574 7575
816,5370 5371 5372 5373 5374 7577 7578 7579 7580 7581
817,7572 7573 7574 7575 7576 7581 7582 7583 7584 7585
818,7577 7578 7579 7580 7581 7583 7584 7585 7586 7587
819,1695 1696 1697 1698 1699 7587 7588 7589 7590 7591
820,6797 6798 6799 6800 6801 7611 7612 7613 7614 7615
821,756 757 758 759 760 7612 7613 7614 7615 7616
822,188 189 190 191 192 7619 7620 7621 7622 7623
823,6148 6149 6150 6151 6152 7623 7624 7625 7626 7627
824,7337 7338 7339 7340 7341 7630 7631 7632 7633 7634
825,7626 7627 7628 7629 7630 7634 7635 7636 7637 7638
826,1590 1591 1592 1593 1594 7643 7644 7645 7646 7647
827,143 144 145 146 147 7646 7647 7648 7649 7650
828,1030 1031 1032 1033 1034 7648 7649 7650 7651 7652
829,1850 1851 1852 1853 1854 7652 7653 7654 7655 7656
830,4082 4083 4084 4085 4086 7655 7656 7657 7658 7659
831,1411 1412 1413 1414 1415 7659 7660 7661 7662 7663
832,214 215 216 217 218 6964 6965 6966 6967 6968
833,1935 1936 1937 1938 1939 7668 7669 7670 7671 7672
834,1370 1371 1372 1373 1374 7669 7670 7671 7672 7673
835,662 663 664 665 666 7683 7684 7685 7686 7687
836,1735 1736 1737 1738 1739 7688 7689 7690 7691 7692
837,643 644 645 646 647 7689 7690 7691 7692 7693
838,4127 4128 4129 4130 4131 4688 4689 4690 4691 4692
839,997 998 999 1000 1001 1863 1864 1865 1866 1867
840,7685 7686 7687 7688 7689 7691 7692 7693 7694 7695
841,7687 7688 7689 7690 7691 7694 7695 7696 7697 7698
842,4277 4278 4279 4280 4281 7696 7697 7698 7699 7700
843,144 145 146 147 148 7698 7699 7700 7701 7702
844,276 277 278 279 280 7701 7702 7703 7704 7705
845,743 744 745 746 747 6800 6801 6802 6803 6804
846,1 2 3 4 5 7703 7704 7705 7706 7707
847,5758 5759 5760 5761 5762 7711 7712 7713 7714 7715
848,4723 4724 4725 4726 4727 7716 7717 7718 7719 7720
849,461 462 463 464 465 7720 7721 7722 7723 7724
850,581 582 583 584 585 2416 2417 2418 2419 2420
851,1224 1225 1226 1227 1228 7725 7726 7727 7728 7729
852,149 150 151 152 153 7735 7736 7737 7738 7739
853,775 776 777 778 779 7738 7739 7740 7741 7742
854,1980 1981 1982 1983 1984 7747 7748 7749 7750 7751
855,7744 7745 7746 7747 7748 7753 7754 7755 7756 7757
856,7748 7749 7750 7751 7752 7757 7758 7759 7760 7761
857,380 381 382 383 384 7766 7767 7768 7769 7770
858,1543 1544 1545 1546 1547 7778 7779 7780 7781 7782
859,7775 7776 7777 7778 7779 7783 7784 7785 7786 7787
860,998 999 1000 1001 1002 7785 7786 7787 7788 7789
861,624 625 626 627 628 7798 7799 7800 7801 7802
862,814 815 816 817 818 7799 7800 7801 7802 7803
863,2723 2724 2725 2726 2727 7804 7805 7806 7807 7808
864,1799 1800 1801 1802 1803 6750 6751 6752 6753 6754
865,7160 7161 7162 7163 7164 7808 7809 7810 7811 7812
866,682 683 684 685 686 7815 7816 7817 7818 7819
867,1856 1857 1858 1859 1860 7819 7820 7821 7822 7823
868,137 138 139 140 141 7822 7823 7824 7825 7826
869,1950 1951 1952 1953 1954 7825 7826 7827 7828 7829
870,7821 7822 7823 7824 7825 7829 7830 7831 7832 7833
871,6401 6402 6403 6404 6405 7830 7831 7832 7833 7834
872,209 210 211 212 213 7836 7837 7838 7839 7840
873,497 498 499 500 501 7850 7851 7852 7853 7854
874,7845 7846 7847 7848 7849 7851 7852 7853 7854 7855
875,580 581 582 583 584 7865 7866 7867 7868 7869
876,3120 3121 3122 3123 3124 7875 7876 7877 7878 7879
877,4856 4857 4858 4859 4860 7877 7878 7879 7880 7881
878,567 568 569 570 571 7895 7896 7897 7898 7899
879,1051 1052 1053 1054 1055 7043 7044 7045 7046 7047
880,0 1 2 3 4 7910 7911 7912 7913 7914
881,1396 1397 1398 1399 1400 7914 7915 7916 7917 7918
882,3903 3904 3905 3906 3907 7918 7919 7920 7921 7922
883,172 173 174 175 176 7924 7925 7926 7927 7928
884,996 997 998 999 1000 7095 7096 7097 7098 7099
885,1043 1044 1045 1046 1047 7928 7929 7930 7931 7932
886,831 832 833 834 835 7931 7932 7933 7934 7935
887,3083 3084 3085 3086 3087 6086 6087 6088 6089 6090
888,1103 1104 1105 1106 1107 7949 7950 7951 7952 7953
889,571 572 573 574 575 7954 7955 7956 7957 7958
890,458 459 460 461 462 7955 7956 7957 7958 7959
891,755 756 757 758 759 7960 7961 7962 7963 7964
892,1602 1603 1604 1605 1606 7964 7965 7966 7967 7968
893,235 236 237 238 239 7967 7968 7969 7970 7971
894,775 776 777 778 779 7969 7970 7971 7972 7973
895,137 138 139 140 141 7974 7975 7976 7977 7978
896,3816 3817 3818 3819 3820 7979 7980 7981 7982 7983
897,3396 3397 3398 3399 3400 7985 7986 7987 7988 7989
898,7980 7981 7982 7983 7984 7986 7987 7988 7989 7990
899,225 226 227 228 229 7988 7989 7990 7991 7992
900,2064 2065 2066 2067 2068 7994 7995 7996 7997 7998
901,292 293 294 295 296 2024 2025 2026 2027 2028
902,3463 3464 3465 3466 3467 7998 7999 8000 8001 8002
903,2167 2168 2169 2170 2171 8005 8006 8007 8008 8009
904,656 657 658 659 660 8040 8041 8042 8043 8044
905,806 807 808 809 810 8047 8048 8049 8050 8051
906,107 108 109 110 111 8054 8055 8056 8057 8058
907,8016 8017 8018 8019 8020 8056 8057 8058 8059 8060
908,2555 2556 2557 2558 2559 8059 8060 8061 8062 8063
909,8055 8056 8057 8058 8059 8061 8062 8063 8064 8065
910,2255 2256 2257 2258 2259 8071 8072 8073 8074 8075
911,6272 6273 6274 6275 6276 8073 8074 8075 8076 8077
912,805 806 807 808 809 8074 8075 8076 8077 8078
913,59 60 61 62 63 2749 2750 2751 2752 2753
914,5629 5630 5631 5632 5633 8076 8077 8078 8079 8080
915,2741 2742 2743 2744 2745 8085 8086 8087 8088 8089
916,8 9 10 11 12 8103 8104 8105 8106 8107
917,1864 1865 1866 1867 1868 8108 8109 8110 8111 8112
918,8103 8104 8105 8106 8107 8111 8112 8113 8114 8115
919,278 279 280 281 282 8138 8139 8140 8141 8142
920,3495 3496 3497 3498 3499 8147 8148 8149 8150 8151
921,8142 8143 8144 8145 8146 8149 8150 8151 8152 8153
922,390 391 392 393 394 8167 8168 8169 8170 8171
923,4379 4380 4381 4382 4383 5413 5414 5415 5416 5417
924,265 266 267 268 269 8179 8180 8181 8182 8183
925,301 302 303 304 305 8182 8183 8184 8185 8186
926,682 683 684 685 686 8188 8189 8190 8191 8192
927,18 19 20 21 22 8191 8192 8193 8194 8195
928,1201 1202 1203 1204 1205 8192 8193 8194 8195 8196
929,200 201 202 203 204 8202 8203 8204 8205 8206
930,269 270 271 272 273 8210 8211 8212 8213 8214
931,8205 8206 8207 8208 8209 8211 8212 8213 8214 8215
932,2657 2658 2659 2660 2661 8216 8217 8218 8219 8220
933,5384 5385 5386 5387 5388 8218 8219 8220 8221 8222
934,471 472 473 474 475 8220 8221 8222 8223 8224
935,1638 1639 1640 1641 1642 8226 8227 8228 8229 8230
936,3104 3105 3106 3107 3108 8227 8228 8229 8230 8231
937,616 617 618 619 620 8238 8239 8240 8241 8242
938,2442 2443 2444 2445 2446 8241 8242 8243 8244 8245
939,3521 3522 3523 3524 3525 8243 8244 8245 8246 8247
940,1078 1079 1080 1081 1082 1688 1689 1690 1691 1692
941,44 45 46 47 48 3252 3253 3254 3255 3256
942,2181 2182 2183 2184 2185 8249 8250 8251 8252 8253
943,687 688 689 690 691 8251 8252 8253 8254 8255
944,1107 1108 1109 1110 1111 8252 8253 8254 8255 8256
945,3402 3403 3404 3405 3406 8256 8257 8258 8259 8260
946,673 674 675 676 677 8260 8261 8262 8263 8264
947,8257 8258 8259 8260 8261 8263 8264 8265 8266 8267
948,2293 2294 2295 2296 2297 8265 8266 8267 8268 8269
949,180 181 182 183 184 8297 8298 8299 8300 8301
950,1988 1989 1990 1991 1992 8302 8303 8304 8305 8306
951,358 359 360 361 362 8308 8309 8310 8311 8312
952,8296 8297 8298 8299 8300 8316 8317 8318 8319 8320
953,4442 4443 4444 4445 4446 8317 8318 8319 8320 8321
954,2856 2857 2858 2859 2860 8320 8321 8322 8323 8324
955,5980 5981 5982 5983 5984 8323 8324 8325 8326 8327
956,1382 1383 1384 1385 1386 8325 8326 8327 8328 8329
957,220 221 222 223 224 8346 8347 8348 8349 8350
958,332 333 334 335 336 8351 8352 8353 8354 8355
959,121 122 123 124 125 8353 8354 8355 8356 8357
960,436 437 438 439 440 8357 8358 8359 8360 8361
961,8352 8353 8354 8355 8356 8361 8362 8363 8364 8365
962,44 45 46 47 48 8363 8364 8365 8366 8367
963,204 205 206 207 208 8366 8367 8368 8369 8370
964,1485 1486 1487 1488 1489 8370 8371 8372 8373 8374
965,377 378 379 380 381 8372 8373 8374 8375 8376
966,8368 8369 8370 8371 8372 8375 8376 8377 8378 8379
967,8370 8371 8372 8373 8374 8376 8377 8378 8379 8380
968,1930 1931 1932 1933 1934 8377 8378 8379 8380 8381
969,947 948 949 950 951 8389 8390 8391 8392 8393
970,4052 4053 4054 4055 4056 8393 8394 8395 8396 8397
971,6764 6765 6766 6767 6768 8396 8397 8398 8399 8400
972,7528 7529 7530 7531 7532 7534 7535 7536 7537 7538
973,4879 4880 4881 4882 4883 7647 7648 7649 7650 7651
974,606 607 608 609 610 612 613 614 615 616
975,573 574 575 576 577 8398 8399 8400 8401 8402
976,8395 8396 8397 8398 8399 8401 8402 8403 8404 8405
977,234 235 236 237 238 8405 8406 8407 8408 8409
978,258 259 260 261 262 8427 8428 8429 8430 8431
979,1851 1852 1853 1854 1855 8431 8432 8433 8434 8435
980,7817 7818 7819 7820 7821 8435 8436 8437 8438 8439
981,8430 8431 8432 8433 8434 8439 8440 8441 8442 8443
982,3789 3790 3791 3792 3793 8440 8441 8442 8443 8444
983,5039 5040 5041 5042 5043 8442 8443 8444 8445 8446
984,1342 1343 1344 1345 1346 8443 8444 8445 8446 8447
985,4408 4409 4410 4411 4412 8444 8445 8446 8447 8448
986,0 1 2 3 8452 8453 8454 8455 8456
987,0 1 2 3 8459 8460 8461 8462 8463
988,29 30 31 32 33 8476 8477 8478 8479 8480
989,4600 4601 4602 4603 4604 8479 8480 8481 8482 8483
990,1870 1871 1872 1873 1874 3812 3813 3814 3815 3816
991,1442 1443 1444 1445 1446 8481 8482 8483 8484 8485
992,421 422 423 424 425 8485 8486 8487 8488 8489
993,2828 2829 2830 2831 2832 8490 8491 8492 8493 8494
994,2468 2469 2470 2471 2472 5387 5388 5389 5390 5391
995,204 205 206 207 208 8499 8500 8501 8502 8503
996,66 67 68 69 70 8506 8507 8508 8509 8510
997,523 524 525 526 527 8508 8509 8510 8511 8512
998,8505 8506 8507 8508 8509 8512 8513 8514 8515 8516
999,1107 1108 1109 1110 1111 8513 8514 8515 8516 8517
1000,5158 5159 5160 5161 5162 8515 8516 8517 8518 8519
1001,1436 1437 1438 1439 1440 8517 8518 8519 8520 8521
1002,1872 1873 1874 1875 1876 8520 8521 8522 8523 8524
1003,164 165 166 167 168 8523 8524 8525 8526 8527
1004,685 686 687 688 689 8524 8525 8526 8527 8528
1005,5993 5994 5995 5996 5997 8527 8528 8529 8530 8531
1006,921 922 923 924 925 8530 8531 8532 8533 8534
1007,699 700 701 702 703 8531 8532 8533 8534 8535
1008,2062 2063 2064 2065 2066 8534 8535 8536 8537 8538
1009,1232 1233 1234 1235 1236 8535 8536 8537 8538 8539
1010,1006 1007 1008 1009 1010 8542 8543 8544 8545 8546
1011,7 8 9 10 11 8546 8547 8548 8549 8550
1012,196 197 198 199 200 8558 8559 8560 8561 8562
1013,693 694 695 696 697 4471 4472 4473 4474 4475
1014,69 70 71 72 73 8563 8564 8565 8566 8567
1015,554 555 556 557 558 8574 8575 8576 8577 8578
1016,41 42 43 44 45 8589 8590 8591 8592 8593
1017,5908 5909 5910 5911 5912 8279 8280 8281 8282 8283
1018,5829 5830 5831 5832 5833 8453 8454 8455 8456 8457
1019,300 301 302 303 304 8604 8605 8606 8607 8608
1020,272 273 274 275 276 8617 8618 8619 8620 8621
1021,4180 4181 4182 4183 4184 8623 8624 8625 8626 8627
1022,1023 1024 1025 1026 1027 8638 8639 8640 8641 8642
1023,2237 2238 2239 2240 2241 8640 8641 8642 8643 8644
1024,4697 4698 4699 4700 4701 8644 8645 8646 8647 8648
1025,1349 1350 1351 1352 1353 3080 3081 3082 3083 3084
1026,1698 1699 1700 1701 1702 8647 8648 8649 8650 8651
1027,3033 3034 3035 3036 3037 8651 8652 8653 8654 8655
1028,138 139 140 141 142 8658 8659 8660 8661 8662
1029,158 159 160 161 162 8663 8664 8665 8666 8667
1030,2555 2556 2557 2558 2559 5028 5029 5030 5031 5032
1031,19 20 21 22 23 8665 8666 8667 8668 8669
1032,589 590 591 592 593 8669 8670 8671 8672 8673
1033,236 237 238 239 240 8674 8675 8676 8677 8678
1034,2341 2342 2343 2344 2345 8676 8677 8678 8679 8680
1035,6723 6724 6725 6726 6727 8678 8679 8680 8681 8682
1036,1595 1596 1597 1598 1599 8679 8680 8681 8682 8683
1037,3853 3854 3855 3856 3857 8688 8689 8690 8691 8692
1038,223 224 225 226 227 8690 8691 8692 8693 8694
1039,682 683 684 685 686 8694 8695 8696 8697 8698
1040,358 359 360 361 362 8699 8700 8701 8702 8703
1041,4653 4654 4655 4656 4657 8703 8704 8705 8706 8707
1042,171 172 173 174 175 8705 8706 8707 8708 8709
1043,2582 2583 2584 2585 2586 8706 8707 8708 8709 8710
1044,8701 8702 8703 8704 8705 8709 8710 8711 8712 8713
1045,8704 8705 8706 8707 8708 8712 8713 8714 8715 8716
1046,134 135 136 137 138 8718 8719 8720 8721 8722
1047,41 42 43 44 45 8725 8726 8727 8728 8729
1048,8720 8721 8722 8723 8724 8726 8727 8728 8729 8730
1049,400 401 402 403 404 8730 8731 8732 8733 8734
1050,0 1 2 3 6795 6796 6797 6798 6799
1051,1732 1733 1734 1735 1736 8740 8741 8742 8743 8744
1052,794 795 796 797 798 8746 8747 8748 8749 8750
1053,1399 1400 1401 1402 1403 8749 8750 8751 8752 8753
1054,1075 1076 1077 1078 1079 8755 8756 8757 8758 8759
1055,4731 4732 4733 4734 4735 8758 8759 8760 8761 8762
1056,413 414 415 416 417 8759 8760 8761 8762 8763
1057,1735 1736 1737 1738 1739 8761 8762 8763 8764 8765
1058,458 459 460 461 462 8769 8770 8771 8772 8773
1059,8765 8766 8767 8768 8769 8775 8776 8777 8778 8779
1060,179 180 181 182 183 8776 8777 8778 8779 8780
1061,7957 7958 7959 7960 7961 8780 8781 8782 8783 8784
1062,8775 8776 8777 8778 8779 8781 8782 8783 8784 8785
1063,144 145 146 147 148 8784 8785 8786 8787 8788
1064,6495 6496 6497 6498 6499 8787 8788 8789 8790 8791
1065,1891 1892 1893 1894 1895 8789 8790 8791 8792 8793
1066,752 753 754 755 756 8792 8793 8794 8795 8796
1067,76 77 78 79 80 8802 8803 8804 8805 8806
1068,2811 2812 2813 2814 2815 8812 8813 8814 8815 8816
1069,1656 1657 1658 1659 1660 8816 8817 8818 8819 8820
1070,764 765 766 767 768 8817 8818 8819 8820 8821
1071,2954 2955 2956 2957 2958 8818 8819 8820 8821 8822
1072,483 484 485 486 487 8819 8820 8821 8822 8823
1073,905 906 907 908 909 5884 5885 5886 5887 5888
1074,3579 3580 3581 3582 3583 8824 8825 8826 8827 8828
1075,2010 2011 2012 2013 2014 8826 8827 8828 8829 8830
1076,399 400 401 402 403 8836 8837 8838 8839 8840
1077,727 728 729 730 731 8837 8838 8839 8840 8841
1078,5260 5261 5262 5263 5264 8844 8845 8846 8847 8848
1079,606 607 608 609 610 8847 8848 8849 8850 8851
1080,1704 1705 1706 1707 1708 8850 8851 8852 8853 8854
1081,243 244 245 246 247 8852 8853 8854 8855 8856
1082,7329 7330 7331 7332 7333 8665 8666 8667 8668 8669
1083,409 410 411 412 413 8861 8862 8863 8864 8865
1084,447 448 449 450 451 8866 8867 8868 8869 8870
1085,187 188 189 190 191 8870 8871 8872 8873 8874
1086,606 607 608 609 610 8875 8876 8877 8878 8879
1087,136 137 138 139 140 8880 8881 8882 8883 8884
1088,4847 4848 4849 4850 4851 8883 8884 8885 8886 8887
1089,8879 8880 8881 8882 8883 8888 8889 8890 8891 8892
1090,143 144 145 146 147 8897 8898 8899 8900 8901
1091,1889 1890 1891 1892 1893 8902 8903 8904 8905 8906
1092,1527 1528 1529 1530 1531 8908 8909 8910 8911 8912
1093,8903 8904 8905 8906 8907 8913 8914 8915 8916 8917
1094,317 318 319 320 321 8933 8934 8935 8936 8937
1095,144 145 146 147 148 8956 8957 8958 8959 8960
1096,580 581 582 583 584 8964 8965 8966 8967 8968
1097,1186 1187 1188 1189 1190 8970 8971 8972 8973 8974
1098,412 413 414 415 416 8975 8976 8977 8978 8979
1099,2595 2596 2597 2598 2599 8978 8979 8980 8981 8982
1100,4189 4190 4191 4192 4193 4239 4240 4241 4242 4243
1101,1312 1313 1314 1315 1316 8983 8984 8985 8986 8987
1102,5853 5854 5855 5856 5857 8985 8986 8987 8988 8989
1103,239 240 241 242 243 8991 8992 8993 8994 8995
1104,2804 2805 2806 2807 2808 8995 8996 8997 8998 8999
1105,175 176 177 178 179 8996 8997 8998 8999 9000
1106,6 7 8 9 10 9025 9026 9027 9028 9029
1107,663 664 665 666 667 9044 9045 9046 9047 9048
1108,1734 1735 1736 1737 1738 9045 9046 9047 9048 9049
1109,222 223 224 225 226 9046 9047 9048 9049 9050
1110,2222 2223 2224 2225 2226 9051 9052 9053 9054 9055
1111,128 129 130 131 132 9056 9057 9058 9059 9060
1112,9054 9055 9056 9057 9058 9061 9062 9063 9064 9065
1113,123 124 125 126 127 9070 9071 9072 9073 9074
1114,1315 1316 1317 1318 1319 4061 4062 4063 4064 4065
1115,683 684 685 686 687 9073 9074 9075 9076 9077
1116,8705 8706 8707 8708 8709 9076 9077 9078 9079 9080
1117,1291 1292 1293 1294 1295 8350 8351 8352 8353 8354
1118,1531 1532 1533 1534 1535 9080 9081 9082 9083 9084
1119,2299 2300 2301 2302 2303 9083 9084 9085 9086 9087
1120,907 908 909 910 911 9085 9086 9087 9088 9089
1121,417 418 419 420 421 9097 9098 9099 9100 9101
1122,7551 7552 7553 7554 7555 9102 9103 9104 9105 9106
1123,571 572 573 574 575 9104 9105 9106 9107 9108
1124,40 41 42 43 44 9120 9121 9122 9123 9124
1125,554 555 556 557 558 9123 9124 9125 9126 9127
1126,699 700 701 702 703 9125 9126 9127 9128 9129
1127,1942 1943 1944 1945 1946 9129 9130 9131 9132 9133
1128,2043 2044 2045 2046 2047 9135 9136 9137 9138 9139
1129,7648 7649 7650 7651 7652 9139 9140 9141 9142 9143
1130,1058 1059 1060 1061 1062 9142 9143 9144 9145 9146
1131,620 621 622 623 624 9145 9146 9147 9148 9149
1132,9140 9141 9142 9143 9144 9147 9148 9149 9150 9151
1133,104 105 106 107 108 9151 9152 9153 9154 9155
1134,5 6 7 8 9 9167 9168 9169 9170 9171
1135,9167 9168 9169 9170 9171 9175 9176 9177 9178 9179
1136,429 430 431 432 433 9180 9181 9182 9183 9184
1137,1394 1395 1396 1397 1398 9188 9189 9190 9191 9192
1138,607 608 609 610 611 2477 2478 2479 2480 2481
1139,226 227 228 229 230 9191 9192 9193 9194 9195
1140,1007 1008 1009 1010 1011 9195 9196 9197 9198 9199
1141,36 37 38 39 40 9221 9222 9223 9224 9225
1142,5334 5335 5336 5337 5338 9233 9234 9235 9236 9237
1143,2373 2374 2375 2376 2377 9238 9239 9240 9241 9242
1144,2976 2977 2978 2979 2980 9239 9240 9241 9242 9243
1145,2851 2852 2853 2854 2855 4206 4207 4208 4209 4210
1146,41 42 43 44 45 9251 9252 9253 9254 9255
1147,3423 3424 3425 3426 3427 9257 9258 9259 9260 9261
1148,9252 9253 9254 9255 9256 9258 9259 9260 9261 9262
1149,0 1 2 3 9272 9273 9274 9275 9276
1150,197 198 199 200 201 9279 9280 9281 9282 9283
1151,149 150 151 152 153 9285 9286 9287 9288 9289
1152,1128 1129 1130 1131 1132 9289 9290 9291 9292 9293
1153,4043 4044 4045 4046 4047 9292 9293 9294 9295 9296
1154,425 426 427 428 429 9296 9297 9298 9299 9300
1155,32 33 34 35 36 9317 9318 9319 9320 9321
1156,59 60 61 62 63 9322 9323 9324 9325 9326
1157,580 581 582 583 584 9328 9329 9330 9331 9332
1158,1450 1451 1452 1453 1454 9337 9338 9339 9340 9341
1159,53 54 55 56 57 9362 9363 9364 9365 9366
1160,2590 2591 2592 2593 2594 9368 9369 9370 9371 9372
1161,9363 9364 9365 9366 9367 9370 9371 9372 9373 9374
1162,3853 3854 3855 3856 3857 9372 9373 9374 9375 9376
1163,330 331 332 333 334 9376 9377 9378 9379 9380
1164,2836 2837 2838 2839 2840 9388 9389 9390 9391 9392
1165,3050 3051 3052 3053 3054 7717 7718 7719 7720 7721
1166,236 237 238 239 240 9391 9392 9393 9394 9395
1167,1114 1115 1116 1117 1118 9396 9397 9398 9399 9400
1168,2333 2334 2335 2336 2337 9398 9399 9400 9401 9402
1169,109 110 111 112 113 9402 9403 9404 9405 9406
1170,7205 7206 7207 7208 7209 9403 9404 9405 9406 9407
1171,2627 2628 2629 2630 2631 9405 9406 9407 9408 9409
1172,2004 2005 2006 2007 2008 9423 9424 9425 9426 9427
1173,5436 5437 5438 5439 5440 9424 9425 9426 9427 9428
1174,1199 1200 1201 1202 1203 9425 9426 9427 9428 9429
1175,140 141 142 143 144 3519 3520 3521 3522 3523
1176,2579 2580 2581 2582 2583 9429 9430 9431 9432 9433
1177,1266 1267 1268 1269 1270 9431 9432 9433 9434 9435
1178,7081 7082 7083 7084 7085 9435 9436 9437 9438 9439
1179,246 247 248 249 250 8720 8721 8722 8723 8724
1180,959 960 961 962 963 9442 9443 9444 9445 9446
1181,1681 1682 1683 1684 1685 9447 9448 9449 9450 9451
1182,1276 1277 1278 1279 1280 9449 9450 9451 9452 9453
1183,3485 3486 3487 3488 3489 9456 9457 9458 9459 9460
1184,404 405 406 407 408 8706 8707 8708 8709 8710
1185,144 145 146 147 148 170 171 172 173 174
1186,538 539 540 541 542 9459 9460 9461 9462 9463
1187,9455 9456 9457 9458 9459 9461 9462 9463 9464 9465
1188,924 925 926 927 928 9466 9467 9468 9469 9470
1189,33 34 35 36 37 9479 9480 9481 9482 9483
1190,328 329 330 331 332 9487 9488 9489 9490 9491
1191,333 334 335 336 337 9496 9497 9498 9499 9500
1192,1159 1160 1161 1162 1163 9500 9501 9502 9503 9504
1193,232 233 234 235 236 9510 9511 9512 9513 9514
1194,1873 1874 1875 1876 1877 9511 9512 9513 9514 9515
1195,1805 1806 1807 1808 1809 8138 8139 8140 8141 8142
1196,9507 9508 9509 9510 9511 9513 9514 9515 9516 9517
1197,2976 2977 2978 2979 2980 9517 9518 9519 9520 9521
1198,1462 1463 1464 1465 1466 9518 9519 9520 9521 9522
1199,174 175 176 177 178 9527 9528 9529 9530 9531
1200,780 781 782 783 784 9531 9532 9533 9534 9535
1201,141 142 143 144 145 9533 9534 9535 9536 9537
1202,2238 2239 2240 2241 2242 9534 9535 9536 9537 9538
1203,397 398 399 400 401 9540 9541 9542 9543 9544
1204,770 771 772 773 774 3192 3193 3194 3195 3196
1205,45 46 47 48 49 8676 8677 8678 8679 8680
1206,426 427 428 429 430 9544 9545 9546 9547 9548
1207,866 867 868 869 870 9547 9548 9549 9550 9551
1208,1353 1354 1355 1356 1357 9554 9555 9556 9557 9558
1209,1110 1111 1112 1113 1114 9556 9557 9558 9559 9560
1210,4589 4590 4591 4592 4593 9561 9562 9563 9564 9565
1211,317 318 319 320 321 9565 9566 9567 9568 9569
1212,164 165 166 167 168 9576 9577 9578 9579 9580
1213,1148 1149 1150 1151 1152 5690 5691 5692 5693 5694
1214,134 135 136 137 138 2765 2766 2767 2768 2769
1215,22 23 24 25 26 9588 9589 9590 9591 9592
1216,418 419 420 421 422 9593 9594 9595 9596 9597
1217,5281 5282 5283 5284 5285 9595 9596 9597 9598 9599
1218,120 121 122 123 124 9596 9597 9598 9599 9600
1219,419 420 421 422 423 9603 9604 9605 9606 9607
1220,34 35 36 37 38 9606 9607 9608 9609 9610
1221,5456 5457 5458 5459 5460 9608 9609 9610 9611 9612
1222,225 226 227 228 229 6020 6021 6022 6023 6024
1223,5659 5660 5661 5662 5663 9612 9613 9614 9615 9616
1224,535 536 537 538 539 9613 9614 9615 9616 9617
1225,84 85 86 87 88 9619 9620 9621 9622 9623
1226,272 273 274 275 276 9624 9625 9626 9627 9628
1227,390 391 392 393 394 9627 9628 9629 9630 9631
1228,390 391 392 393 394 9647 9648 9649 9650 9651
1229,1232 1233 1234 1235 1236 9649 9650 9651 9652 9653
1230,3820 3821 3822 3823 3824 9650 9651 9652 9653 9654
1231,6257 6258 6259 6260 6261 9651 9652 9653 9654 9655
1232,3130 3131 3132 3133 3134 9654 9655 9656 9657 9658
1233,581 582 583 584 585 9657 9658 9659 9660 9661
1234,1066 1067 1068 1069 1070 8397 8398 8399 8400 8401
1235,580 581 582 583 584 9659 9660 9661 9662 9663
1236,5151 5152 5153 5154 5155 9662 9663 9664 9665 9666
1237,1718 1719 1720 1721 1722 9666 9667 9668 9669 9670
1238,9662 9663 9664 9665 9666 9669 9670 9671 9672 9673
1239,83 84 85 86 87 9679 9680 9681 9682 9683
1240,1455 1456 1457 1458 1459 9683 9684 9685 9686 9687
1241,3023 3024 3025 3026 3027 8200 8201 8202 8203 8204
1242,44 45 46 47 48 9689 9690 9691 9692 9693
1243,335 336 337 338 339 9695 9696 9697 9698 9699
1244,3533 3534 3535 3536 3537 9697 9698 9699 9700 9701
1245,1891 1892 1893 1894 1895 6950 6951 6952 6953 6954
1246,12 13 14 15 16 9699 9700 9701 9702 9703
1247,283 284 285 286 287 9711 9712 9713 9714 9715
1248,384 385 386 387 388 9716 9717 9718 9719 9720
1249,134 135 136 137 138 8305 8306 8307 8308 8309
1250,2905 2906 2907 2908 2909 9719 9720 9721 9722 9723
1251,6786 6787 6788 6789 6790 9720 9721 9722 9723 9724
1252,670 671 672 673 674 9745 9746 9747 9748 9749
1253,1153 1154 1155 1156 1157 9758 9759 9760 9761 9762
1254,1904 1905 1906 1907 1908 9764 9765 9766 9767 9768
1255,183 184 185 186 187 9776 9777 9778 9779 9780
1256,919 920 921 922 923 9780 9781 9782 9783 9784
1257,2511 2512 2513 2514 2515 9782 9783 9784 9785 9786
1258,240 241 242 243 244 9789 9790 9791 9792 9793
1259,2479 2480 2481 2482 2483 9110 9111 9112 9113 9114
1260,7520 7521 7522 7523 7524 8376 8377 8378 8379 8380
1261,636 637 638 639 640 9791 9792 9793 9794 9795
1262,399 400 401 402 403 9795 9796 9797 9798 9799
1263,9791 9792 9793 9794 9795 9799 9800 9801 9802 9803
1264,55 56 57 58 59 9801 9802 9803 9804 9805
1265,899 900 901 902 903 9808 9809 9810 9811 9812
1266,755 756 757 758 759 9812 9813 9814 9815 9816
1267,914 915 916 917 918 9815 9816 9817 9818 9819
1268,41 42 43 44 45 7990 7991 7992 7993 7994
1269,126 127 128 129 130 9822 9823 9824 9825 9826
1270,225 226 227 228 229 9827 9828 9829 9830 9831
1271,4119 4120 4121 4122 4123 9831 9832 9833 9834 9835
1272,608 609 610 611 612 9841 9842 9843 9844 9845
1273,568 569 570 571 572 9848 9849 9850 9851 9852
1274,606 607 608 609 610 9850 9851 9852 9853 9854
1275,1006 1007 1008 1009 1010 9853 9854 9855 9856 9857
1276,9850 9851 9852 9853 9854 9857 9858 9859 9860 9861
1277,1180 1181 1182 1183 1184 9876 9877 9878 9879 9880
1278,188 189 190 191 192 9878 9879 9880 9881 9882
1279,1131 1132 1133 1134 1135 5668 5669 5670 5671 5672
1280,1731 1732 1733 1734 1735 9879 9880 9881 9882 9883
1281,933 934 935 936 937 9881 9882 9883 9884 9885
1282,1394 1395 1396 1397 1398 3869 3870 3871 3872 3873
1283,314 315 316 317 318 9882 9883 9884 9885 9886
1284,0 1 2 3 9886 9887 9888 9889 9890
1285,680 681 682 683 684 4234 4235 4236 4237 4238
1286,157 158 159 160 161 9888 9889 9890 9891 9892
1287,41 42 43 44 45 9889 9890 9891 9892 9893
1288,9409 9410 9411 9412 9413 9892 9893 9894 9895 9896
1289,4571 4572 4573 4574 4575 9896 9897 9898 9899 9900
1290,378 379 380 381 382 5276 5277 5278 5279 5280
1291,51 52 53 54 55 9928 9929 9930 9931 9932
1292,309 310 311 312 313 9935 9936 9937 9938 9939
1293,22 23 24 25 26 1240 1241 1242 1243 1244
1294,60 61 62 63 64 9946 9947 9948 9949 9950
1295,8377 8378 8379 8380 8381 9953 9954 9955 9956 9957
1296,3155 3156 3157 3158 3159 9954 9955 9956 9957 9958
1297,458 459 460 461 462 9956 9957 9958 9959 9960
1298,2249 2250 2251 2252 2253 9957 9958 9959 9960 9961
1299,1314 1315 1316 1317 1318 9193 9194 9195 9196 9197
1300,3050 3051 3052 3053 3054 9958 9959 9960 9961 9962
1301,5324 5325 5326 5327 5328 9961 9962 9963 9964 9965
1302,1721 1722 1723 1724 1725 9963 9964 9965 9966 9967
1303,1549 1550 1551 1552 1553 9966 9967 9968 9969 9970
1304,1146 1147 1148 1149 1150 9970 9971 9972 9973 9974
1305,9965 9966 9967 9968 9969 9971 9972 9973 9974 9975
1306,1382 1383 1384 1385 1386 9972 9973 9974 9975 9976
1307,2263 2264 2265 2266 2267 6094 6095 6096 6097 6098
1308,1159 1160 1161 1162 1163 9973 9974 9975 9976 9977
1309,204 205 206 207 208 9988 9989 9990 9991 9992
1310,1083 1084 1085 1086 1087 9994 9995 9996 9997 9998
1311,606 607 608 609 610 9925 9926 9927 9928 9929
1312,54 55 56 57 58 10000 10001 10002 10003 10004
1313,3639 3640 3641 3642 3643 10001 10002 10003 10004 10005
1314,1856 1857 1858 1859 1860 10004 10005 10006 10007 10008
1315,3751 3752 3753 3754 3755 10007 10008 10009 10010 10011
1316,1602 1603 1604 1605 1606 10011 10012 10013 10014 10015
1317,239 240 241 242 243 10013 10014 10015 10016 10017
1318,36 37 38 39 40 10018 10019 10020 10021 10022
1319,248 249 250 251 252 10025 10026 10027 10028 10029
1320,536 537 538 539 540 10027 10028 10029 10030 10031
1321,1671 1672 1673 1674 1675 10034 10035 10036 10037 10038
1322,10030 10031 10032 10033 10034 10036 10037 10038 10039 10040
1323,10031 10032 10033 10034 10035 10040 10041 10042 10043 10044
1324,2811 2812 2813 2814 2815 8809 8810 8811 8812 8813
1325,2650 2651 2652 2653 2654 10045 10046 10047 10048 10049
1326,2452 2453 2454 2455 2456 10046 10047 10048 10049 10050
1327,558 559 560 561 562 10053 10054 10055 10056 10057
1328,3646 3647 3648 3649 3650 10059 10060 10061 10062 10063
1329,4767 4768 4769 4770 4771 10062 10063 10064 10065 10066
1330,243 244 245 246 247 10064 10065 10066 10067 10068
1331,293 294 295 296 297 10066 10067 10068 10069 10070
1332,1187 1188 1189 1190 1191 10067 10068 10069 10070 10071
1333,3078 3079 3080 3081 3082 10076 10077 10078 10079 10080
1334,3546 3547 3548 3549 3550 10078 10079 10080 10081 10082
1335,2657 2658 2659 2660 2661 10085 10086 10087 10088 10089
1336,665 666 667 668 669 10092 10093 10094 10095 10096
1337,3205 3206 3207 3208 3209 10093 10094 10095 10096 10097
1338,259 260 261 262 263 4024 4025 4026 4027 4028
1339,876 877 878 879 880 9428 9429 9430 9431 9432
1340,337 338 339 340 341 10094 10095 10096 10097 10098
1341,1245 1246 1247 1248 1249 10095 10096 10097 10098 10099
1342,6275 6276 6277 6278 6279 10096 10097 10098 10099 10100
1343,4051 4052 4053 4054 4055 8809 8810 8811 8812 8813
1344,6359 6360 6361 6362 6363 10100 10101 10102 10103 10104
1345,5187 5188 5189 5190 5191 10102 10103 10104 10105 10106
1346,194 195 196 197 198 7403 7404 7405 7406 7407
1347,856 857 858 859 860 10112 10113 10114 10115 10116
1348,336 337 338 339 340 10115 10116 10117 10118 10119
1349,96 97 98 99 100 3245 3246 3247 3248 3249
1350,1835 1836 1837 1838 1839 10122 10123 10124 10125 10126
1351,4961 4962 4963 4964 4965 10124 10125 10126 10127 10128
1352,627 628 629 630 631 10127 10128 10129 10130 10131
1353,5201 5202 5203 5204 5205 10132 10133 10134 10135 10136
1354,80 81 82 83 84 10138 10139 10140 10141 10142
1355,860 861 862 863 864 10145 10146 10147 10148 10149
1356,1258 1259 1260 1261 1262 10155 10156 10157 10158 10159
1357,1484 1485 1486 1487 1488 10160 10161 10162 10163 10164
1358,164 165 166 167 168 10167 10168 10169 10170 10171
1359,438 439 440 441 442 6178 6179 6180 6181 6182
1360,1314 1315 1316 1317 1318 7428 7429 7430 7431 7432
1361,126 127 128 129 130 10178 10179 10180 10181 10182
1362,5156 5157 5158 5159 5160 10182 10183 10184 10185 10186
1363,1827 1828 1829 1830 1831 10183 10184 10185 10186 10187
1364,760 761 762 763 764 10184 10185 10186 10187 10188
1365,570 571 572 573 574 10186 10187 10188 10189 10190
1366,7195 7196 7197 7198 7199 10188 10189 10190 10191 10192
1367,1852 1853 1854 1855 1856 10191 10192 10193 10194 10195
1368,996 997 998 999 1000 10193 10194 10195 10196 10197
1369,1360 1361 1362 1363 1364 10198 10199 10200 10201 10202
1370,1703 1704 1705 1706 1707 10200 10201 10202 10203 10204
1371,3600 3601 3602 3603 3604 10204 10205 10206 10207 10208
1372,10200 10201 10202 10203 10204 10206 10207 10208 10209 10210
1373,4325 4326 4327 4328 4329 10208 10209 10210 10211 10212
1374,99 100 101 102 103 10214 10215 10216 10217 10218
1375,1023 1024 1025 1026 1027 10220 10221 10222 10223 10224
1376,10216 10217 10218 10219 10220 10222 10223 10224 10225 10226
1377,999 1000 1001 1002 1003 10224 10225 10226 10227 10228
1378,6349 6350 6351 6352 6353 10226 10227 10228 10229 10230
1379,3298 3299 3300 3301 3302 10229 10230 10231 10232 10233
1380,2984 2985 2986 2987 2988 10230 10231 10232 10233 10234
1381,700 701 702 703 704 10238 10239 10240 10241 10242
1382,7934 7935 7936 7937 7938 10241 10242 10243 10244 10245
1383,318 319 320 321 322 8975 8976 8977 8978 8979
1384,225 226 227 228 229 10244 10245 10246 10247 10248
1385,5042 5043 5044 5045 5046 8960 8961 8962 8963 8964
1386,2415 2416 2417 2418 2419 10245 10246 10247 10248 10249
1387,660 661 662 663 664 10246 10247 10248 10249 10250
1388,1131 1132 1133 1134 1135 10247 10248 10249 10250 10251
1389,660 661 662 663 664 10248 10249 10250 10251 10252
1390,440 441 442 443 444 10249 10250 10251 10252 10253
1391,10245 10246 10247 10248 10249 10253 10254 10255 10256 10257
1392,225 226 227 228 229 10256 10257 10258 10259 10260
1393,406 407 408 409 410 10261 10262 10263 10264 10265
1394,33 34 35 36 37 10265 10266 10267 10268 10269
1395,185 186 187 188 189 10238 10239 10240 10241 10242
1396,102 103 104 105 106 10267 10268 10269 10270 10271
1397,32 33 34 35 36 10268 10269 10270 10271 10272
1398,558 559 560 561 562 10274 10275 10276 10277 10278
1399,117 118 119 120 121 10276 10277 10278 10279 10280
1400,3969 3970 3971 3972 3973 6087 6088 6089 6090 6091
1401,710 711 712 713 714 10281 10282 10283 10284 10285
1402,595 596 597 598 599 10285 10286 10287 10288 10289
1403,10280 10281 10282 10283 10284 10286 10287 10288 10289 10290
1404,204 205 206 207 208 10143 10144 10145 10146 10147
1405,8929 8930 8931 8932 8933 10288 10289 10290 10291 10292
1406,750 751 752 753 754 3812 3813 3814 3815 3816
1407,2069 2070 2071 2072 2073 10290 10291 10292 10293 10294
1408,2100 2101 2102 2103 2104 8602 8603 8604 8605 8606
1409,2412 2413 2414 2415 2416 9284 9285 9286 9287 9288
1410,1875 1876 1877 1878 1879 10293 10294 10295 10296 10297
1411,1342 1343 1344 1345 1346 10295 10296 10297 10298 10299
1412,764 765 766 767 768 10296 10297 10298 10299 10300
1413,462 463 464 465 466 10310 10311 10312 10313 10314
1414,1068 1069 1070 1071 1072 9467 9468 9469 9470 9471
1415,37 38 39 40 41 8960 8961 8962 8963 8964
1416,554 555 556 557 558 4869 4870 4871 4872 4873
1417,690 691 692 693 694 10321 10322 10323 10324 10325
1418,2432 2433 2434 2435 2436 10324 10325 10326 10327 10328
1419,10319 10320 10321 10322 10323 10327 10328 10329 10330 10331
1420,815 816 817 818 819 10330 10331 10332 10333 10334
1421,759 760 761 762 763 3106 3107 3108 3109 3110
1422,97 98 99 100 101 10333 10334 10335 10336 10337
1423,51 52 53 54 55 10340 10341 10342 10343 10344
1424,788 789 790 791 792 2308 2309 2310 2311 2312
1425,7258 7259 7260 7261 7262 10342 10343 10344 10345 10346
1426,3382 3383 3384 3385 3386 3412 3413 3414 3415 3416
1427,712 713 714 715 716 10347 10348 10349 10350 10351
1428,144 145 146 147 148 10348 10349 10350 10351 10352
1429,636 637 638 639 640 10355 10356 10357 10358 10359
1430,6359 6360 6361 6362 6363 9193 9194 9195 9196 9197
1431,435 436 437 438 439 10362 10363 10364 10365 10366
1432,868 869 870 871 872 4386 4387 4388 4389 4390
1433,117 118 119 120 121 10365 10366 10367 10368 10369
1434,1006 1007 1008 1009 1010 10369 10370 10371 10372 10373
1435,148 149 150 151 152 10382 10383 10384 10385 10386
1436,452 453 454 455 456 10388 10389 10390 10391 10392
1437,138 139 140 141 142 10390 10391 10392 10393 10394
1438,461 462 463 464 465 10392 10393 10394 10395 10396
1439,3649 3650 3651 3652 3653 10406 10407 10408 10409 10410
1440,2658 2659 2660 2661 2662 10408 10409 10410 10411 10412
1441,3993 3994 3995 3996 3997 10410 10411 10412 10413 10414
1442,2818 2819 2820 2821 2822 10412 10413 10414 10415 10416
1443,791 792 793 794 795 8949 8950 8951 8952 8953
1444,10407 10408 10409 10410 10411 10414 10415 10416 10417 10418
1445,458 459 460 461 462 10424 10425 10426 10427 10428
1446,1709 1710 1711 1712 1713 10428 10429 10430 10431 10432
1447,9792 9793 9794 9795 9796 10429 10430 10431 10432 10433
1448,2303 2304 2305 2306 2307 4790 4791 4792 4793 4794
1449,483 484 485 486 487 10431 10432 10433 10434 10435
1450,7551 7552 7553 7554 7555 10432 10433 10434 10435 10436
1451,789 790 791 792 793 1987 1988 1989 1990 1991
1452,438 439 440 441 442 10440 10441 10442 10443 10444
1453,3911 3912 3913 3914 3915 10307 10308 10309 10310 10311
1454,8107 8108 8109 8110 8111 10442 10443 10444 10445 10446
1455,2514 2515 2516 2517 2518 7731 7732 7733 7734 7735
1456,7883 7884 7885 7886 7887 10445 10446 10447 10448 10449
1457,10441 10442 10443 10444 10445 10449 10450 10451 10452 10453
1458,12 13 14 15 16 10453 10454 10455 10456 10457
1459,4271 4272 4273 4274 4275 8142 8143 8144 8145 8146
1460,122 123 124 125 126 9265 9266 9267 9268 9269
1461,2433 2434 2435 2436 2437 10458 10459 10460 10461 10462
1462,1342 1343 1344 1345 1346 7150 7151 7152 7153 7154
1463,244 245 246 247 248 2700 2701 2702 2703 2704
1464,1107 1108 1109 1110 1111 4907 4908 4909 4910 4911
1465,334 335 336 337 338 2690 2691 2692 2693 2694
1466,6755 6756 6757 6758 6759 10459 10460 10461 10462 10463
1467,429 430 431 432 433 10461 10462 10463 10464 10465
1468,2216 2217 2218 2219 2220 4349 4350 4351 4352 4353
1469,6358 6359 6360 6361 6362 10462 10463 10464 10465 10466
1470,1096 1097 1098 1099 1100 5503 5504 5505 5506 5507
1471,445 446 447 448 449 10463 10464 10465 10466 10467
1472,6665 6666 6667 6668 6669 10468 10469 10470 10471 10472
1473,138 139 140 141 142 10473 10474 10475 10476 10477
1474,1312 1313 1314 1315 1316 9852 9853 9854 9855 9856
1475,61 62 63 64 65 10480 10481 10482 10483 10484
1476,3064 3065 3066 3067 3068 10482 10483 10484 10485 10486
1477,2514 2515 2516 2517 2518 10483 10484 10485 10486 10487
1478,646 647 648 649 650 10486 10487 10488 10489 10490
1479,3002 3003 3004 3005 3006 3009 3010 3011 3012 3013
1480,4784 4785 4786 4787 4788 10488 10489 10490 10491 10492
1481,1357 1358 1359 1360 1361 10491 10492 10493 10494 10495
1482,10486 10487 10488 10489 10490 10492 10493 10494 10495 10496
1483,1097 1098 1099 1100 1101 10499 10500 10501 10502 10503
1484,48 49 50 51 52 10506 10507 10508 10509 10510
1485,2729 2730 2731 2732 2733 10509 10510 10511 10512 10513
1486,3814 3815 3816 3817 3818 5428 5429 5430 5431 5432
1487,319 320 321 322 323 10516 10517 10518 10519 10520
1488,1011 1012 1013 1014 1015 10522 10523 10524 10525 10526
1489,1655 1656 1657 1658 1659 10523 10524 10525 10526 10527
1490,1527 1528 1529 1530 1531 10526 10527 10528 10529 10530
1491,1512 1513 1514 1515 1516 10237 10238 10239 10240 10241
1492,123 124 125 126 127 10528 10529 10530 10531 10532
1493,6811 6812 6813 6814 6815 10531 10532 10533 10534 10535
1494,1214 1215 1216 1217 1218 10532 10533 10534 10535 10536
1495,137 138 139 140 141 9397 9398 9399 9400 9401
1496,10528 10529 10530 10531 10532 10535 10536 10537 10538 10539
1497,2201 2202 2203 2204 2205 10538 10539 10540 10541 10542
1498,83 84 85 86 87 10543 10544 10545 10546 10547
1499,1012 1013 1014 1015 1016 10431 10432 10433 10434 10435
1500,8977 8978 8979 8980 8981 10356 10357 10358 10359 10360
1501,113 114 115 116 117 10550 10551 10552 10553 10554
1502,9216 9217 9218 9219 9220 10553 10554 10555 10556 10557
1503,2016 2017 2018 2019 2020 10554 10555 10556 10557 10558
1504,1823 1824 1825 1826 1827 10556 10557 10558 10559 10560
1505,1315 1316 1317 1318 1319 6363 6364 6365 6366 6367
1506,1462 1463 1464 1465 1466 10558 10559 10560 10561 10562
1507,1733 1734 1735 1736 1737 10560 10561 10562 10563 10564
1508,223 224 225 226 227 10562 10563 10564 10565 10566
1509,1438 1439 1440 1441 1442 10564 10565 10566 10567 10568
1510,43 44 45 46 47 10566 10567 10568 10569 10570
1511,8699 8700 8701 8702 8703 10568 10569 10570 10571 10572
1512,5866 5867 5868 5869 5870 10571 10572 10573 10574 10575
1513,1475 1476 1477 1478 1479 10573 10574 10575 10576 10577
1514,1819 1820 1821 1822 1823 10579 10580 10581 10582 10583
1515,1515 1516 1517 1518 1519 10580 10581 10582 10583 10584
1516,1576 1577 1578 1579 1580 10584 10585 10586 10587 10588
1517,203 204 205 206 207 8720 8721 8722 8723 8724
1518,4508 4509 4510 4511 4512 10470 10471 10472 10473 10474
1519,409 410 411 412 413 10589 10590 10591 10592 10593
1520,7061 7062 7063 7064 7065 10591 10592 10593 10594 10595
1521,1580 1581 1582 1583 1584 6650 6651 6652 6653 6654
1522,740 741 742 743 744 10592 10593 10594 10595 10596
1523,2279 2280 2281 2282 2283 10594 10595 10596 10597 10598
1524,144 145 146 147 148 10595 10596 10597 10598 10599
1525,613 614 615 616 617 10596 10597 10598 10599 10600
1526,293 294 295 296 297 10601 10602 10603 10604 10605
1527,841 842 843 844 845 9052 9053 9054 9055 9056
1528,3134 3135 3136 3137 3138 10603 10604 10605 10606 10607
1529,10598 10599 10600 10601 10602 10605 10606 10607 10608 10609
1530,331 332 333 334 335 10607 10608 10609 10610 10611
1531,2988 2989 2990 2991 2992 10493 10494 10495 10496 10497
1532,2983 2984 2985 2986 2987 7417 7418 7419 7420 7421
1533,3440 3441 3442 3443 3444 4533 4534 4535 4536 4537
1534,1297 1298 1299 1300 1301 10608 10609 10610 10611 10612
1535,928 929 930 931 932 8926 8927 8928 8929 8930
1536,3833 3834 3835 3836 3837 10611 10612 10613 10614 10615
1537,331 332 333 334 335 10614 10615 10616 10617 10618
1538,5 6 7 8 9 10617 10618 10619 10620 10621
1539,0 1 2 3 10625 10626 10627 10628 10629
1540,2991 2992 2993 2994 2995 10630 10631 10632 10633 10634
1541,41 42 43 44 45 10634 10635 10636 10637 10638
1542,78 79 80 81 82 10636 10637 10638 10639 10640
1543,710 711 712 713 714 10639 10640 10641 10642 10643
1544,1312 1313 1314 1315 1316 10073 10074 10075 10076 10077
1545,5489 5490 5491 5492 5493 10640 10641 10642 10643 10644
1546,7229 7230 7231 7232 7233 10641 10642 10643 10644 10645
1547,1315 1316 1317 1318 1319 6365 6366 6367 6368 6369
1548,733 734 735 736 737 7457 7458 7459 7460 7461
1549,9083 9084 9085 9086 9087 10643 10644 10645 10646 10647
1550,10638 10639 10640 10641 10642 10644 10645 10646 10647 10648
1551,2282 2283 2284 2285 2286 10645 10646 10647 10648 10649
1552,10641 10642 10643 10644 10645 10647 10648 10649 10650 10651
1553,774 775 776 777 778 10649 10650 10651 10652 10653
1554,584 585 586 587 588 10652 10653 10654 10655 10656
1555,29 30 31 32 33 10666 10667 10668 10669 10670
1556,152 153 154 155 156 10671 10672 10673 10674 10675
1557,497 498 499 500 501 10676 10677 10678 10679 10680
1558,198 199 200 201 202 10681 10682 10683 10684 10685
1559,1267 1268 1269 1270 1271 10692 10693 10694 10695 10696
1560,1821 1822 1823 1824 1825 6736 6737 6738 6739 6740
1561,10687 10688 10689 10690 10691 10694 10695 10696 10697 10698
1562,10080 10081 10082 10083 10084 10696 10697 10698 10699 10700
1563,42 43 44 45 46 10712 10713 10714 10715 10716
1564,1006 1007 1008 1009 1010 9969 9970 9971 9972 9973
1565,1340 1341 1342 1343 1344 1346 1347 1348 1349 1350
1566,451 452 453 454 455 10719 10720 10721 10722 10723
1567,186 187 188 189 190 9570 9571 9572 9573 9574
1568,1071 1072 1073 1074 1075 9716 9717 9718 9719 9720
1569,5771 5772 5773 5774 5775 10721 10722 10723 10724 10725
1570,777 778 779 780 781 10727 10728 10729 10730 10731
1571,1821 1822 1823 1824 1825 10628 10629 10630 10631 10632
1572,345 346 347 348 349 10730 10731 10732 10733 10734
1573,1326 1327 1328 1329 1330 10732 10733 10734 10735 10736
1574,8804 8805 8806 8807 8808 10735 10736 10737 10738 10739
1575,115 116 117 118 119 10741 10742 10743 10744 10745
1576,1064 1065 1066 1067 1068 10622 10623 10624 10625 10626
1577,5339 5340 5341 5342 5343 10742 10743 10744 10745 10746
1578,121 122 123 124 125 10744 10745 10746 10747 10748
1579,6141 6142 6143 6144 6145 10746 10747 10748 10749 10750
1580,2477 2478 2479 2480 2481 10752 10753 10754 10755 10756
1581,8077 8078 8079 8080 8081 10756 10757 10758 10759 10760
1582,1011 1012 1013 1014 1015 10758 10759 10760 10761 10762
1583,84 85 86 87 88 10761 10762 10763 10764 10765
1584,2019 2020 2021 2022 2023 10763 10764 10765 10766 10767
1585,2920 2921 2922 2923 2924 10767 10768 10769 10770 10771
1586,4519 4520 4521 4522 4523 10779 10780 10781 10782 10783
1587,3859 3860 3861 3862 3863 10780 10781 10782 10783 10784
1588,383 384 385 386 387 5780 5781 5782 5783 5784
1589,538 539 540 541 542 10781 10782 10783 10784 10785
1590,427 428 429 430 431 5362 5363 5364 5365 5366
1591,1341 1342 1343 1344 1345 10785 10786 10787 10788 10789
1592,319 320 321 322 323 10790 10791 10792 10793 10794
1593,3756 3757 3758 3759 3760 8295 8296 8297 8298 8299
1594,10786 10787 10788 10789 10790 10797 10798 10799 10800 10801
1595,238 239 240 241 242 10798 10799 10800 10801 10802
1596,10794 10795 10796 10797 10798 10802 10803 10804 10805 10806
1597,9224 9225 9226 9227 9228 10806 10807 10808 10809 10810
1598,1718 1719 1720 1721 1722 10808 10809 10810 10811 10812
1599,1660 1661 1662 1663 1664 10811 10812 10813 10814 10815
1600,3080 3081 3082 3083 3084 5876 5877 5878 5879 5880
1601,1349 1350 1351 1352 1353 10820 10821 10822 10823 10824
1602,3050 3051 3052 3053 3054 10821 10822 10823 10824 10825
1603,0 1 2 3 10824 10825 10826 10827 10828
1604,6238 6239 6240 6241 6242 10831 10832 10833 10834 10835
1605,4262 4263 4264 4265 4266 7145 7146 7147 7148 7149
1606,144 145 146 147 148 10837 10838 10839 10840 10841
1607,41 42 43 44 45 10841 10842 10843 10844 10845
1608,374 375 376 377 378 10842 10843 10844 10845 10846
1609,2427 2428 2429 2430 2431 10843 10844 10845 10846 10847
1610,21 22 23 24 25 7993 7994 7995 7996 7997
1611,1773 1774 1775 1776 1777 10844 10845 10846 10847 10848
1612,10839 10840 10841 10842 10843 10846 10847 10848 10849 10850
1613,10841 10842 10843 10844 10845 10849 10850 10851 10852 10853
1614,10844 10845 10846 10847 10848 10854 10855 10856 10857 10858
1615,998 999 1000 1001 1002 10860 10861 10862 10863 10864
1616,342 343 344 345 346 10865 10866 10867 10868 10869
1617,1172 1173 1174 1175 1176 10870 10871 10872 10873 10874
1618,483 484 485 486 487 10872 10873 10874 10875 10876
1619,10867 10868 10869 10870 10871 10875 10876 10877 10878 10879
1620,223 224 225 226 227 10880 10881 10882 10883 10884
1621,3806 3807 3808 3809 3810 10882 10883 10884 10885 10886
1622,318 319 320 321 322 10885 10886 10887 10888 10889
1623,575 576 577 578 579 10886 10887 10888 10889 10890
1624,2518 2519 2520 2521 2522 10889 10890 10891 10892 10893
1625,1009 1010 1011 1012 1013 8553 8554 8555 8556 8557
1626,2276 2277 2278 2279 2280 10892 10893 10894 10895 10896
1627,1295 1296 1297 1298 1299 3882 3883 3884 3885 3886
1628,4393 4394 4395 4396 4397 4605 4606 4607 4608 4609
1629,2923 2924 2925 2926 2927 10311 10312 10313 10314 10315
1630,696 697 698 699 700 9141 9142 9143 9144 9145
1631,490 491 492 493 494 4580 4581 4582 4583 4584
1632,380 381 382 383 384 10898 10899 10900 10901 10902
1633,0 1 10899 10900 10901 10902 10903
1634,282 283 284 285 286 10348 10349 10350 10351 10352
1635,4600 4601 4602 4603 4604 7072 7073 7074 7075 7076
1636,9809 9810 9811 9812 9813 10902 10903 10904 10905 10906
1637,3094 3095 3096 3097 3098 10903 10904 10905 10906 10907
1638,5674 5675 5676 5677 5678 8149 8150 8151 8152 8153
1639,358 359 360 361 362 10906 10907 10908 10909 10910
1640,564 565 566 567 568 10908 10909 10910 10911 10912
1641,282 283 284 285 286 6837 6838 6839 6840 6841
1642,121 122 123 124 125 10910 10911 10912 10913 10914
1643,3381 3382 3383 3384 3385 10886 10887 10888 10889 10890
1644,570 571 572 573 574 8856 8857 8858 8859 8860
1645,926 927 928 929 930 10913 10914 10915 10916 10917
1646,481 482 483 484 485 10916 10917 10918 10919 10920
1647,9369 9370 9371 9372 9373 10919 10920 10921 10922 10923
1648,177 178 179 180 181 10920 10921 10922 10923 10924
1649,718 719 720 721 722 10931 10932 10933 10934 10935
1650,1733 1734 1735 1736 1737 10935 10936 10937 10938 10939
1651,1148 1149 1150 1151 1152 10958 10959 10960 10961 10962
1652,2137 2138 2139 2140 2141 10550 10551 10552 10553 10554
1653,34 35 36 37 38 10963 10964 10965 10966 10967
1654,2108 2109 2110 2111 2112 10965 10966 10967 10968 10969
1655,116 117 118 119 120 10968 10969 10970 10971 10972
1656,10964 10965 10966 10967 10968 10971 10972 10973 10974 10975
1657,414 415 416 417 418 10973 10974 10975 10976 10977
1658,8680 8681 8682 8683 8684 8686 8687 8688 8689 8690
1659,144 145 146 147 148 10454 10455 10456 10457 10458
1660,1879 1880 1881 1882 1883 10978 10979 10980 10981 10982
1661,192 193 194 195 196 10984 10985 10986 10987 10988
1662,5194 5195 5196 5197 5198 10987 10988 10989 10990 10991
1663,1148 1149 1150 1151 1152 8153 8154 8155 8156 8157
1664,4140 4141 4142 4143 4144 11001 11002 11003 11004 11005
1665,2081 2082 2083 2084 2085 11005 11006 11007 11008 11009
1666,3630 3631 3632 3633 3634 9979 9980 9981 9982 9983
1667,4748 4749 4750 4751 4752 11008 11009 11010 11011 11012
1668,473 474 475 476 477 10267 10268 10269 10270 10271
1669,424 425 426 427 428 11017 11018 11019 11020 11021
1670,5564 5565 5566 5567 5568 7124 7125 7126 7127 7128
1671,11015 11016 11017 11018 11019 11021 11022 11023 11024 11025
1672,3630 3631 3632 3633 3634 11023 11024 11025 11026 11027
1673,1446 1447 1448 1449 1450 11024 11025 11026 11027 11028
1674,1571 1572 1573 1574 1575 11028 11029 11030 11031 11032
1675,3236 3237 3238 3239 3240 11029 11030 11031 11032 11033
1676,989 990 991 992 993 11031 11032 11033 11034 11035
1677,1780 1781 1782 1783 1784 11035 11036 11037 11038 11039
1678,43 44 45 46 47 10505 10506 10507 10508 10509
1679,4 5 6 7 8 11038 11039 11040 11041 11042
1680,455 456 457 458 459 10441 10442 10443 10444 10445
1681,41 42 43 44 45 6384 6385 6386 6387 6388
1682,2452 2453 2454 2455 2456 7055 7056 7057 7058 7059
1683,1268 1269 1270 1271 1272 8267 8268 8269 8270 8271
1684,2907 2908 2909 2910 2911 11040 11041 11042 11043 11044
1685,2333 2334 2335 2336 2337 11048 11049 11050 11051 11052
1686,272 273 274 275 276 11050 11051 11052 11053 11054
1687,627 628 629 630 631 11051 11052 11053 11054 11055
1688,358 359 360 361 362 11054 11055 11056 11057 11058
1689,1716 1717 1718 1719 1720 11058 11059 11060 11061 11062
1690,3050 3051 3052 3053 3054 3744 3745 3746 3747 3748
1691,282 283 284 285 286 1797 1798 1799 1800 1801
1692,2149 2150 2151 2152 2153 11060 11061 11062 11063 11064
1693,258 259 260 261 262 11064 11065 11066 11067 11068
1694,250 251 252 253 254 11072 11073 11074 11075 11076
1695,128 129 130 131 132 11073 11074 11075 11076 11077
1696,3306 3307 3308 3309 3310 11074 11075 11076 11077 11078
1697,1262 1263 1264 1265 1266 11077 11078 11079 11080 11081
1698,731 732 733 734 735 11080 11081 11082 11083 11084
1699,483 484 485 486 487 10885 10886 10887 10888 10889
1700,5347 5348 5349 5350 5351 10717 10718 10719 10720 10721
1701,128 129 130 131 132 11081 11082 11083 11084 11085
1702,1827 1828 1829 1830 1831 11083 11084 11085 11086 11087
1703,1821 1822 1823 1824 1825 11085 11086 11087 11088 11089
1704,742 743 744 745 746 11086 11087 11088 11089 11090
1705,986 987 988 989 990 5837 5838 5839 5840 5841
1706,333 334 335 336 337 11090 11091 11092 11093 11094
1707,4402 4403 4404 4405 4406 11092 11093 11094 11095 11096
1708,4 5 6 7 8 11093 11094 11095 11096 11097
1709,1316 1317 1318 1319 1320 9193 9194 9195 9196 9197
1710,3538 3539 3540 3541 3542 4774 4775 4776 4777 4778
1711,2357 2358 2359 2360 2361 9306 9307 9308 9309 9310
1712,921 922 923 924 925 8491 8492 8493 8494 8495
1713,1992 1993 1994 1995 1996 11097 11098 11099 11100 11101
1714,6768 6769 6770 6771 6772 10747 10748 10749 10750 10751
1715,1146 1147 1148 1149 1150 11108 11109 11110 11111 11112
1716,1527 1528 1529 1530 1531 11113 11114 11115 11116 11117
1717,163 164 165 166 167 10308 10309 10310 10311 10312
1718,137 138 139 140 141 11082 11083 11084 11085 11086
1719,1145 1146 1147 1148 1149 5140 5141 5142 5143 5144
1720,656 657 658 659 660 11117 11118 11119 11120 11121
1721,2843 2844 2845 2846 2847 7894 7895 7896 7897 7898
1722,1716 1717 1718 1719 1720 11121 11122 11123 11124 11125
1723,11116 11117 11118 11119 11120 11122 11123 11124 11125 11126
1724,53 54 55 56 57 11127 11128 11129 11130 11131
1725,9073 9074 9075 9076 9077 11129 11130 11131 11132 11133
1726,4013 4014 4015 4016 4017 11130 11131 11132 11133 11134
1727,2234 2235 2236 2237 2238 11039 11040 11041 11042 11043
1728,3043 3044 3045 3046 3047 8821 8822 8823 8824 8825
1729,186 187 188 189 190 10662 10663 10664 10665 10666
1730,1185 1186 1187 1188 1189 11139 11140 11141 11142 11143
1731,570 571 572 573 574 11146 11147 11148 11149 11150
1732,5005 5006 5007 5008 5009 11147 11148 11149 11150 11151
1733,4913 4914 4915 4916 4917 6305 6306 6307 6308 6309
1734,1424 1425 1426 1427 1428 9713 9714 9715 9716 9717
1735,37 38 39 40 41 11149 11150 11151 11152 11153
1736,1772 1773 1774 1775 1776 9195 9196 9197 9198 9199
1737,791 792 793 794 795 5854 5855 5856 5857 5858
1738,2058 2059 2060 2061 2062 11151 11152 11153 11154 11155
1739,3260 3261 3262 3263 3264 11115 11116 11117 11118 11119
1740,233 234 235 236 237 11157 11158 11159 11160 11161
1741,0 1 11158 11159 11160 11161 11162
1742,164 165 166 167 168 11162 11163 11164 11165 11166
1743,4052 4053 4054 4055 4056 11167 11168 11169 11170 11171
1744,222 223 224 225 226 11173 11174 11175 11176 11177
1745,710 711 712 713 714 10842 10843 10844 10845 10846
1746,4373 4374 4375 4376 4377 11177 11178 11179 11180 11181
1747,2280 2281 2282 2283 2284 8230 8231 8232 8233 8234
1748,11173 11174 11175 11176 11177 11181 11182 11183 11184 11185
1749,908 909 910 911 912 11184 11185 11186 11187 11188
1750,3630 3631 3632 3633 3634 10642 10643 10644 10645 10646
1751,40 41 42 43 44 11185 11186 11187 11188 11189
1752,7116 7117 7118 7119 7120 11186 11187 11188 11189 11190
1753,2975 2976 2977 2978 2979 9563 9564 9565 9566 9567
1754,2588 2589 2590 2591 2592 11189 11190 11191 11192 11193
1755,1398 1399 1400 1401 1402 11191 11192 11193 11194 11195
1756,1682 1683 1684 1685 1686 11192 11193 11194 11195 11196
1757,3806 3807 3808 3809 3810 10977 10978 10979 10980 10981
1758,2713 2714 2715 2716 2717 11064 11065 11066 11067 11068
1759,37 38 39 40 41 11197 11198 11199 11200 11201
1760,2089 2090 2091 2092 2093 11211 11212 11213 11214 11215
1761,37 38 39 40 41 11213 11214 11215 11216 11217
1762,1012 1013 1014 1015 1016 10460 10461 10462 10463 10464
1763,452 453 454 455 456 11217 11218 11219 11220 11221
1764,6240 6241 6242 6243 6244 11220 11221 11222 11223 11224
1765,204 205 206 207 208 11224 11225 11226 11227 11228
1766,2366 2367 2368 2369 2370 11226 11227 11228 11229 11230
1767,1121 1122 1123 1124 1125 11228 11229 11230 11231 11232
1768,606 607 608 609 610 11231 11232 11233 11234 11235
1769,11226 11227 11228 11229 11230 11233 11234 11235 11236 11237
1770,2163 2164 2165 2166 2167 11084 11085 11086 11087 11088
1771,2347 2348 2349 2350 2351 11235 11236 11237 11238 11239
1772,318 319 320 321 322 11239 11240 11241 11242 11243
1773,2095 2096 2097 2098 2099 8941 8942 8943 8944 8945
1774,233 234 235 236 237 11240 11241 11242 11243 11244
1775,458 459 460 461 462 7779 7780 7781 7782 7783
1776,1694 1695 1696 1697 1698 11242 11243 11244 11245 11246
1777,183 184 185 186 187 11243 11244 11245 11246 11247
1778,1417 1418 1419 1420 1421 11245 11246 11247 11248 11249
1779,1519 1520 1521 1522 1523 11248 11249 11250 11251 11252
1780,171 172 173 174 175 11082 11083 11084 11085 11086
1781,2006 2007 2008 2009 2010 11253 11254 11255 11256 11257
1782,1737 1738 1739 1740 1741 11254 11255 11256 11257 11258
1783,180 181 182 183 184 11256 11257 11258 11259 11260
1784,1053 1054 1055 1056 1057 11257 11258 11259 11260 11261
1785,1591 1592 1593 1594 1595 7528 7529 7530 7531 7532
1786,184 185 186 187 188 11259 11260 11261 11262 11263
1787,700 701 702 703 704 11261 11262 11263 11264 11265
1788,11257 11258 11259 11260 11261 11263 11264 11265 11266 11267
1789,1261 1262 1263 1264 1265 11266 11267 11268 11269 11270
1790,128 129 130 131 132 11270 11271 11272 11273 11274
1791,2366 2367 2368 2369 2370 7216 7217 7218 7219 7220
1792,533 534 535 536 537 4845 4846 4847 4848 4849
1793,1747 1748 1749 1750 1751 11272 11273 11274 11275 11276
1794,1835 1836 1837 1838 1839 11274 11275 11276 11277 11278
1795,1723 1724 1725 1726 1727 11275 11276 11277 11278 11279
1796,11270 11271 11272 11273 11274 11278 11279 11280 11281 11282
1797,4035 4036 4037 4038 4039 11282 11283 11284 11285 11286
1798,378 379 380 381 382 11290 11291 11292 11293 11294
1799,1025 1026 1027 1028 1029 5502 5503 5504 5505 5506
1800,591 592 593 594 595 11297 11298 11299 11300 11301
1801,2742 2743 2744 2745 2746 11044 11045 11046 11047 11048
1802,3090 3091 3092 3093 3094 7901 7902 7903 7904 7905
1803,58 59 60 61 62 11300 11301 11302 11303 11304
1804,467 468 469 470 471 11303 11304 11305 11306 11307
1805,571 572 573 574 575 11305 11306 11307 11308 11309
1806,1787 1788 1789 1790 1791 11306 11307 11308 11309 11310
1807,2915 2916 2917 2918 2919 2921 2922 2923 2924 2925
1808,0 1 2 3 11315 11316 11317 11318 11319
1809,5040 5041 5042 5043 5044 11318 11319 11320 11321 11322
1810,11313 11314 11315 11316 11317 11320 11321 11322 11323 11324
1811,1208 1209 1210 1211 1212 11321 11322 11323 11324 11325
1812,7170 7171 7172 7173 7174 11323 11324 11325 11326 11327
1813,419 420 421 422 423 11325 11326 11327 11328 11329
1814,462 463 464 465 466 10455 10456 10457 10458 10459
1815,201 202 203 204 205 11342 11343 11344 11345 11346
1816,996 997 998 999 1000 11352 11353 11354 11355 11356
1817,1410 1411 1412 1413 1414 11356 11357 11358 11359 11360
1818,903 904 905 906 907 11360 11361 11362 11363 11364
1819,166 167 168 169 170 11362 11363 11364 11365 11366
1820,240 241 242 243 244 11364 11365 11366 11367 11368
1821,380 381 382 383 384 8579 8580 8581 8582 8583
1822,4645 4646 4647 4648 4649 11369 11370 11371 11372 11373
1823,1470 1471 1472 1473 1474 2742 2743 2744 2745 2746
1824,181 182 183 184 185 11373 11374 11375 11376 11377
1825,169 170 171 172 173 11379 11380 11381 11382 11383
1826,4738 4739 4740 4741 4742 11383 11384 11385 11386 11387
1827,144 145 146 147 148 10701 10702 10703 10704 10705
1828,689 690 691 692 693 8942 8943 8944 8945 8946
1829,1152 1153 1154 1155 1156 9646 9647 9648 9649 9650
1830,457 458 459 460 461 11385 11386 11387 11388 11389
1831,4610 4611 4612 4613 4614 11388 11389 11390 11391 11392
1832,733 734 735 736 737 10511 10512 10513 10514 10515
1833,9820 9821 9822 9823 9824 11390 11391 11392 11393 11394
1834,4297 4298 4299 4300 4301 11392 11393 11394 11395 11396
1835,2734 2735 2736 2737 2738 11394 11395 11396 11397 11398
1836,707 708 709 710 711 11397 11398 11399 11400 11401
1837,687 688 689 690 691 11406 11407 11408 11409 11410
1838,632 633 634 635 636 11410 11411 11412 11413 11414
1839,4760 4761 4762 4763 4764 11090 11091 11092 11093 11094
1840,4704 4705 4706 4707 4708 11415 11416 11417 11418 11419
1841,1591 1592 1593 1594 1595 6621 6622 6623 6624 6625
1842,4963 4964 4965 4966 4967 8424 8425 8426 8427 8428
1843,1861 1862 1863 1864 1865 4329 4330 4331 4332 4333
1844,434 435 436 437 438 11077 11078 11079 11080 11081
1845,1530 1531 1532 1533 1534 11419 11420 11421 11422 11423
1846,1078 1079 1080 1081 1082 10657 10658 10659 10660 10661
1847,4719 4720 4721 4722 4723 11421 11422 11423 11424 11425
1848,658 659 660 661 662 11422 11423 11424 11425 11426
1849,204 205 206 207 208 11173 11174 11175 11176 11177
1850,11417 11418 11419 11420 11421 11424 11425 11426 11427 11428
1851,445 446 447 448 449 11170 11171 11172 11173 11174
1852,1 2 3 4 5 11429 11430 11431 11432 11433
1853,1017 1018 1019 1020 1021 5402 5403 5404 5405 5406
1854,930 931 932 933 934 11434 11435 11436 11437 11438
1855,1131 1132 1133 1134 1135 11440 11441 11442 11443 11444
1856,1084 1085 1086 1087 1088 11444 11445 11446 11447 11448
1857,264 265 266 267 268 11447 11448 11449 11450 11451
1858,1382 1383 1384 1385 1386 11448 11449 11450 11451 11452
1859,2629 2630 2631 2632 2633 11458 11459 11460 11461 11462
1860,0 1 2 3 11463 11464 11465 11466 11467
1861,4456 4457 4458 4459 4460 10999 11000 11001 11002 11003
1862,148 149 150 151 152 11242 11243 11244 11245 11246
1863,775 776 777 778 779 11466 11467 11468 11469 11470
1864,66 67 68 69 70 11468 11469 11470 11471 11472
1865,277 278 279 280 281 11470 11471 11472 11473 11474
1866,2309 2310 2311 2312 2313 11471 11472 11473 11474 11475
1867,1010 1011 1012 1013 1014 11472 11473 11474 11475 11476
1868,710 711 712 713 714 8749 8750 8751 8752 8753
1869,1318 1319 1320 1321 1322 10209 10210 10211 10212 10213
1870,1438 1439 1440 1441 1442 8526 8527 8528 8529 8530
1871,8848 8849 8850 8851 8852 11474 11475 11476 11477 11478
1872,1068 1069 1070 1071 1072 11475 11476 11477 11478 11479
1873,5192 5193 5194 5195 5196 6499 6500 6501 6502 6503
1874,6982 6983 6984 6985 6986 8690 8691 8692 8693 8694
1875,1217 1218 1219 1220 1221 10324 10325 10326 10327 10328
1876,2365 2366 2367 2368 2369 4136 4137 4138 4139 4140
1877,1893 1894 1895 1896 1897 11476 11477 11478 11479 11480
1878,130 131 132 133 134 11478 11479 11480 11481 11482
1879,23 24 25 26 27 11485 11486 11487 11488 11489
1880,207 208 209 210 211 11138 11139 11140 11141 11142
1881,1414 1415 1416 1417 1418 5462 5463 5464 5465 5466
1882,10444 10445 10446 10447 10448 11493 11494 11495 11496 11497
1883,10927 10928 10929 10930 10931 11494 11495 11496 11497 11498
1884,10191 10192 10193 10194 10195 11523 11524 11525 11526 11527
1885,1821 1822 1823 1824 1825 4417 4418 4419 4420 4421
1886,2759 2760 2761 2762 2763 6381 6382 6383 6384 6385
1887,1470 1471 1472 1473 1474 11525 11526 11527 11528 11529
1888,3848 3849 3850 3851 3852 11527 11528 11529 11530 11531
1889,471 472 473 474 475 11533 11534 11535 11536 11537
1890,7689 7690 7691 7692 7693 11535 11536 11537 11538 11539
1891,11530 11531 11532 11533 11534 11536 11537 11538 11539 11540
1892,1309 1310 1311 1312 1313 11538 11539 11540 11541 11542
1893,10588 10589 10590 10591 10592 11543 11544 11545 11546 11547
1894,1155 1156 1157 1158 1159 11546 11547 11548 11549 11550
1895,1935 1936 1937 1938 1939 11549 11550 11551 11552 11553
1896,2124 2125 2126 2127 2128 10175 10176 10177 10178 10179
1897,11544 11545 11546 11547 11548 11550 11551 11552 11553 11554
1898,3178 3179 3180 3181 3182 11551 11552 11553 11554 11555
1899,7669 7670 7671 7672 7673 11554 11555 11556 11557 11558
1900,147 148 149 150 151 11561 11562 11563 11564 11565
1901,1660 1661 1662 1663 1664 11565 11566 11567 11568 11569
1902,1078 1079 1080 1081 1082 11566 11567 11568 11569 11570
1903,172 173 174 175 176 11569 11570 11571 11572 11573
1904,710 711 712 713 714 11570 11571 11572 11573 11574
1905,11246 11247 11248 11249 11250 11574 11575 11576 11577 11578
1906,419 420 421 422 423 11575 11576 11577 11578 11579
1907,1023 1024 1025 1026 1027 11577 11578 11579 11580 11581
1908,7337 7338 7339 7340 7341 11578 11579 11580 11581 11582
1909,217 218 219 220 221 10237 10238 10239 10240 10241
1910,1741 1742 1743 1744 1745 9653 9654 9655 9656 9657
1911,3078 3079 3080 3081 3082 6554 6555 6556 6557 6558
1912,144 145 146 147 148 2764 2765 2766 2767 2768
1913,2435 2436 2437 2438 2439 11586 11587 11588 11589 11590
1914,3486 3487 3488 3489 3490 9139 9140 9141 9142 9143
1915,2126 2127 2128 2129 2130 11589 11590 11591 11592 11593
1916,2049 2050 2051 2052 2053 11590 11591 11592 11593 11594
1917,404 405 406 407 408 11592 11593 11594 11595 11596
1918,231 232 233 234 235 9818 9819 9820 9821 9822
1919,1878 1879 1880 1881 1882 6100 6101 6102 6103 6104
1920,725 726 727 728 729 11152 11153 11154 11155 11156
1921,748 749 750 751 752 11594 11595 11596 11597 11598
1922,1979 1980 1981 1982 1983 11596 11597 11598 11599 11600
1923,4833 4834 4835 4836 4837 11598 11599 11600 11601 11602
1924,213 214 215 216 217 8351 8352 8353 8354 8355
1925,2864 2865 2866 2867 2868 11599 11600 11601 11602 11603
1926,1672 1673 1674 1675 1676 11604 11605 11606 11607 11608
1927,199 200 201 202 203 11607 11608 11609 11610 11611
1928,196 197 198 199 200 11610 11611 11612 11613 11614
1929,3484 3485 3486 3487 3488 11612 11613 11614 11615 11616
1930,7697 7698 7699 7700 7701 11615 11616 11617 11618 11619
1931,5875 5876 5877 5878 5879 11622 11623 11624 11625 11626
1932,172 173 174 175 176 11624 11625 11626 11627 11628
1933,2864 2865 2866 2867 2868 11626 11627 11628 11629 11630
1934,23 24 25 26 27 11628 11629 11630 11631 11632
1935,11623 11624 11625 11626 11627 11630 11631 11632 11633 11634
1936,4446 4447 4448 4449 4450 11632 11633 11634 11635 11636
1937,5348 5349 5350 5351 5352 8113 8114 8115 8116 8117
1938,11628 11629 11630 11631 11632 11637 11638 11639 11640 11641
1939,1745 1746 1747 1748 1749 11638 11639 11640 11641 11642
1940,1146 1147 1148 1149 1150 11641 11642 11643 11644 11645
1941,1835 1836 1837 1838 1839 11643 11644 11645 11646 11647
1942,774 775 776 777 778 6639 6640 6641 6642 6643
1943,875 876 877 878 879 11039 11040 11041 11042 11043
1944,79 80 81 82 83 11646 11647 11648 11649 11650
1945,7397 7398 7399 7400 7401 11648 11649 11650 11651 11652
1946,613 614 615 616 617 10179 10180 10181 10182 10183
1947,216 217 218 219 220 11651 11652 11653 11654 11655
1948,935 936 937 938 939 11655 11656 11657 11658 11659
1949,249 250 251 252 253 11656 11657 11658 11659 11660
1950,5706 5707 5708 5709 5710 8968 8969 8970 8971 8972
1951,1138 1139 1140 1141 1142 11625 11626 11627 11628 11629
1952,2426 2427 2428 2429 2430 11658 11659 11660 11661 11662
1953,143 144 145 146 147 11660 11661 11662 11663 11664
1954,599 600 601 602 603 11662 11663 11664 11665 11666
1955,5459 5460 5461 5462 5463 11665 11666 11667 11668 11669
1956,11661 11662 11663 11664 11665 11669 11670 11671 11672 11673
1957,1387 1388 1389 1390 1391 10274 10275 10276 10277 10278
1958,3985 3986 3987 3988 3989 11671 11672 11673 11674 11675
1959,273 274 275 276 277 11672 11673 11674 11675 11676
1960,424 425 426 427 428 11685 11686 11687 11688 11689
1961,35 36 37 38 39 11686 11687 11688 11689 11690
1962,2795 2796 2797 2798 2799 11689 11690 11691 11692 11693
1963,746 747 748 749 750 11691 11692 11693 11694 11695
1964,6359 6360 6361 6362 6363 11692 11693 11694 11695 11696
1965,8882 8883 8884 8885 8886 11694 11695 11696 11697 11698
1966,11190 11191 11192 11193 11194 11699 11700 11701 11702 11703
1967,158 159 160 161 162 11700 11701 11702 11703 11704
1968,1921 1922 1923 1924 1925 11703 11704 11705 11706 11707
1969,8249 8250 8251 8252 8253 11704 11705 11706 11707 11708
1970,198 199 200 201 202 11707 11708 11709 11710 11711
1971,137 138 139 140 141 11708 11709 11710 11711 11712
1972,2727 2728 2729 2730 2731 11711 11712 11713 11714 11715
1973,299 300 301 302 303 11712 11713 11714 11715 11716
1974,3385 3386 3387 3388 3389 11714 11715 11716 11717 11718
1975,164 165 166 167 168 8953 8954 8955 8956 8957
1976,11709 11710 11711 11712 11713 11717 11718 11719 11720 11721
1977,64 65 66 67 68 11720 11721 11722 11723 11724
1978,1655 1656 1657 1658 1659 11721 11722 11723 11724 11725
1979,276 277 278 279 280 9916 9917 9918 9919 9920
1980,2341 2342 2343 2344 2345 10167 10168 10169 10170 10171
1981,1823 1824 1825 1826 1827 11724 11725 11726 11727 11728
1982,7244 7245 7246 7247 7248 10057 10058 10059 10060 10061
1983,11720 11721 11722 11723 11724 11726 11727 11728 11729 11730
1984,2968 2969 2970 2971 2972 11727 11728 11729 11730 11731
1985,3694 3695 3696 3697 3698 11728 11729 11730 11731 11732
1986,1804 1805 1806 1807 1808 11731 11732 11733 11734 11735
1987,217 218 219 220 221 6337 6338 6339 6340 6341
1988,2049 2050 2051 2052 2053 11734 11735 11736 11737 11738
1989,1428 1429 1430 1431 1432 11735 11736 11737 11738 11739
1990,684 685 686 687 688 11737 11738 11739 11740 11741
1991,1773 1774 1775 1776 1777 11724 11725 11726 11727 11728
1992,11 12 13 14 15 11740 11741 11742 11743 11744
1993,556 557 558 559 560 11745 11746 11747 11748 11749
1994,738 739 740 741 742 10664 10665 10666 10667 10668
1995,318 319 320 321 322 11747 11748 11749 11750 11751
1996,2216 2217 2218 2219 2220 11748 11749 11750 11751 11752
1997,3257 3258 3259 3260 3261 11628 11629 11630 11631 11632
1998,21 22 23 24 25 9986 9987 9988 9989 9990
1999,1315 1316 1317 1318 1319 9193 9194 9195 9196 9197
2000,1161 1162 1163 1164 1165 2742 2743 2744 2745 2746
2001,423 424 425 426 427 11752 11753 11754 11755 11756
2002,139 140 141 142 143 10960 10961 10962 10963 10964
2003,2609 2610 2611 2612 2613 11755 11756 11757 11758 11759
2004,985 986 987 988 989 11757 11758 11759 11760 11761
2005,772 773 774 775 776 4081 4082 4083 4084 4085
2006,121 122 123 124 125 11760 11761 11762 11763 11764
2007,2706 2707 2708 2709 2710 11762 11763 11764 11765 11766
2008,8811 8812 8813 8814 8815 11765 11766 11767 11768 11769
2009,11761 11762 11763 11764 11765 11767 11768 11769 11770 11771
2010,3599 3600 3601 3602 3603 11768 11769 11770 11771 11772
2011,1010 1011 1012 1013 1014 4144 4145 4146 4147 4148
2012,996 997 998 999 1000 11769 11770 11771 11772 11773
2013,1900 1901 1902 1903 1904 7390 7391 7392 7393 7394
2014,7204 7205 7206 7207 7208 11770 11771 11772 11773 11774
2015,318 319 320 321 322 9594 9595 9596 9597 9598
2016,1114 1115 1116 1117 1118 11773 11774 11775 11776 11777
2017,989 990 991 992 993 10171 10172 10173 10174 10175
2018,3484 3485 3486 3487 3488 11775 11776 11777 11778 11779
2019,998 999 1000 1001 1002 10844 10845 10846 10847 10848
2020,1315 1316 1317 1318 1319 11778 11779 11780 11781 11782
2021,345 346 347 348 349 9532 9533 9534 9535 9536
2022,3662 3663 3664 3665 3666 11779 11780 11781 11782 11783
2023,696 697 698 699 700 11784 11785 11786 11787 11788
2024,204 205 206 207 208 10632 10633 10634 10635 10636
2025,2694 2695 2696 2697 2698 11787 11788 11789 11790 11791
2026,328 329 330 331 332 11789 11790 11791 11792 11793
2027,1057 1058 1059 1060 1061 7038 7039 7040 7041 7042
2028,8173 8174 8175 8176 8177 11792 11793 11794 11795 11796
2029,315 316 317 318 319 11796 11797 11798 11799 11800
2030,895 896 897 898 899 11797 11798 11799 11800 11801
2031,665 666 667 668 669 11803 11804 11805 11806 11807
2032,134 135 136 137 138 11804 11805 11806 11807 11808
2033,1006 1007 1008 1009 1010 11809 11810 11811 11812 11813
2034,578 579 580 581 582 11811 11812 11813 11814 11815
2035,115 116 117 118 119 11814 11815 11816 11817 11818
2036,229 230 231 232 233 11815 11816 11817 11818 11819
2037,198 199 200 201 202 11816 11817 11818 11819 11820
2038,2367 2368 2369 2370 2371 11817 11818 11819 11820 11821
2039,137 138 139 140 141 11819 11820 11821 11822 11823
2040,299 300 301 302 303 11820 11821 11822 11823 11824
2041,318 319 320 321 322 11821 11822 11823 11824 11825
2042,3145 3146 3147 3148 3149 11822 11823 11824 11825 11826
2043,148 149 150 151 152 11835 11836 11837 11838 11839
2044,1095 1096 1097 1098 1099 6018 6019 6020 6021 6022
2045,223 224 225 226 227 10348 10349 10350 10351 10352
2046,5291 5292 5293 5294 5295 6844 6845 6846 6847 6848
2047,2553 2554 2555 2556 2557 11837 11838 11839 11840 11841
2048,253 254 255 256 257 11839 11840 11841 11842 11843
2049,84 85 86 87 88 4417 4418 4419 4420 4421
2050,6505 6506 6507 6508 6509 11843 11844 11845 11846 11847
2051,5737 5738 5739 5740 5741 11845 11846 11847 11848 11849
2052,11840 11841 11842 11843 11844 11848 11849 11850 11851 11852
2053,6701 6702 6703 6704 6705 6707 6708 6709 6710 6711
2054,9427 9428 9429 9430 9431 9435 9436 9437 9438 9439
2055,2397 2398 2399 2400 2401 10949 10950 10951 10952 10953
2056,1695 1696 1697 1698 1699 11850 11851 11852 11853 11854
2057,6801 6802 6803 6804 6805 8514 8515 8516 8517 8518
2058,1217 1218 1219 1220 1221 11575 11576 11577 11578 11579
2059,1079 1080 1081 1082 1083 11853 11854 11855 11856 11857
2060,412 413 414 415 416 11854 11855 11856 11857 11858
2061,1380 1381 1382 1383 1384 10664 10665 10666 10667 10668
2062,116 117 118 119 120 11324 11325 11326 11327 11328
2063,2658 2659 2660 2661 2662 11855 11856 11857 11858 11859
2064,414 415 416 417 418 2454 2455 2456 2457 2458
2065,1728 1729 1730 1731 1732 9083 9084 9085 9086 9087
2066,2160 2161 2162 2163 2164 11856 11857 11858 11859 11860
2067,1389 1390 1391 1392 1393 9249 9250 9251 9252 9253
2068,4530 4531 4532 4533 4534 11857 11858 11859 11860 11861
2069,4327 4328 4329 4330 4331 11859 11860 11861 11862 11863
2070,470 471 472 473 474 11862 11863 11864 11865 11866
2071,143 144 145 146 147 11831 11832 11833 11834 11835
2072,955 956 957 958 959 11868 11869 11870 11871 11872
2073,3666 3667 3668 3669 3670 11870 11871 11872 11873 11874
2074,449 450 451 452 453 11871 11872 11873 11874 11875
2075,5937 5938 5939 5940 5941 11694 11695 11696 11697 11698
2076,871 872 873 874 875 11873 11874 11875 11876 11877
2077,458 459 460 461 462 11874 11875 11876 11877 11878
2078,2367 2368 2369 2370 2371 10844 10845 10846 10847 10848
2079,2905 2906 2907 2908 2909 11746 11747 11748 11749 11750
2080,1806 1807 1808 1809 1810 11194 11195 11196 11197 11198
2081,1045 1046 1047 1048 1049 4132 4133 4134 4135 4136
2082,5498 5499 5500 5501 5502 11876 11877 11878 11879 11880
2083,35 36 37 38 39 11877 11878 11879 11880 11881
2084,2810 2811 2812 2813 2814 11880 11881 11882 11883 11884
2085,2801 2802 2803 2804 2805 11883 11884 11885 11886 11887
2086,7673 7674 7675 7676 7677 11885 11886 11887 11888 11889
2087,3877 3878 3879 3880 3881 11549 11550 11551 11552 11553
2088,7752 7753 7754 7755 7756 10606 10607 10608 10609 10610
2089,2644 2645 2646 2647 2648 11889 11890 11891 11892 11893
2090,2916 2917 2918 2919 2920 11448 11449 11450 11451 11452
2091,9394 9395 9396 9397 9398 10069 10070 10071 10072 10073
2092,998 999 1000 1001 1002 11897 11898 11899 11900 11901
2093,5993 5994 5995 5996 5997 11900 11901 11902 11903 11904
2094,2776 2777 2778 2779 2780 11837 11838 11839 11840 11841
2095,513 514 515 516 517 11466 11467 11468 11469 11470
2096,433 434 435 436 437 10710 10711 10712 10713 10714
2097,1642 1643 1644 1645 1646 10418 10419 10420 10421 10422
2098,4149 4150 4151 4152 4153 11902 11903 11904 11905 11906
2099,419 420 421 422 423 11903 11904 11905 11906 11907
2100,91 92 93 94 95 11904 11905 11906 11907 11908
2101,60 61 62 63 64 11907 11908 11909 11910 11911
2102,11902 11903 11904 11905 11906 11909 11910 11911 11912 11913
2103,3038 3039 3040 3041 3042 8446 8447 8448 8449 8450
2104,712 713 714 715 716 11913 11914 11915 11916 11917
2105,171 172 173 174 175 11914 11915 11916 11917 11918
2106,7797 7798 7799 7800 7801 7804 7805 7806 7807 7808
2107,44 45 46 47 48 11918 11919 11920 11921 11922
2108,1727 1728 1729 1730 1731 10474 10475 10476 10477 10478
2109,1764 1765 1766 1767 1768 11926 11927 11928 11929 11930
2110,3915 3916 3917 3918 3919 6910 6911 6912 6913 6914
2111,231 232 233 234 235 11930 11931 11932 11933 11934
2112,340 341 342 343 344 11932 11933 11934 11935 11936
2113,123 124 125 126 127 10586 10587 10588 10589 10590
2114,185 186 187 188 189 11934 11935 11936 11937 11938
2115,0 1 2 3 9570 9571 9572 9573 9574
2116,992 993 994 995 996 7340 7341 7342 7343 7344
2117,177 178 179 180 181 11935 11936 11937 11938 11939
2118,0 1 2 3 11936 11937 11938 11939 11940
2119,7248 7249 7250 7251 7252 11941 11942 11943 11944 11945
2120,3130 3131 3132 3133 3134 10170 10171 10172 10173 10174
2121,134 135 136 137 138 11945 11946 11947 11948 11949
2122,1113 1114 1115 1116 1117 7645 7646 7647 7648 7649
2123,1160 1161 1162 1163 1164 2745 2746 2747 2748 2749
2124,1457 1458 1459 1460 1461 11947 11948 11949 11950 11951
2125,996 997 998 999 1000 9195 9196 9197 9198 9199
2126,3833 3834 3835 3836 3837 11949 11950 11951 11952 11953
2127,392 393 394 395 396 11950 11951 11952 11953 11954
2128,63 64 65 66 67 11953 11954 11955 11956 11957
2129,1277 1278 1279 1280 1281 8897 8898 8899 8900 8901
2130,3050 3051 3052 3053 3054 6898 6899 6900 6901 6902
2131,1875 1876 1877 1878 1879 11755 11756 11757 11758 11759
2132,1795 1796 1797 1798 1799 11957 11958 11959 11960 11961
2133,3050 3051 3052 3053 3054 3056 3057 3058 3059 3060
2134,768 769 770 771 772 11959 11960 11961 11962 11963
2135,1315 1316 1317 1318 1319 9193 9194 9195 9196 9197
2136,409 410 411 412 413 10909 10910 10911 10912 10913
2137,282 283 284 285 286 10348 10349 10350 10351 10352
2138,232 233 234 235 236 11961 11962 11963 11964 11965
2139,651 652 653 654 655 7101 7102 7103 7104 7105
2140,1674 1675 1676 1677 1678 11965 11966 11967 11968 11969
2141,4696 4697 4698 4699 4700 11970 11971 11972 11973 11974
2142,115 116 117 118 119 11971 11972 11973 11974 11975
2143,1281 1282 1283 1284 1285 11976 11977 11978 11979 11980
2144,97 98 99 100 101 11978 11979 11980 11981 11982
2145,477 478 479 480 481 11191 11192 11193 11194 11195
2146,1174 1175 1176 1177 1178 11980 11981 11982 11983 11984
2147,114 115 116 117 118 5823 5824 5825 5826 5827
2148,2779 2780 2781 2782 2783 8705 8706 8707 8708 8709
2149,2439 2440 2441 2442 2443 11983 11984 11985 11986 11987
2150,2881 2882 2883 2884 2885 11989 11990 11991 11992 11993
2151,11985 11986 11987 11988 11989 11993 11994 11995 11996 11997
2152,183 184 185 186 187 11994 11995 11996 11997 11998
2153,41 42 43 44 45 12003 12004 12005 12006 12007
2154,4897 4898 4899 4900 4901 10541 10542 10543 10544 10545
2155,123 124 125 126 127 9251 9252 9253 9254 9255
2156,1255 1256 1257 1258 1259 8292 8293 8294 8295 8296
2157,1524 1525 1526 1527 1528 12008 12009 12010 12011 12012
2158,1313 1314 1315 1316 1317 5448 5449 5450 5451 5452
2159,4963 4964 4965 4966 4967 12012 12013 12014 12015 12016
2160,165 166 167 168 169 12017 12018 12019 12020 12021
2161,5130 5131 5132 5133 5134 12019 12020 12021 12022 12023
2162,3565 3566 3567 3568 3569 10015 10016 10017 10018 10019
2163,591 592 593 594 595 12024 12025 12026 12027 12028
2164,621 622 623 624 625 12026 12027 12028 12029 12030
2165,2716 2717 2718 2719 2720 9849 9850 9851 9852 9853
2166,6581 6582 6583 6584 6585 11649 11650 11651 11652 11653
2167,6409 6410 6411 6412 6413 12029 12030 12031 12032 12033
2168,8756 8757 8758 8759 8760 9124 9125 9126 9127 9128
2169,558 559 560 561 562 12030 12031 12032 12033 12034
2170,318 319 320 321 322 12032 12033 12034 12035 12036
2171,468 469 470 471 472 5300 5301 5302 5303 5304
2172,2309 2310 2311 2312 2313 6641 6642 6643 6644 6645
2173,4896 4897 4898 4899 4900 12019 12020 12021 12022 12023
2174,5880 5881 5882 5883 5884 12034 12035 12036 12037 12038
2175,1069 1070 1071 1072 1073 12035 12036 12037 12038 12039
2176,6584 6585 6586 6587 6588 12037 12038 12039 12040 12041
2177,7297 7298 7299 7300 7301 12038 12039 12040 12041 12042
2178,1711 1712 1713 1714 1715 12042 12043 12044 12045 12046
2179,782 783 784 785 786 10421 10422 10423 10424 10425
2180,959 960 961 962 963 12043 12044 12045 12046 12047
2181,131 132 133 134 135 12044 12045 12046 12047 12048
2182,1788 1789 1790 1791 1792 11076 11077 11078 11079 11080
2183,165 166 167 168 169 12046 12047 12048 12049 12050
2184,2343 2344 2345 2346 2347 12047 12048 12049 12050 12051
2185,1708 1709 1710 1711 1712 12050 12051 12052 12053 12054
2186,1234 1235 1236 1237 1238 8859 8860 8861 8862 8863
2187,0 1 2 3 12054 12055 12056 12057 12058
2188,12051 12052 12053 12054 12055 12057 12058 12059 12060 12061
2189,1719 1720 1721 1722 1723 12059 12060 12061 12062 12063
2190,20 21 22 23 24 12065 12066 12067 12068 12069
2191,3004 3005 3006 3007 3008 12067 12068 12069 12070 12071
2192,4786 4787 4788 4789 4790 12071 12072 12073 12074 12075
2193,1314 1315 1316 1317 1318 12081 12082 12083 12084 12085
2194,164 165 166 167 168 5959 5960 5961 5962 5963
2195,1624 1625 1626 1627 1628 12083 12084 12085 12086 12087
2196,6997 6998 6999 7000 7001 12084 12085 12086 12087 12088
2197,2131 2132 2133 2134 2135 11444 11445 11446 11447 11448
2198,874 875 876 877 878 10711 10712 10713 10714 10715
2199,1130 1131 1132 1133 1134 9195 9196 9197 9198 9199
2200,3460 3461 3462 3463 3464 8710 8711 8712 8713 8714
2201,10164 10165 10166 10167 10168 12086 12087 12088 12089 12090
2202,432 433 434 435 436 12087 12088 12089 12090 12091
2203,368 369 370 371 372 12088 12089 12090 12091 12092
2204,6322 6323 6324 6325 6326 12091 12092 12093 12094 12095
2205,51 52 53 54 55 10141 10142 10143 10144 10145
2206,8 9 10 11 12 12093 12094 12095 12096 12097
2207,234 235 236 237 238 12094 12095 12096 12097 12098
2208,138 139 140 141 142 12096 12097 12098 12099 12100
2209,3589 3590 3591 3592 3593 11957 11958 11959 11960 11961
2210,83 84 85 86 87 11813 11814 11815 11816 11817
2211,5893 5894 5895 5896 5897 11030 11031 11032 11033 11034
2212,2609 2610 2611 2612 2613 12099 12100 12101 12102 12103
2213,2201 2202 2203 2204 2205 8883 8884 8885 8886 8887
2214,1416 1417 1418 1419 1420 12101 12102 12103 12104 12105
2215,5031 5032 5033 5034 5035 12102 12103 12104 12105 12106
2216,1471 1472 1473 1474 1475 12003 12004 12005 12006 12007
2217,186 187 188 189 190 12105 12106 12107 12108 12109
2218,66 67 68 69 70 12110 12111 12112 12113 12114
2219,7219 7220 7221 7222 7223 12127 12128 12129 12130 12131
2220,168 169 170 171 172 12128 12129 12130 12131 12132
2221,622 623 624 625 626 12131 12132 12133 12134 12135
2222,41 42 43 44 45 12134 12135 12136 12137 12138
2223,1872 1873 1874 1875 1876 12136 12137 12138 12139 12140
2224,8113 8114 8115 8116 8117 12138 12139 12140 12141 12142
2225,33 34 35 36 37 7467 7468 7469 7470 7471
2226,3882 3883 3884 3885 3886 11643 11644 11645 11646 11647
2227,158 159 160 161 162 11168 11169 11170 11171 11172
2228,111 112 113 114 115 12142 12143 12144 12145 12146
2229,682 683 684 685 686 7508 7509 7510 7511 7512
2230,1263 1264 1265 1266 1267 4942 4943 4944 4945 4946
2231,710 711 712 713 714 12149 12150 12151 12152 12153
2232,1006 1007 1008 1009 1010 10900 10901 10902 10903 10904
2233,7287 7288 7289 7290 7291 10409 10410 10411 10412 10413
2234,326 327 328 329 330 11753 11754 11755 11756 11757
2235,1774 1775 1776 1777 1778 12152 12153 12154 12155 12156
2236,914 915 916 917 918 12154 12155 12156 12157 12158
2237,575 576 577 578 579 12022 12023 12024 12025 12026
2238,1114 1115 1116 1117 1118 12159 12160 12161 12162 12163
2239,1675 1676 1677 1678 1679 12163 12164 12165 12166 12167
2240,766 767 768 769 770 9260 9261 9262 9263 9264
2241,3239 3240 3241 3242 3243 12164 12165 12166 12167 12168
2242,166 167 168 169 170 12165 12166 12167 12168 12169
2243,281 282 283 284 285 12166 12167 12168 12169 12170
2244,826 827 828 829 830 8950 8951 8952 8953 8954
2245,2869 2870 2871 2872 2873 9752 9753 9754 9755 9756
2246,814 815 816 817 818 12167 12168 12169 12170 12171
2247,4464 4465 4466 4467 4468 8191 8192 8193 8194 8195
2248,773 774 775 776 777 12168 12169 12170 12171 12172
2249,765 766 767 768 769 10650 10651 10652 10653 10654
2250,1297 1298 1299 1300 1301 12169 12170 12171 12172 12173
2251,0 1 2 12171 12172 12173 12174 12175
2252,287 288 289 290 291 11812 11813 11814 11815 11816
2253,6407 6408 6409 6410 6411 12172 12173 12174 12175 12176
2254,131 132 133 134 135 12178 12179 12180 12181 12182
2255,1009 1010 1011 1012 1013 12128 12129 12130 12131 12132
2256,1931 1932 1933 1934 1935 3830 3831 3832 3833 3834
2257,177 178 179 180 181 8442 8443 8444 8445 8446
2258,3891 3892 3893 3894 3895 12183 12184 12185 12186 12187
2259,3375 3376 3377 3378 3379 12185 12186 12187 12188 12189
2260,1125 1126 1127 1128 1129 9611 9612 9613 9614 9615
2261,1290 1291 1292 1293 1294 12187 12188 12189 12190 12191
2262,634 635 636 637 638 12188 12189 12190 12191 12192
2263,1625 1626 1627 1628 1629 11331 11332 11333 11334 11335
2264,333 334 335 336 337 12194 12195 12196 12197 12198
2265,562 563 564 565 566 12197 12198 12199 12200 12201
2266,345 346 347 348 349 12198 12199 12200 12201 12202
2267,821 822 823 824 825 12201 12202 12203 12204 12205
2268,59 60 61 62 63 12204 12205 12206 12207 12208
2269,41 42 43 44 45 12206 12207 12208 12209 12210
2270,1119 1120 1121 1122 1123 12208 12209 12210 12211 12212
2271,393 394 395 396 397 12212 12213 12214 12215 12216
2272,770 771 772 773 774 7505 7506 7507 7508 7509
2273,4304 4305 4306 4307 4308 12213 12214 12215 12216 12217
2274,3273 3274 3275 3276 3277 11074 11075 11076 11077 11078
2275,748 749 750 751 752 12214 12215 12216 12217 12218
2276,1360 1361 1362 1363 1364 12218 12219 12220 12221 12222
2277,213 214 215 216 217 12224 12225 12226 12227 12228
2278,8122 8123 8124 8125 8126 12226 12227 12228 12229 12230
2279,656 657 658 659 660 3710 3711 3712 3713 3714
2280,2265 2266 2267 2268 2269 11916 11917 11918 11919 11920
2281,633 634 635 636 637 12228 12229 12230 12231 12232
2282,318 319 320 321 322 10511 10512 10513 10514 10515
2283,202 203 204 205 206 11251 11252 11253 11254 11255
2284,2055 2056 2057 2058 2059 12230 12231 12232 12233 12234
2285,12225 12226 12227 12228 12229 12231 12232 12233 12234 12235
2286,2270 2271 2272 2273 2274 8862 8863 8864 8865 8866
2287,385 386 387 388 389 12234 12235 12236 12237 12238
2288,258 259 260 261 262 12237 12238 12239 12240 12241
2289,7780 7781 7782 7783 7784 12243 12244 12245 12246 12247
2290,2637 2638 2639 2640 2641 6127 6128 6129 6130 6131
2291,1280 1281 1282 1283 1284 12019 12020 12021 12022 12023
2292,192 193 194 195 196 11707 11708 11709 11710 11711
2293,0 1 2 3 11346 11347 11348 11349 11350
2294,326 327 328 329 330 12245 12246 12247 12248 12249
2295,1890 1891 1892 1893 1894 5256 5257 5258 5259 5260
2296,158 159 160 161 162 12246 12247 12248 12249 12250
2297,27 28 29 30 31 12253 12254 12255 12256 12257
2298,3165 3166 3167 3168 3169 9175 9176 9177 9178 9179
2299,2247 2248 2249 2250 2251 10135 10136 10137 10138 10139
2300,1147 1148 1149 1150 1151 12261 12262 12263 12264 12265
2301,0 1 2 3 10440 10441 10442 10443 10444
2302,2370 2371 2372 2373 2374 12263 12264 12265 12266 12267
2303,1111 1112 1113 1114 1115 12083 12084 12085 12086 12087
2304,628 629 630 631 632 12266 12267 12268 12269 12270
2305,349 350 351 352 353 12268 12269 12270 12271 12272
2306,1992 1993 1994 1995 1996 12269 12270 12271 12272 12273
2307,1331 1332 1333 1334 1335 12270 12271 12272 12273 12274
2308,2210 2211 2212 2213 2214 11257 11258 11259 11260 11261
2309,2736 2737 2738 2739 2740 11366 11367 11368 11369 11370
2310,9776 9777 9778 9779 9780 12274 12275 12276 12277 12278
2311,12269 12270 12271 12272 12273 12276 12277 12278 12279 12280
2312,1716 1717 1718 1719 1720 9752 9753 9754 9755 9756
2313,625 626 627 628 629 6260 6261 6262 6263 6264
2314,280 281 282 283 284 12279 12280 12281 12282 12283
2315,3497 3498 3499 3500 3501 12280 12281 12282 12283 12284
2316,456 457 458 459 460 12281 12282 12283 12284 12285
2317,2400 2401 2402 2403 2404 12282 12283 12284 12285 12286
2318,12278 12279 12280 12281 12282 12285 12286 12287 12288 12289
2319,1550 1551 1552 1553 1554 12286 12287 12288 12289 12290
2320,1092 1093 1094 1095 1096 3740 3741 3742 3743 3744
2321,12283 12284 12285 12286 12287 12291 12292 12293 12294 12295
2322,6170 6171 6172 6173 6174 12296 12297 12298 12299 12300
2323,120 121 122 123 124 8524 8525 8526 8527 8528
2324,2254 2255 2256 2257 2258 12298 12299 12300 12301 12302
2325,10966 10967 10968 10969 10970 12301 12302 12303 12304 12305
2326,40 41 42 43 44 4018 4019 4020 4021 4022
2327,12296 12297 12298 12299 12300 12303 12304 12305 12306 12307
2328,1125 1126 1127 1128 1129 9611 9612 9613 9614 9615
2329,2645 2646 2647 2648 2649 12304 12305 12306 12307 12308
2330,4402 4403 4404 4405 4406 10989 10990 10991 10992 10993
2331,239 240 241 242 243 8180 8181 8182 8183 8184
2332,805 806 807 808 809 12309 12310 12311 12312 12313
2333,168 169 170 171 172 10296 10297 10298 10299 10300
2334,181 182 183 184 185 8316 8317 8318 8319 8320
2335,1338 1339 1340 1341 1342 12317 12318 12319 12320 12321
2336,739 740 741 742 743 12319 12320 12321 12322 12323
2337,78 79 80 81 82 11931 11932 11933 11934 11935
2338,635 636 637 638 639 12321 12322 12323 12324 12325
2339,10742 10743 10744 10745 10746 12323 12324 12325 12326 12327
2340,6688 6689 6690 6691 6692 11116 11117 11118 11119 11120
2341,681 682 683 684 685 3812 3813 3814 3815 3816
2342,1065 1066 1067 1068 1069 12324 12325 12326 12327 12328
2343,506 507 508 509 510 9983 9984 9985 9986 9987
2344,1164 1165 1166 1167 1168 8204 8205 8206 8207 8208
2345,6053 6054 6055 6056 6057 12327 12328 12329 12330 12331
2346,4315 4316 4317 4318 4319 10499 10500 10501 10502 10503
2347,1032 1033 1034 1035 1036 12328 12329 12330 12331 12332
2348,8707 8708 8709 8710 8711 12330 12331 12332 12333 12334
2349,998 999 1000 1001 1002 11987 11988 11989 11990 11991
2350,4661 4662 4663 4664 4665 12331 12332 12333 12334 12335
2351,4894 4895 4896 4897 4898 12332 12333 12334 12335 12336
2352,1006 1007 1008 1009 1010 12334 12335 12336 12337 12338
2353,12330 12331 12332 12333 12334 12336 12337 12338 12339 12340
2354,2795 2796 2797 2798 2799 12337 12338 12339 12340 12341
2355,173 174 175 176 177 12338 12339 12340 12341 12342
2356,2258 2259 2260 2261 2262 12340 12341 12342 12343 12344
2357,223 224 225 226 227 12347 12348 12349 12350 12351
2358,600 601 602 603 604 11485 11486 11487 11488 11489
2359,4836 4837 4838 4839 4840 12348 12349 12350 12351 12352
2360,1005 1006 1007 1008 1009 12351 12352 12353 12354 12355
2361,4959 4960 4961 4962 4963 12353 12354 12355 12356 12357
2362,2769 2770 2771 2772 2773 6045 6046 6047 6048 6049
2363,11337 11338 11339 11340 11341 12358 12359 12360 12361 12362
2364,691 692 693 694 695 12361 12362 12363 12364 12365
2365,4449 4450 4451 4452 4453 12362 12363 12364 12365 12366
2366,1948 1949 1950 1951 1952 10722 10723 10724 10725 10726
2367,1539 1540 1541 1542 1543 12363 12364 12365 12366 12367
2368,1264 1265 1266 1267 1268 12364 12365 12366 12367 12368
2369,0 12367 12368 12369 12370 12371
2370,1131 1132 1133 1134 1135 12370 12371 12372 12373 12374
2371,420 421 422 423 424 11961 11962 11963 11964 11965
2372,233 234 235 236 237 12374 12375 12376 12377 12378
2373,317 318 319 320 321 10615 10616 10617 10618 10619
2374,391 392 393 394 395 12375 12376 12377 12378 12379
2375,1006 1007 1008 1009 1010 12379 12380 12381 12382 12383
2376,188 189 190 191 192 12381 12382 12383 12384 12385
2377,4 5 6 7 8 11425 11426 11427 11428 11429
2378,119 120 121 122 123 12384 12385 12386 12387 12388
2379,12004 12005 12006 12007 12008 12388 12389 12390 12391 12392
2380,998 999 1000 1001 1002 12393 12394 12395 12396 12397
2381,873 874 875 876 877 10101 10102 10103 10104 10105
2382,3962 3963 3964 3965 3966 12400 12401 12402 12403 12404
2383,5730 5731 5732 5733 5734 9687 9688 9689 9690 9691
2384,3108 3109 3110 3111 3112 12403 12404 12405 12406 12407
2385,144 145 146 147 148 12406 12407 12408 12409 12410
2386,170 171 172 173 174 12129 12130 12131 12132 12133
2387,4460 4461 4462 4463 4464 5198 5199 5200 5201 5202
2388,619 620 621 622 623 12407 12408 12409 12410 12411
2389,1369 1370 1371 1372 1373 7941 7942 7943 7944 7945
2390,1131 1132 1133 1134 1135 10089 10090 10091 10092 10093
2391,606 607 608 609 610 12419 12420 12421 12422 12423
2392,12414 12415 12416 12417 12418 12420 12421 12422 12423 12424
2393,1991 1992 1993 1994 1995 1998 1999 2000 2001 2002
2394,832 833 834 835 836 12421 12422 12423 12424 12425
2395,202 203 204 205 206 12422 12423 12424 12425 12426
2396,7524 7525 7526 7527 7528 10185 10186 10187 10188 10189
2397,2452 2453 2454 2455 2456 10358 10359 10360 10361 10362
2398,1176 1177 1178 1179 1180 4057 4058 4059 4060 4061
2399,455 456 457 458 459 12423 12424 12425 12426 12427
2400,773 774 775 776 777 9469 9470 9471 9472 9473
2401,3766 3767 3768 3769 3770 5358 5359 5360 5361 5362
2402,661 662 663 664 665 7484 7485 7486 7487 7488
2403,1907 1908 1909 1910 1911 7947 7948 7949 7950 7951
2404,2609 2610 2611 2612 2613 12426 12427 12428 12429 12430
2405,191 192 193 194 195 11865 11866 11867 11868 11869
2406,35 36 37 38 39 12429 12430 12431 12432 12433
2407,2629 2630 2631 2632 2633 10561 10562 10563 10564 10565
2408,3070 3071 3072 3073 3074 6704 6705 6706 6707 6708
2409,645 646 647 648 649 12431 12432 12433 12434 12435
2410,39 40 41 42 43 4767 4768 4769 4770 4771
2411,6157 6158 6159 6160 6161 12433 12434 12435 12436 12437
2412,318 319 320 321 322 11600 11601 11602 11603 11604
2413,43 44 45 46 47 12437 12438 12439 12440 12441
2414,2281 2282 2283 2284 2285 12438 12439 12440 12441 12442
2415,385 386 387 388 389 12439 12440 12441 12442 12443
2416,10018 10019 10020 10021 10022 11713 11714 11715 11716 11717
2417,703 704 705 706 707 11962 11963 11964 11965 11966
2418,2128 2129 2130 2131 2132 11746 11747 11748 11749 11750
2419,3857 3858 3859 3860 3861 9955 9956 9957 9958 9959
2420,2400 2401 2402 2403 2404 12446 12447 12448 12449 12450
2421,18 19 20 21 22 12450 12451 12452 12453 12454
2422,7313 7314 7315 7316 7317 12459 12460 12461 12462 12463
2423,8839 8840 8841 8842 8843 12460 12461 12462 12463 12464
2424,24 25 26 27 28 11969 11970 11971 11972 11973
2425,1748 1749 1750 1751 1752 12462 12463 12464 12465 12466
2426,733 734 735 736 737 12463 12464 12465 12466 12467
2427,1966 1967 1968 1969 1970 11345 11346 11347 11348 11349
2428,5731 5732 5733 5734 5735 12464 12465 12466 12467 12468
2429,30 31 32 33 34 12469 12470 12471 12472 12473
2430,791 792 793 794 795 11925 11926 11927 11928 11929
2431,4748 4749 4750 4751 4752 11433 11434 11435 11436 11437
2432,570 571 572 573 574 12475 12476 12477 12478 12479
2433,405 406 407 408 409 11875 11876 11877 11878 11879
2434,5797 5798 5799 5800 5801 12479 12480 12481 12482 12483
2435,10442 10443 10444 10445 10446 12481 12482 12483 12484 12485
2436,2911 2912 2913 2914 2915 12483 12484 12485 12486 12487
2437,800 801 802 803 804 12485 12486 12487 12488 12489
2438,871 872 873 874 875 12204 12205 12206 12207 12208
2439,2609 2610 2611 2612 2613 9296 9297 9298 9299 9300
2440,43 44 45 46 47 12488 12489 12490 12491 12492
2441,134 135 136 137 138 12491 12492 12493 12494 12495
2442,3486 3487 3488 3489 3490 3492 3493 3494 3495 3496
2443,3278 3279 3280 3281 3282 10472 10473 10474 10475 10476
2444,4691 4692 4693 4694 4695 12493 12494 12495 12496 12497
2445,59 60 61 62 63 10719 10720 10721 10722 10723
2446,2858 2859 2860 2861 2862 12494 12495 12496 12497 12498
2447,5848 5849 5850 5851 5852 12495 12496 12497 12498 12499
2448,1288 1289 1290 1291 1292 12497 12498 12499 12500 12501
2449,682 683 684 685 686 12498 12499 12500 12501 12502
2450,5873 5874 5875 5876 5877 12500 12501 12502 12503 12504
2451,3669 3670 3671 3672 3673 10699 10700 10701 10702 10703
2452,321 322 323 324 325 12511 12512 12513 12514 12515
2453,41 42 43 44 45 11955 11956 11957 11958 11959
2454,1314 1315 1316 1317 1318 9193 9194 9195 9196 9197
2455,2688 2689 2690 2691 2692 10762 10763 10764 10765 10766
2456,2434 2435 2436 2437 2438 10152 10153 10154 10155 10156
2457,613 614 615 616 617 10643 10644 10645 10646 10647
2458,524 525 526 527 528 11268 11269 11270 11271 11272
2459,4187 4188 4189 4190 4191 5942 5943 5944 5945 5946
2460,318 319 320 321 322 10711 10712 10713 10714 10715
2461,3135 3136 3137 3138 3139 8069 8070 8071 8072 8073
2462,50 51 52 53 54 12516 12517 12518 12519 12520
2463,221 222 223 224 225 11976 11977 11978 11979 11980
2464,2834 2835 2836 2837 2838 12526 12527 12528 12529 12530
2465,1786 1787 1788 1789 1790 12531 12532 12533 12534 12535
2466,351 352 353 354 355 12534 12535 12536 12537 12538
2467,4324 4325 4326 4327 4328 12535 12536 12537 12538 12539
2468,3308 3309 3310 3311 3312 5074 5075 5076 5077 5078
2469,2645 2646 2647 2648 2649 12537 12538 12539 12540 12541
2470,3975 3976 3977 3978 3979 12538 12539 12540 12541 12542
2471,124 125 126 127 128 12544 12545 12546 12547 12548
2472,237 238 239 240 241 12545 12546 12547 12548 12549
2473,426 427 428 429 430 12546 12547 12548 12549 12550
2474,1580 1581 1582 1583 1584 8516 8517 8518 8519 8520
2475,3906 3907 3908 3909 3910 10599 10600 10601 10602 10603
2476,2872 2873 2874 2875 2876 12549 12550 12551 12552 12553
2477,2897 2898 2899 2900 2901 2904 2905 2906 2907 2908
2478,203 204 205 206 207 12550 12551 12552 12553 12554
2479,1867 1868 1869 1870 1871 12551 12552 12553 12554 12555
2480,998 999 1000 1001 1002 12552 12553 12554 12555 12556
2481,0 1 2 3 12557 12558 12559 12560 12561
2482,635 636 637 638 639 12563 12564 12565 12566 12567
2483,164 165 166 167 168 12564 12565 12566 12567 12568
2484,2336 2337 2338 2339 2340 10716 10717 10718 10719 10720
2485,2434 2435 2436 2437 2438 12567 12568 12569 12570 12571
2486,386 387 388 389 390 12569 12570 12571 12572 12573
2487,2110 2111 2112 2113 2114 12572 12573 12574 12575 12576
2488,6515 6516 6517 6518 6519 12573 12574 12575 12576 12577
2489,2734 2735 2736 2737 2738 12574 12575 12576 12577 12578
2490,164 165 166 167 168 3215 3216 3217 3218 3219
2491,179 180 181 182 183 12576 12577 12578 12579 12580
2492,159 160 161 162 163 4349 4350 4351 4352 4353
2493,44 45 46 47 48 11920 11921 11922 11923 11924
2494,764 765 766 767 768 8269 8270 8271 8272 8273
2495,4444 4445 4446 4447 4448 12578 12579 12580 12581 12582
2496,4555 4556 4557 4558 4559 11603 11604 11605 11606 11607
2497,682 683 684 685 686 10673 10674 10675 10676 10677
2498,1069 1070 1071 1072 1073 12580 12581 12582 12583 12584
2499,499 500 501 502 503 10162 10163 10164 10165 10166
2500,146 147 148 149 150 12584 12585 12586 12587 12588
2501,2055 2056 2057 2058 2059 12589 12590 12591 12592 12593
2502,4683 4684 4685 4686 4687 12590 12591 12592 12593 12594
2503,189 190 191 192 193 11049 11050 11051 11052 11053
2504,380 381 382 383 384 12244 12245 12246 12247 12248
2505,1361 1362 1363 1364 1365 12591 12592 12593 12594 12595
2506,7550 7551 7552 7553 7554 8315 8316 8317 8318 8319
2507,1044 1045 1046 1047 1048 10103 10104 10105 10106 10107
2508,2336 2337 2338 2339 2340 10741 10742 10743 10744 10745
2509,479 480 481 482 483 12592 12593 12594 12595 12596
2510,318 319 320 321 322 12593 12594 12595 12596 12597
2511,3252 3253 3254 3255 3256 10211 10212 10213 10214 10215
2512,158 159 160 161 162 10967 10968 10969 10970 10971
2513,79 80 81 82 83 12110 12111 12112 12113 12114
2514,123 124 125 126 127 12432 12433 12434 12435 12436
2515,272 273 274 275 276 12460 12461 12462 12463 12464
2516,593 594 595 596 597 11906 11907 11908 11909 11910
2517,380 381 382 383 384 12594 12595 12596 12597 12598
2518,6486 6487 6488 6489 6490 12601 12602 12603 12604 12605
2519,6756 6757 6758 6759 6760 7263 7264 7265 7266 7267
2520,3553 3554 3555 3556 3557 12603 12604 12605 12606 12607
2521,40 41 42 43 44 12606 12607 12608 12609 12610
2522,975 976 977 978 979 4221 4222 4223 4224 4225
2523,389 390 391 392 393 12607 12608 12609 12610 12611
2524,734 735 736 737 738 740 741 742 743 744
2525,2367 2368 2369 2370 2371 12610 12611 12612 12613 12614
2526,164 165 166 167 168 12611 12612 12613 12614 12615
2527,2834 2835 2836 2837 2838 12612 12613 12614 12615 12616
2528,2853 2854 2855 2856 2857 12613 12614 12615 12616 12617
2529,1277 1278 1279 1280 1281 12620 12621 12622 12623 12624
2530,4621 4622 4623 4624 4625 10462 10463 10464 10465 10466
2531,122 123 124 125 126 12622 12623 12624 12625 12626
2532,326 327 328 329 330 10961 10962 10963 10964 10965
2533,9392 9393 9394 9395 9396 9989 9990 9991 9992 9993
2534,1172 1173 1174 1175 1176 12624 12625 12626 12627 12628
2535,8581 8582 8583 8584 8585 12626 12627 12628 12629 12630
2536,10246 10247 10248 10249 10250 12627 12628 12629 12630 12631
2537,1312 1313 1314 1315 1316 12631 12632 12633 12634 12635
2538,183 184 185 186 187 12634 12635 12636 12637 12638
2539,662 663 664 665 666 11318 11319 11320 11321 11322
2540,1383 1384 1385 1386 1387 10226 10227 10228 10229 10230
2541,1654 1655 1656 1657 1658 12635 12636 12637 12638 12639
2542,41 42 43 44 45 4993 4994 4995 4996 4997
2543,12630 12631 12632 12633 12634 12637 12638 12639 12640 12641
2544,998 999 1000 1001 1002 11724 11725 11726 11727 11728
2545,363 364 365 366 367 6219 6220 6221 6222 6223
2546,2253 2254 2255 2256 2257 12642 12643 12644 12645 12646
2547,2842 2843 2844 2845 2846 6782 6783 6784 6785 6786
2548,996 997 998 999 1000 12645 12646 12647 12648 12649
2549,1878 1879 1880 1881 1882 12650 12651 12652 12653 12654
2550,1773 1774 1775 1776 1777 2376 2377 2378 2379 2380
2551,4626 4627 4628 4629 4630 12652 12653 12654 12655 12656
2552,57 58 59 60 61 12653 12654 12655 12656 12657
2553,134 135 136 137 138 12655 12656 12657 12658 12659
2554,665 666 667 668 669 12658 12659 12660 12661 12662
2555,5411 5412 5413 5414 5415 10664 10665 10666 10667 10668
2556,1709 1710 1711 1712 1713 12665 12666 12667 12668 12669
2557,12660 12661 12662 12663 12664 12666 12667 12668 12669 12670
2558,35 36 37 38 39 12668 12669 12670 12671 12672
2559,1194 1195 1196 1197 1198 12669 12670 12671 12672 12673
2560,3879 3880 3881 3882 3883 12671 12672 12673 12674 12675
2561,5340 5341 5342 5343 5344 12673 12674 12675 12676 12677
2562,12286 12287 12288 12289 12290 12675 12676 12677 12678 12679
2563,632 633 634 635 636 11362 11363 11364 11365 11366
2564,12671 12672 12673 12674 12675 12679 12680 12681 12682 12683
2565,34 35 36 37 38 5306 5307 5308 5309 5310
2566,8776 8777 8778 8779 8780 12684 12685 12686 12687 12688
2567,3598 3599 3600 3601 3602 12688 12689 12690 12691 12692
2568,116 117 118 119 120 12690 12691 12692 12693 12694
2569,12685 12686 12687 12688 12689 12692 12693 12694 12695 12696
2570,43 44 45 46 47 12693 12694 12695 12696 12697
2571,6499 6500 6501 6502 6503 12695 12696 12697 12698 12699
2572,3513 3514 3515 3516 3517 8764 8765 8766 8767 8768
2573,665 666 667 668 669 10091 10092 10093 10094 10095
2574,959 960 961 962 963 12697 12698 12699 12700 12701
2575,12307 12308 12309 12310 12311 12698 12699 12700 12701 12702
2576,1576 1577 1578 1579 1580 6212 6213 6214 6215 6216
2577,437 438 439 440 441 11716 11717 11718 11719 11720
2578,379 380 381 382 383 12708 12709 12710 12711 12712
2579,290 291 292 293 294 11466 11467 11468 11469 11470
2580,1828 1829 1830 1831 1832 9850 9851 9852 9853 9854
2581,1678 1679 1680 1681 1682 12710 12711 12712 12713 12714
2582,606 607 608 609 610 12712 12713 12714 12715 12716
2583,2912 2913 2914 2915 2916 7285 7286 7287 7288 7289
2584,8752 8753 8754 8755 8756 12275 12276 12277 12278 12279
2585,695 696 697 698 699 12714 12715 12716 12717 12718
2586,1418 1419 1420 1421 1422 12715 12716 12717 12718 12719
2587,318 319 320 321 322 12717 12718 12719 12720 12721
2588,570 571 572 573 574 12718 12719 12720 12721 12722
2589,1063 1064 1065 1066 1067 11831 11832 11833 11834 11835
2590,1672 1673 1674 1675 1676 12719 12720 12721 12722 12723
2591,348 349 350 351 352 12721 12722 12723 12724 12725
2592,378 379 380 381 382 4760 4761 4762 4763 4764
2593,679 680 681 682 683 12724 12725 12726 12727 12728
2594,2367 2368 2369 2370 2371 12740 12741 12742 12743 12744
2595,196 197 198 199 200 11090 11091 11092 11093 11094
2596,35 36 37 38 39 10595 10596 10597 10598 10599
2597,3249 3250 3251 3252 3253 10719 10720 10721 10722 10723
2598,5777 5778 5779 5780 5781 9827 9828 9829 9830 9831
2599,3799 3800 3801 3802 3803 12741 12742 12743 12744 12745
2600,3143 3144 3145 3146 3147 12742 12743 12744 12745 12746
2601,540 541 542 543 544 10341 10342 10343 10344 10345
2602,2737 2738 2739 2740 2741 12746 12747 12748 12749 12750
2603,2422 2423 2424 2425 2426 9975 9976 9977 9978 9979
2604,8491 8492 8493 8494 8495 12624 12625 12626 12627 12628
2605,2871 2872 2873 2874 2875 12210 12211 12212 12213 12214
2606,12744 12745 12746 12747 12748 12752 12753 12754 12755 12756
2607,1572 1573 1574 1575 1576 7018 7019 7020 7021 7022
2608,5140 5141 5142 5143 5144 12753 12754 12755 12756 12757
2609,12748 12749 12750 12751 12752 12754 12755 12756 12757 12758
2610,11178 11179 11180 11181 11182 12756 12757 12758 12759 12760
2611,389 390 391 392 393 11108 11109 11110 11111 11112
2612,323 324 325 326 327 12760 12761 12762 12763 12764
2613,331 332 333 334 335 12764 12765 12766 12767 12768
2614,792 793 794 795 796 12765 12766 12767 12768 12769
2615,2875 2876 2877 2878 2879 6554 6555 6556 6557 6558
2616,1958 1959 1960 1961 1962 11292 11293 11294 11295 11296
2617,2128 2129 2130 2131 2132 8526 8527 8528 8529 8530
2618,1142 1143 1144 1145 1146 12766 12767 12768 12769 12770
2619,5899 5900 5901 5902 5903 12767 12768 12769 12770 12771
2620,9667 9668 9669 9670 9671 12770 12771 12772 12773 12774
2621,1438 1439 1440 1441 1442 9716 9717 9718 9719 9720
2622,194 195 196 197 198 12783 12784 12785 12786 12787
2623,464 465 466 467 468 12785 12786 12787 12788 12789
2624,816 817 818 819 820 12550 12551 12552 12553 12554
2625,200 201 202 203 204 12003 12004 12005 12006 12007
2626,217 218 219 220 221 12581 12582 12583 12584 12585
2627,764 765 766 767 768 6921 6922 6923 6924 6925
2628,631 632 633 634 635 12789 12790 12791 12792 12793
2629,318 319 320 321 322 12792 12793 12794 12795 12796
2630,2054 2055 2056 2057 2058 3281 3282 3283 3284 3285
2631,4529 4530 4531 4532 4533 12793 12794 12795 12796 12797
2632,180 181 182 183 184 8294 8295 8296 8297 8298
2633,1403 1404 1405 1406 1407 8879 8880 8881 8882 8883
2634,891 892 893 894 895 11814 11815 11816 11817 11818
2635,345 346 347 348 349 7956 7957 7958 7959 7960
2636,1816 1817 1818 1819 1820 1824 1825 1826 1827 1828
2637,32 33 34 35 36 12805 12806 12807 12808 12809
2638,137 138 139 140 141 12098 12099 12100 12101 12102
2639,420 421 422 423 424 9500 9501 9502 9503 9504
2640,399 400 401 402 403 12806 12807 12808 12809 12810
2641,3410 3411 3412 3413 3414 12807 12808 12809 12810 12811
2642,5396 5397 5398 5399 5400 10782 10783 10784 10785 10786
2643,233 234 235 236 237 12810 12811 12812 12813 12814
2644,976 977 978 979 980 10057 10058 10059 10060 10061
2645,824 825 826 827 828 11140 11141 11142 11143 11144
2646,1835 1836 1837 1838 1839 11655 11656 11657 11658 11659
2647,144 145 146 147 148 5943 5944 5945 5946 5947
2648,32 33 34 35 36 12813 12814 12815 12816 12817
2649,1796 1797 1798 1799 1800 12815 12816 12817 12818 12819
2650,806 807 808 809 810 12310 12311 12312 12313 12314
2651,440 441 442 443 444 12819 12820 12821 12822 12823
2652,318 319 320 321 322 12571 12572 12573 12574 12575
2653,3398 3399 3400 3401 3402 12823 12824 12825 12826 12827
2654,790 791 792 793 794 9923 9924 9925 9926 9927
2655,225 226 227 228 229 12825 12826 12827 12828 12829
2656,401 402 403 404 405 12826 12827 12828 12829 12830
2657,1013 1014 1015 1016 1017 10017 10018 10019 10020 10021
2658,615 616 617 618 619 12040 12041 12042 12043 12044
2659,41 42 43 44 45 12829 12830 12831 12832 12833
2660,12227 12228 12229 12230 12231 12233 12234 12235 12236 12237
2661,223 224 225 226 227 11957 11958 11959 11960 11961
2662,358 359 360 361 362 12830 12831 12832 12833 12834
2663,239 240 241 242 243 8932 8933 8934 8935 8936
2664,5479 5480 5481 5482 5483 6927 6928 6929 6930 6931
2665,5154 5155 5156 5157 5158 12836 12837 12838 12839 12840
2666,657 658 659 660 661 11174 11175 11176 11177 11178
2667,1047 1048 1049 1050 1051 11714 11715 11716 11717 11718
2668,12831 12832 12833 12834 12835 12837 12838 12839 12840 12841
2669,426 427 428 429 430 12839 12840 12841 12842 12843
2670,2535 2536 2537 2538 2539 6204 6205 6206 6207 6208
2671,7053 7054 7055 7056 7057 12590 12591 12592 12593 12594
2672,494 495 496 497 498 12841 12842 12843 12844 12845
2673,949 950 951 952 953 12843 12844 12845 12846 12847
2674,66 67 68 69 70 12846 12847 12848 12849 12850
2675,671 672 673 674 675 8484 8485 8486 8487 8488
2676,10214 10215 10216 10217 10218 12847 12848 12849 12850 12851
2677,462 463 464 465 466 12848 12849 12850 12851 12852
2678,3441 3442 3443 3444 3445 11733 11734 11735 11736 11737
2679,975 976 977 978 979 12852 12853 12854 12855 12856
2680,1791 1792 1793 1794 1795 12853 12854 12855 12856 12857
2681,4175 4176 4177 4178 4179 12854 12855 12856 12857 12858
2682,839 840 841 842 843 11428 11429 11430 11431 11432
2683,378 379 380 381 382 12857 12858 12859 12860 12861
2684,12852 12853 12854 12855 12856 12858 12859 12860 12861 12862
2685,1553 1554 1555 1556 1557 12861 12862 12863 12864 12865
2686,4730 4731 4732 4733 4734 10198 10199 10200 10201 10202
2687,2826 2827 2828 2829 2830 11658 11659 11660 11661 11662
2688,2661 2662 2663 2664 2665 4060 4061 4062 4063 4064
2689,413 414 415 416 417 12863 12864 12865 12866 12867
2690,4376 4377 4378 4379 4380 12865 12866 12867 12868 12869
2691,5762 5763 5764 5765 5766 12031 12032 12033 12034 12035
2692,5897 5898 5899 5900 5901 12866 12867 12868 12869 12870
2693,1006 1007 1008 1009 1010 12867 12868 12869 12870 12871
2694,247 248 249 250 251 12870 12871 12872 12873 12874
2695,12865 12866 12867 12868 12869 12872 12873 12874 12875 12876
2696,2128 2129 2130 2131 2132 11470 11471 11472 11473 11474
2697,886 887 888 889 890 12874 12875 12876 12877 12878
2698,86 87 88 89 90 12878 12879 12880 12881 12882
2699,5174 5175 5176 5177 5178 12880 12881 12882 12883 12884
2700,69 70 71 72 73 12043 12044 12045 12046 12047
2701,1006 1007 1008 1009 1010 12884 12885 12886 12887 12888
2702,241 242 243 244 245 12547 12548 12549 12550 12551
2703,141 142 143 144 145 12887 12888 12889 12890 12891
2704,12294 12295 12296 12297 12298 12888 12889 12890 12891 12892
2705,787 788 789 790 791 12889 12890 12891 12892 12893
2706,5881 5882 5883 5884 5885 12891 12892 12893 12894 12895
2707,6841 6842 6843 6844 6845 6847 6848 6849 6850 6851
2708,7518 7519 7520 7521 7522 11304 11305 11306 11307 11308
2709,669 670 671 672 673 12898 12899 12900 12901 12902
2710,2649 2650 2651 2652 2653 12899 12900 12901 12902 12903
2711,2656 2657 2658 2659 2660 10730 10731 10732 10733 10734
2712,3062 3063 3064 3065 3066 12901 12902 12903 12904 12905
2713,1349 1350 1351 1352 1353 9855 9856 9857 9858 9859
2714,1739 1740 1741 1742 1743 12902 12903 12904 12905 12906
2715,7081 7082 7083 7084 7085 12903 12904 12905 12906 12907
2716,5425 5426 5427 5428 5429 12907 12908 12909 12910 12911
2717,4778 4779 4780 4781 4782 12908 12909 12910 12911 12912
2718,1006 1007 1008 1009 1010 9195 9196 9197 9198 9199
2719,5294 5295 5296 5297 5298 12502 12503 12504 12505 12506
2720,1663 1664 1665 1666 1667 12910 12911 12912 12913 12914
2721,997 998 999 1000 1001 11779 11780 11781 11782 11783
2722,1324 1325 1326 1327 1328 4345 4346 4347 4348 4349
2723,2253 2254 2255 2256 2257 11751 11752 11753 11754 11755
2724,4588 4589 4590 4591 4592 12911 12912 12913 12914 12915
2725,216 217 218 219 220 5381 5382 5383 5384 5385
2726,11226 11227 11228 11229 11230 11232 11233 11234 11235 11236
2727,5188 5189 5190 5191 5192 10042 10043 10044 10045 10046
2728,2609 2610 2611 2612 2613 12912 12913 12914 12915 12916
2729,3970 3971 3972 3973 3974 6728 6729 6730 6731 6732
2730,1003 1004 1005 1006 1007 12916 12917 12918 12919 12920
2731,1517 1518 1519 1520 1521 9811 9812 9813 9814 9815
2732,101 102 103 104 105 12017 12018 12019 12020 12021
2733,1006 1007 1008 1009 1010 9757 9758 9759 9760 9761
2734,358 359 360 361 362 12919 12920 12921 12922 12923
2735,2290 2291 2292 2293 2294 10273 10274 10275 10276 10277
2736,1657 1658 1659 1660 1661 9811 9812 9813 9814 9815
2737,1820 1821 1822 1823 1824 12921 12922 12923 12924 12925
2738,3314 3315 3316 3317 3318 12923 12924 12925 12926 12927
2739,1821 1822 1823 1824 1825 9851 9852 9853 9854 9855
2740,1549 1550 1551 1552 1553 12926 12927 12928 12929 12930
2741,1714 1715 1716 1717 1718 12930 12931 12932 12933 12934
2742,2979 2980 2981 2982 2983 12932 12933 12934 12935 12936
2743,1821 1822 1823 1824 1825 10996 10997 10998 10999 11000
2744,6842 6843 6844 6845 6846 12936 12937 12938 12939 12940
2745,2918 2919 2920 2921 2922 9204 9205 9206 9207 9208
2746,996 997 998 999 1000 10509 10510 10511 10512 10513
2747,1006 1007 1008 1009 1010 12937 12938 12939 12940 12941
2748,1714 1715 1716 1717 1718 12930 12931 12932 12933 12934
2749,6 7 8 9 10 16 17 18 19 20
2750,358 359 360 361 362 12874 12875 12876 12877 12878
2751,1846 1847 1848 1849 1850 12939 12940 12941 12942 12943
2752,6712 6713 6714 6715 6716 6726 6727 6728 6729 6730
2753,225 226 227 228 229 12940 12941 12942 12943 12944
2754,6804 6805 6806 6807 6808 10954 10955 10956 10957 10958
2755,10313 10314 10315 10316 10317 12941 12942 12943 12944 12945
2756,4801 4802 4803 4804 4805 12942 12943 12944 12945 12946
2757,3071 3072 3073 3074 3075 12943 12944 12945 12946 12947
2758,962 963 964 965 966 12945 12946 12947 12948 12949
2759,1006 1007 1008 1009 1010 11532 11533 11534 11535 11536
2760,4576 4577 4578 4579 4580 12947 12948 12949 12950 12951
2761,4347 4348 4349 4350 4351 8883 8884 8885 8886 8887
2762,495 496 497 498 499 11015 11016 11017 11018 11019
2763,2434 2435 2436 2437 2438 12948 12949 12950 12951 12952
2764,1539 1540 1541 1542 1543 12950 12951 12952 12953 12954
2765,10564 10565 10566 10567 10568 12736 12737 12738 12739 12740
2766,4329 4330 4331 4332 4333 12961 12962 12963 12964 12965
2767,741 742 743 744 745 8997 8998 8999 9000 9001
2768,5172 5173 5174 5175 5176 12963 12964 12965 12966 12967
2769,5319 5320 5321 5322 5323 12964 12965 12966 12967 12968
2770,1933 1934 1935 1936 1937 12966 12967 12968 12969 12970
2771,1160 1161 1162 1163 1164 10529 10530 10531 10532 10533
2772,1291 1292 1293 1294 1295 5044 5045 5046 5047 5048
2773,1124 1125 1126 1127 1128 12972 12973 12974 12975 12976
2774,6511 6512 6513 6514 6515 12974 12975 12976 12977 12978
2775,378 379 380 381 382 8716 8717 8718 8719 8720
2776,3236 3237 3238 3239 3240 6229 6230 6231 6232 6233
2777,3711 3712 3713 3714 3715 12978 12979 12980 12981 12982
2778,12974 12975 12976 12977 12978 12980 12981 12982 12983 12984
2779,6665 6666 6667 6668 6669 12981 12982 12983 12984 12985
2780,1042 1043 1044 1045 1046 12917 12918 12919 12920 12921
2781,5884 5885 5886 5887 5888 12984 12985 12986 12987 12988
2782,122 123 124 125 126 12192 12193 12194 12195 12196
2783,7527 7528 7529 7530 7531 9997 9998 9999 10000 10001
2784,2279 2280 2281 2282 2283 12986 12987 12988 12989 12990
2785,4594 4595 4596 4597 4598 7367 7368 7369 7370 7371
2786,7163 7164 7165 7166 7167 12987 12988 12989 12990 12991
2787,9685 9686 9687 9688 9689 11836 11837 11838 11839 11840
2788,1588 1589 1590 1591 1592 12989 12990 12991 12992 12993
2789,41 42 43 44 45 12993 12994 12995 12996 12997
2790,2815 2816 2817 2818 2819 12995 12996 12997 12998 12999
2791,4280 4281 4282 4283 4284 7457 7458 7459 7460 7461
2792,2945 2946 2947 2948 2949 9532 9533 9534 9535 9536
2793,1704 1705 1706 1707 1708 10996 10997 10998 10999 11000
2794,4340 4341 4342 4343 4344 12997 12998 12999 13000 13001
2795,4279 4280 4281 4282 4283 9695 9696 9697 9698 9699
2796,1855 1856 1857 1858 1859 11348 11349 11350 11351 11352
2797,1881 1882 1883 1884 1885 13002 13003 13004 13005 13006
2798,1620 1621 1622 1623 1624 13005 13006 13007 13008 13009
2799,400 401 402 403 404 13008 13009 13010 13011 13012
2800,178 179 180 181 182 7370 7371 7372 7373 7374
2801,9010 9011 9012 9013 9014 13012 13013 13014 13015 13016
2802,41 42 43 44 45 13018 13019 13020 13021 13022
2803,4347 4348 4349 4350 4351 13019 13020 13021 13022 13023
2804,2799 2800 2801 2802 2803 13023 13024 13025 13026 13027
2805,571 572 573 574 575 13025 13026 13027 13028 13029
2806,2895 2896 2897 2898 2899 13027 13028 13029 13030 13031
2807,1118 1119 1120 1121 1122 13030 13031 13032 13033 13034
2808,998 999 1000 1001 1002 11779 11780 11781 11782 11783
2809,2081 2082 2083 2084 2085 5565 5566 5567 5568 5569
2810,1053 1054 1055 1056 1057 7284 7285 7286 7287 7288
2811,8834 8835 8836 8837 8838 11857 11858 11859 11860 11861
2812,10587 10588 10589 10590 10591 13033 13034 13035 13036 13037
2813,731 732 733 734 735 13034 13035 13036 13037 13038
2814,1905 1906 1907 1908 1909 13036 13037 13038 13039 13040
2815,1047 1048 1049 1050 1051 12321 12322 12323 12324 12325
2816,10051 10052 10053 10054 10055 13039 13040 13041 13042 13043
2817,2113 2114 2115 2116 2117 12635 12636 12637 12638 12639
2818,9010 9011 9012 9013 9014 13041 13042 13043 13044 13045
2819,226 227 228 229 230 13042 13043 13044 13045 13046
2820,212 213 214 215 216 11477 11478 11479 11480 11481
2821,801 802 803 804 805 3604 3605 3606 3607 3608
2822,866 867 868 869 870 2765 2766 2767 2768 2769
2823,91 92 93 94 95 8230 8231 8232 8233 8234
2824,250 251 252 253 254 13043 13044 13045 13046 13047
2825,1171 1172 1173 1174 1175 13047 13048 13049 13050 13051
2826,319 320 321 322 323 11303 11304 11305 11306 11307
2827,138 139 140 141 142 13049 13050 13051 13052 13053
2828,1535 1536 1537 1538 1539 10932 10933 10934 10935 10936
2829,996 997 998 999 1000 7064 7065 7066 7067 7068
2830,4603 4604 4605 4606 4607 12059 12060 12061 12062 12063
2831,2816 2817 2818 2819 2820 7695 7696 7697 7698 7699
2832,2074 2075 2076 2077 2078 10490 10491 10492 10493 10494
2833,1401 1402 1403 1404 1405 13050 13051 13052 13053 13054
2834,8520 8521 8522 8523 8524 13051 13052 13053 13054 13055
2835,4481 4482 4483 4484 4485 11141 11142 11143 11144 11145
2836,2662 2663 2664 2665 2666 12617 12618 12619 12620 12621
2837,2737 2738 2739 2740 2741 13053 13054 13055 13056 13057
2838,5 6 7 8 9 12823 12824 12825 12826 12827
2839,2864 2865 2866 2867 2868 11421 11422 11423 11424 11425
2840,2009 2010 2011 2012 2013 9854 9855 9856 9857 9858
2841,1688 1689 1690 1691 1692 11071 11072 11073 11074 11075
2842,483 484 485 486 487 4237 4238 4239 4240 4241
2843,2603 2604 2605 2606 2607 6107 6108 6109 6110 6111
2844,1349 1350 1351 1352 1353 6554 6555 6556 6557 6558
2845,5930 5931 5932 5933 5934 8809 8810 8811 8812 8813
2846,2632 2633 2634 2635 2636 11920 11921 11922 11923 11924
2847,1854 1855 1856 1857 1858 12552 12553 12554 12555 12556
2848,3563 3564 3565 3566 3567 12174 12175 12176 12177 12178
2849,3836 3837 3838 3839 3840 13057 13058 13059 13060 13061
2850,7670 7671 7672 7673 7674 12510 12511 12512 12513 12514
2851,513 514 515 516 517 13059 13060 13061 13062 13063
2852,12740 12741 12742 12743 12744 13060 13061 13062 13063 13064
2853,1006 1007 1008 1009 1010 13061 13062 13063 13064 13065
2854,438 439 440 441 442 5365 5366 5367 5368 5369
2855,255 256 257 258 259 13062 13063 13064 13065 13066
2856,863 864 865 866 867 12537 12538 12539 12540 12541
2857,1193 1194 1195 1196 1197 12361 12362 12363 12364 12365
2858,2458 2459 2460 2461 2462 4858 4859 4860 4861 4862
2859,1006 1007 1008 1009 1010 12730 12731 12732 12733 12734
2860,2662 2663 2664 2665 2666 13065 13066 13067 13068 13069
2861,1549 1550 1551 1552 1553 13069 13070 13071 13072 13073
2862,2161 2162 2163 2164 2165 13071 13072 13073 13074 13075
2863,2784 2785 2786 2787 2788 13074 13075 13076 13077 13078
2864,5 6 7 8 9 8712 8713 8714 8715 8716
2865,12909 12910 12911 12912 12913 13077 13078 13079 13080 13081
2866,5200 5201 5202 5203 5204 11116 11117 11118 11119 11120
2867,0 1 2 3 13078 13079 13080 13081 13082
2868,996 997 998 999 1000 12645 12646 12647 12648 12649
2869,5294 5295 5296 5297 5298 10360 10361 10362 10363 10364
2870,10978 10979 10980 10981 10982 13081 13082 13083 13084 13085
2871,11894 11895 11896 11897 11898 13083 13084 13085 13086 13087
2872,502 503 504 505 506 13084 13085 13086 13087 13088
2873,2096 2097 2098 2099 2100 7267 7268 7269 7270 7271
2874,1745 1746 1747 1748 1749 8940 8941 8942 8943 8944
2875,3521 3522 3523 3524 3525 11475 11476 11477 11478 11479
2876,1209 1210 1211 1212 1213 13099 13100 13101 13102 13103
2877,982 983 984 985 986 13102 13103 13104 13105 13106
2878,11778 11779 11780 11781 11782 13105 13106 13107 13108 13109
2879,613 614 615 616 617 9500 9501 9502 9503 9504
2880,345 346 347 348 349 11155 11156 11157 11158 11159
2881,7699 7700 7701 7702 7703 12139 12140 12141 12142 12143
2882,2027 2028 2029 2030 2031 13106 13107 13108 13109 13110
2883,5292 5293 5294 5295 5296 13108 13109 13110 13111 13112
2884,2374 2375 2376 2377 2378 11626 11627 11628 11629 11630
2885,7201 7202 7203 7204 7205 9856 9857 9858 9859 9860
2886,7642 7643 7644 7645 7646 13111 13112 13113 13114 13115
2887,309 310 311 312 313 12817 12818 12819 12820 12821
2888,5612 5613 5614 5615 5616 9656 9657 9658 9659 9660
2889,1766 1767 1768 1769 1770 10628 10629 10630 10631 10632
2890,11342 11343 11344 11345 11346 13113 13114 13115 13116 13117
2891,4713 4714 4715 4716 4717 13115 13116 13117 13118 13119
2892,1012 1013 1014 1015 1016 10886 10887 10888 10889 10890
2893,2107 2108 2109 2110 2111 11136 11137 11138 11139 11140
2894,995 996 997 998 999 12937 12938 12939 12940 12941
2895,3554 3555 3556 3557 3558 9652 9653 9654 9655 9656
2896,1706 1707 1708 1709 1710 9968 9969 9970 9971 9972
2897,12515 12516 12517 12518 12519 13117 13118 13119 13120 13121
2898,5569 5570 5571 5572 5573 12812 12813 12814 12815 12816
2899,74 75 76 77 78 10716 10717 10718 10719 10720
2900,355 356 357 358 359 11789 11790 11791 11792 11793
2901,1953 1954 1955 1956 1957 13119 13120 13121 13122 13123
2902,164 165 166 167 168 6649 6650 6651 6652 6653
2903,873 874 875 876 877 11759 11760 11761 11762 11763
2904,803 804 805 806 807 13124 13125 13126 13127 13128
2905,4510 4511 4512 4513 4514 9785 9786 9787 9788 9789
2906,5018 5019 5020 5021 5022 9200 9201 9202 9203 9204
2907,3489 3490 3491 3492 3493 9410 9411 9412 9413 9414
2908,367 368 369 370 371 13126 13127 13128 13129 13130
2909,2815 2816 2817 2818 2819 13128 13129 13130 13131 13132
2910,12 13 14 15 16 6434 6435 6436 6437 6438
2911,8761 8762 8763 8764 8765 11400 11401 11402 11403 11404
2912,613 614 615 616 617 13130 13131 13132 13133 13134
2913,2904 2905 2906 2907 2908 13131 13132 13133 13134 13135
2914,6231 6232 6233 6234 6235 9896 9897 9898 9899 9900
2915,573 574 575 576 577 13133 13134 13135 13136 13137
2916,165 166 167 168 169 8820 8821 8822 8823 8824
2917,109 110 111 112 113 11587 11588 11589 11590 11591
2918,3438 3439 3440 3441 3442 7218 7219 7220 7221 7222
2919,50 51 52 53 54 13136 13137 13138 13139 13140
2920,172 173 174 175 176 12811 12812 12813 12814 12815
2921,522 523 524 525 526 13139 13140 13141 13142 13143
2922,11758 11759 11760 11761 11762 13143 13144 13145 13146 13147
2923,5392 5393 5394 5395 5396 13144 13145 13146 13147 13148
2924,2145 2146 2147 2148 2149 6872 6873 6874 6875 6876
2925,2207 2208 2209 2210 2211 12813 12814 12815 12816 12817
2926,2012 2013 2014 2015 2016 13145 13146 13147 13148 13149
2927,634 635 636 637 638 13146 13147 13148 13149 13150
2928,8746 8747 8748 8749 8750 13160 13161 13162 13163 13164
2929,2828 2829 2830 2831 2832 13161 13162 13163 13164 13165
2930,84 85 86 87 88 13081 13082 13083 13084 13085
2931,144 145 146 147 148 13162 13163 13164 13165 13166
2932,93 94 95 96 97 12802 12803 12804 12805 12806
2933,11434 11435 11436 11437 11438 13166 13167 13168 13169 13170
2934,9355 9356 9357 9358 9359 13167 13168 13169 13170 13171
2935,10455 10456 10457 10458 10459 13169 13170 13171 13172 13173
2936,790 791 792 793 794 1220 1221 1222 1223 1224
2937,1576 1577 1578 1579 1580 13170 13171 13172 13173 13174
2938,5152 5153 5154 5155 5156 13171 13172 13173 13174 13175
2939,37 38 39 40 41 10635 10636 10637 10638 10639
2940,3165 3166 3167 3168 3169 13175 13176 13177 13178 13179
2941,1672 1673 1674 1675 1676 6229 6230 6231 6232 6233
2942,2003 2004 2005 2006 2007 7002 7003 7004 7005 7006
2943,2974 2975 2976 2977 2978 10768 10769 10770 10771 10772
2944,4624 4625 4626 4627 4628 13178 13179 13180 13181 13182
2945,996 997 998 999 1000 9195 9196 9197 9198 9199
2946,128 129 130 131 132 13181 13182 13183 13184 13185
2947,1312 1313 1314 1315 1316 13186 13187 13188 13189 13190
2948,2364 2365 2366 2367 2368 10995 10996 10997 10998 10999
2949,1524 1525 1526 1527 1528 13190 13191 13192 13193 13194
2950,524 525 526 527 528 8842 8843 8844 8845 8846
2951,1174 1175 1176 1177 1178 12082 12083 12084 12085 12086
2952,766 767 768 769 770 13191 13192 13193 13194 13195
2953,44 45 46 47 48 13193 13194 13195 13196 13197
2954,12226 12227 12228 12229 12230 13195 13196 13197 13198 13199
2955,8720 8721 8722 8723 8724 13196 13197 13198 13199 13200
2956,1766 1767 1768 1769 1770 4133 4134 4135 4136 4137
2957,363 364 365 366 367 13200 13201 13202 13203 13204
2958,558 559 560 561 562 13111 13112 13113 13114 13115
2959,400 401 402 403 404 13203 13204 13205 13206 13207
2960,1316 1317 1318 1319 1320 11226 11227 11228 11229 11230
2961,57 58 59 60 61 13205 13206 13207 13208 13209
2962,1118 1119 1120 1121 1122 13207 13208 13209 13210 13211
2963,1110 1111 1112 1113 1114 13209 13210 13211 13212 13213
2964,2864 2865 2866 2867 2868 13210 13211 13212 13213 13214
2965,2695 2696 2697 2698 2699 13212 13213 13214 13215 13216
2966,72 73 74 75 76 13218 13219 13220 13221 13222
2967,5689 5690 5691 5692 5693 13219 13220 13221 13222 13223
2968,8106 8107 8108 8109 8110 10065 10066 10067 10068 10069
2969,1978 1979 1980 1981 1982 13222 13223 13224 13225 13226
2970,4867 4868 4869 4870 4871 6013 6014 6015 6016 6017
2971,1347 1348 1349 1350 1351 7941 7942 7943 7944 7945
2972,1006 1007 1008 1009 1010 13224 13225 13226 13227 13228
2973,4279 4280 4281 4282 4283 13225 13226 13227 13228 13229
2974,4523 4524 4525 4526 4527 13107 13108 13109 13110 13111
2975,564 565 566 567 568 13227 13228 13229 13230 13231
2976,1322 1323 1324 1325 1326 11077 11078 11079 11080 11081
2977,1312 1313 1314 1315 1316 11529 11530 11531 11532 11533
2978,12 13 14 15 16 13229 13230 13231 13232 13233
2979,2413 2414 2415 2416 2417 12555 12556 12557 12558 12559
2980,8355 8356 8357 8358 8359 13230 13231 13232 13233 13234
2981,1674 1675 1676 1677 1678 11965 11966 11967 11968 11969
2982,782 783 784 785 786 1332 1333 1334 1335 1336
2983,1714 1715 1716 1717 1718 11890 11891 11892 11893 11894
2984,5442 5443 5444 5445 5446 9750 9751 9752 9753 9754
2985,9997 9998 9999 10000 10001 13231 13232 13233 13234 13235
2986,1527 1528 1529 1530 1531 13236 13237 13238 13239 13240
2987,7646 7647 7648 7649 7650 11534 11535 11536 11537 11538
2988,9175 9176 9177 9178 9179 13237 13238 13239 13240 13241
2989,1934 1935 1936 1937 1938 11897 11898 11899 11900 11901
2990,6931 6932 6933 6934 6935 13118 13119 13120 13121 13122
2991,5442 5443 5444 5445 5446 10200 10201 10202 10203 10204
2992,7094 7095 7096 7097 7098 12260 12261 12262 12263 12264
2993,13232 13233 13234 13235 13236 13242 13243 13244 13245 13246
2994,13237 13238 13239 13240 13241 13244 13245 13246 13247 13248
2995,399 400 401 402 403 13246 13247 13248 13249 13250
2996,1699 1700 1701 1702 1703 9756 9757 9758 9759 9760
2997,1879 1880 1881 1882 1883 13248 13249 13250 13251 13252
2998,524 525 526 527 528 10732 10733 10734 10735 10736
2999,3805 3806 3807 3808 3809 10265 10266 10267 10268 10269
3000,10338 10339 10340 10341 10342 13033 13034 13035 13036 13037
3001,10520 10521 10522 10523 10524 13249 13250 13251 13252 13253
3002,949 950 951 952 953 5369 5370 5371 5372 5373
3003,1519 1520 1521 1522 1523 13251 13252 13253 13254 13255
3004,4546 4547 4548 4549 4550 13256 13257 13258 13259 13260
3005,5319 5320 5321 5322 5323 12069 12070 12071 12072 12073
3006,1424 1425 1426 1427 1428 7218 7219 7220 7221 7222
3007,7854 7855 7856 7857 7858 12481 12482 12483 12484 12485
3008,1220 1221 1222 1223 1224 13259 13260 13261 13262 13263
3009,80 81 82 83 84 10497 10498 10499 10500 10501
3010,1161 1162 1163 1164 1165 13261 13262 13263 13264 13265
3011,11 12 13 14 15 13262 13263 13264 13265 13266
3012,1499 1500 1501 1502 1503 11644 11645 11646 11647 11648
3013,620 621 622 623 624 13263 13264 13265 13266 13267
3014,162 163 164 165 166 13265 13266 13267 13268 13269
3015,193 194 195 196 197 13268 13269 13270 13271 13272
3016,160 161 162 163 164 11660 11661 11662 11663 11664
3017,236 237 238 239 240 11653 11654 11655 11656 11657
3018,3405 3406 3407 3408 3409 11475 11476 11477 11478 11479
3019,4122 4123 4124 4125 4126 9850 9851 9852 9853 9854
3020,1349 1350 1351 1352 1353 13271 13272 13273 13274 13275
3021,2736 2737 2738 2739 2740 13272 13273 13274 13275 13276
3022,83 84 85 86 87 13275 13276 13277 13278 13279
3023,614 615 616 617 618 10899 10900 10901 10902 10903
3024,10793 10794 10795 10796 10797 13278 13279 13280 13281 13282
3025,9818 9819 9820 9821 9822 13281 13282 13283 13284 13285
3026,3481 3482 3483 3484 3485 13283 13284 13285 13286 13287
3027,3840 3841 3842 3843 3844 9645 9646 9647 9648 9649
3028,524 525 526 527 528 12330 12331 12332 12333 12334
3029,13278 13279 13280 13281 13282 13284 13285 13286 13287 13288
3030,5875 5876 5877 5878 5879 13285 13286 13287 13288 13289
3031,87 88 89 90 91 12438 12439 12440 12441 12442
3032,35 36 37 38 39 7405 7406 7407 7408 7409
3033,4130 4131 4132 4133 4134 13287 13288 13289 13290 13291
3034,3416 3417 3418 3419 3420 7746 7747 7748 7749 7750
3035,123 124 125 126 127 13288 13289 13290 13291 13292
3036,637 638 639 640 641 11023 11024 11025 11026 11027
3037,1312 1313 1314 1315 1316 10988 10989 10990 10991 10992
3038,524 525 526 527 528 13306 13307 13308 13309 13310
3039,3006 3007 3008 3009 3010 13307 13308 13309 13310 13311
3040,8 9 10 11 12 13308 13309 13310 13311 13312
3041,8616 8617 8618 8619 8620 11918 11919 11920 11921 11922
3042,1004 1005 1006 1007 1008 13309 13310 13311 13312 13313
3043,5186 5187 5188 5189 5190 5192 5193 5194 5195 5196
3044,150 151 152 153 154 10374 10375 10376 10377 10378
3045,5198 5199 5200 5201 5202 12574 12575 12576 12577 12578
3046,20 21 22 23 24 13312 13313 13314 13315 13316
3047,146 147 148 149 150 11562 11563 11564 11565 11566
3048,3395 3396 3397 3398 3399 8518 8519 8520 8521 8522
3049,10875 10876 10877 10878 10879 13316 13317 13318 13319 13320
3050,282 283 284 285 286 5230 5231 5232 5233 5234
3051,66 67 68 69 70 13319 13320 13321 13322 13323
3052,1376 1377 1378 1379 1380 12668 12669 12670 12671 12672
3053,4834 4835 4836 4837 4838 12655 12656 12657 12658 12659
3054,4786 4787 4788 4789 4790 13322 13323 13324 13325 13326
3055,2809 2810 2811 2812 2813 12744 12745 12746 12747 12748
3056,2815 2816 2817 2818 2819 13326 13327 13328 13329 13330
3057,1527 1528 1529 1530 1531 13327 13328 13329 13330 13331
3058,1161 1162 1163 1164 1165 13328 13329 13330 13331 13332
3059,1527 1528 1529 1530 1531 13329 13330 13331 13332 13333
3060,550 551 552 553 554 10733 10734 10735 10736 10737
3061,1320 1321 1322 1323 1324 13336 13337 13338 13339 13340
3062,2736 2737 2738 2739 2740 13234 13235 13236 13237 13238
3063,307 308 309 310 311 13341 13342 13343 13344 13345
3064,868 869 870 871 872 11914 11915 11916 11917 11918
3065,2954 2955 2956 2957 2958 7250 7251 7252 7253 7254
3066,7819 7820 7821 7822 7823 10529 10530 10531 10532 10533
3067,12065 12066 12067 12068 12069 12745 12746 12747 12748 12749
3068,403 404 405 406 407 4516 4517 4518 4519 4520
3069,1318 1319 1320 1321 1322 12817 12818 12819 12820 12821
3070,8756 8757 8758 8759 8760 13344 13345 13346 13347 13348
3071,399 400 401 402 403 13345 13346 13347 13348 13349
3072,1160 1161 1162 1163 1164 13348 13349 13350 13351 13352
3073,1530 1531 1532 1533 1534 13349 13350 13351 13352 13353
3074,473 474 475 476 477 13351 13352 13353 13354 13355
3075,2609 2610 2611 2612 2613 13353 13354 13355 13356 13357
3076,1318 1319 1320 1321 1322 9785 9786 9787 9788 9789
3077,399 400 401 402 403 13355 13356 13357 13358 13359
3078,11387 11388 11389 11390 11391 13201 13202 13203 13204 13205
3079,8721 8722 8723 8724 8725 13356 13357 13358 13359 13360
3080,1160 1161 1162 1163 1164 12028 12029 12030 12031 12032
3081,1666 1667 1668 1669 1670 13358 13359 13360 13361 13362
3082,400 401 402 403 404 2821 2822 2823 2824 2825
3083,5924 5925 5926 5927 5928 8535 8536 8537 8538 8539
3084,3947 3948 3949 3950 3951 13359 13360 13361 13362 13363
3085,1470 1471 1472 1473 1474 13319 13320 13321 13322 13323
3086,1991 1992 1993 1994 1995 11715 11716 11717 11718 11719
3087,2876 2877 2878 2879 2880 10996 10997 10998 10999 11000
3088,986 987 988 989 990 13364 13365 13366 13367 13368
3089,2374 2375 2376 2377 2378 11348 11349 11350 11351 11352
3090,1660 1661 1662 1663 1664 13367 13368 13369 13370 13371
3091,133 134 135 136 137 13368 13369 13370 13371 13372
3092,2845 2846 2847 2848 2849 13369 13370 13371 13372 13373
3093,7697 7698 7699 7700 7701 13370 13371 13372 13373 13374
3094,1149 1150 1151 1152 1153 10937 10938 10939 10940 10941
3095,144 145 146 147 148 13374 13375 13376 13377 13378
3096,1713 1714 1715 1716 1717 13377 13378 13379 13380 13381
3097,704 705 706 707 708 13379 13380 13381 13382 13383
3098,4131 4132 4133 4134 4135 10954 10955 10956 10957 10958
3099,91 92 93 94 95 13380 13381 13382 13383 13384
3100,2132 2133 2134 2135 2136 11213 11214 11215 11216 11217
3101,3383 3384 3385 3386 3387 11146 11147 11148 11149 11150
3102,1821 1822 1823 1824 1825 8469 8470 8471 8472 8473
3103,1006 1007 1008 1009 1010 13381 13382 13383 13384 13385
3104,6813 6814 6815 6816 6817 13383 13384 13385 13386 13387
3105,9991 9992 9993 9994 9995 12438 12439 12440 12441 12442
3106,1109 1110 1111 1112 1113 12562 12563 12564 12565 12566
3107,1661 1662 1663 1664 1665 13388 13389 13390 13391 13392
3108,1821 1822 1823 1824 1825 5451 5452 5453 5454 5455
3109,11909 11910 11911 11912 11913 13389 13390 13391 13392 13393
3110,1123 1124 1125 1126 1127 12618 12619 12620 12621 12622
3111,2330 2331 2332 2333 2334 12770 12771 12772 12773 12774
3112,8780 8781 8782 8783 8784 13390 13391 13392 13393 13394
3113,1959 1960 1961 1962 1963 11141 11142 11143 11144 11145
3114,2337 2338 2339 2340 2341 6372 6373 6374 6375 6376
3115,2203 2204 2205 2206 2207 13127 13128 13129 13130 13131
3116,895 896 897 898 899 13395 13396 13397 13398 13399
3117,5 6 7 8 9 9146 9147 9148 9149 9150
3118,11761 11762 11763 11764 11765 13398 13399 13400 13401 13402
3119,6652 6653 6654 6655 6656 13399 13400 13401 13402 13403
3120,1006 1007 1008 1009 1010 12803 12804 12805 12806 12807
3121,4782 4783 4784 4785 4786 10051 10052 10053 10054 10055
3122,1349 1350 1351 1352 1353 12933 12934 12935 12936 12937
3123,13025 13026 13027 13028 13029 13031 13032 13033 13034 13035
3124,3892 3893 3894 3895 3896 13400 13401 13402 13403 13404
3125,720 721 722 723 724 13402 13403 13404 13405 13406
3126,24 25 26 27 28 12813 12814 12815 12816 12817
3127,752 753 754 755 756 12863 12864 12865 12866 12867
3128,1114 1115 1116 1117 1118 13406 13407 13408 13409 13410
3129,1867 1868 1869 1870 1871 13409 13410 13411 13412 13413
3130,4442 4443 4444 4445 4446 13410 13411 13412 13413 13414
3131,12898 12899 12900 12901 12902 13411 13412 13413 13414 13415
3132,2008 2009 2010 2011 2012 4804 4805 4806 4807 4808
3133,53 54 55 56 57 13414 13415 13416 13417 13418
3134,204 205 206 207 208 13042 13043 13044 13045 13046
3135,343 344 345 346 347 10859 10860 10861 10862 10863
3136,3916 3917 3918 3919 3920 10973 10974 10975 10976 10977
3137,2256 2257 2258 2259 2260 11959 11960 11961 11962 11963
3138,323 324 325 326 327 12584 12585 12586 12587 12588
3139,4336 4337 4338 4339 4340 11838 11839 11840 11841 11842
3140,303 304 305 306 307 9994 9995 9996 9997 9998
3141,2290 2291 2292 2293 2294 13361 13362 13363 13364 13365
3142,612 613 614 615 616 13421 13422 13423 13424 13425
3143,3078 3079 3080 3081 3082 9854 9855 9856 9857 9858
3144,400 401 402 403 404 13201 13202 13203 13204 13205
3145,1527 1528 1529 1530 1531 13324 13325 13326 13327 13328
3146,1019 1020 1021 1022 1023 12190 12191 12192 12193 12194
3147,977 978 979 980 981 7337 7338 7339 7340 7341
3148,793 794 795 796 797 10565 10566 10567 10568 10569
3149,1714 1715 1716 1717 1718 7427 7428 7429 7430 7431
3150,3014 3015 3016 3017 3018 13425 13426 13427 13428 13429
3151,6734 6735 6736 6737 6738 12562 12563 12564 12565 12566
3152,947 948 949 950 951 13426 13427 13428 13429 13430
3153,399 400 401 402 403 9785 9786 9787 9788 9789
3154,1159 1160 1161 1162 1163 13314 13315 13316 13317 13318
3155,4030 4031 4032 4033 4034 13427 13428 13429 13430 13431
3156,4637 4638 4639 4640 4641 13428 13429 13430 13431 13432
3157,172 173 174 175 176 8905 8906 8907 8908 8909
3158,10238 10239 10240 10241 10242 13115 13116 13117 13118 13119
3159,306 307 308 309 310 9927 9928 9929 9930 9931
3160,3773 3774 3775 3776 3777 13429 13430 13431 13432 13433
3161,4992 4993 4994 4995 4996 13430 13431 13432 13433 13434
3162,477 478 479 480 481 13432 13433 13434 13435 13436
3163,444 445 446 447 448 10056 10057 10058 10059 10060
3164,2800 2801 2802 2803 2804 13433 13434 13435 13436 13437
3165,120 121 122 123 124 13380 13381 13382 13383 13384
3166,29 30 31 32 33 13436 13437 13438 13439 13440
3167,188 189 190 191 192 13438 13439 13440 13441 13442
3168,573 574 575 576 577 10433 10434 10435 10436 10437
3169,57 58 59 60 61 12189 12190 12191 12192 12193
3170,613 614 615 616 617 13439 13440 13441 13442 13443
3171,13434 13435 13436 13437 13438 13441 13442 13443 13444 13445
3172,2774 2775 2776 2777 2778 9691 9692 9693 9694 9695
3173,2669 2670 2671 2672 2673 10360 10361 10362 10363 10364
3174,2991 2992 2993 2994 2995 13445 13446 13447 13448 13449
3175,4459 4460 4461 4462 4463 13450 13451 13452 13453 13454
3176,1310 1311 1312 1313 1314 13451 13452 13453 13454 13455
3177,616 617 618 619 620 7896 7897 7898 7899 7900
3178,1965 1966 1967 1968 1969 8550 8551 8552 8553 8554
3179,1629 1630 1631 1632 1633 13452 13453 13454 13455 13456
3180,2609 2610 2611 2612 2613 13454 13455 13456 13457 13458
3181,996 997 998 999 1000 1009 1010 1011 1012 1013
3182,501 502 503 504 505 13455 13456 13457 13458 13459
3183,1101 1102 1103 1104 1105 13456 13457 13458 13459 13460
3184,2726 2727 2728 2729 2730 13460 13461 13462 13463 13464
3185,4904 4905 4906 4907 4908 13464 13465 13466 13467 13468
3186,7887 7888 7889 7890 7891 13472 13473 13474 13475 13476
3187,91 92 93 94 95 9782 9783 9784 9785 9786
3188,13467 13468 13469 13470 13471 13479 13480 13481 13482 13483
3189,16 17 18 19 20 13480 13481 13482 13483 13484
3190,2736 2737 2738 2739 2740 8730 8731 8732 8733 8734
3191,606 607 608 609 610 4760 4761 4762 4763 4764
3192,2299 2300 2301 2302 2303 6353 6354 6355 6356 6357
3193,5466 5467 5468 5469 5470 13482 13483 13484 13485 13486
3194,8475 8476 8477 8478 8479 13483 13484 13485 13486 13487
3195,2021 2022 2023 2024 2025 11740 11741 11742 11743 11744
3196,977 978 979 980 981 13485 13486 13487 13488 13489
3197,11375 11376 11377 11378 11379 13487 13488 13489 13490 13491
3198,505 506 507 508 509 13488 13489 13490 13491 13492
3199,5099 5100 5101 5102 5103 11033 11034 11035 11036 11037
3200,394 395 396 397 398 12566 12567 12568 12569 12570
3201,1859 1860 1861 1862 1863 13511 13512 13513 13514 13515
3202,37 38 39 40 41 13517 13518 13519 13520 13521
3203,702 703 704 705 706 10065 10066 10067 10068 10069
3204,5737 5738 5739 5740 5741 11073 11074 11075 11076 11077
3205,11555 11556 11557 11558 11559 13519 13520 13521 13522 13523
3206,2647 2648 2649 2650 2651 13180 13181 13182 13183 13184
3207,719 720 721 722 723 10555 10556 10557 10558 10559
3208,7221 7222 7223 7224 7225 13522 13523 13524 13525 13526
3209,155 156 157 158 159 13527 13528 13529 13530 13531
3210,7422 7423 7424 7425 7426 10900 10901 10902 10903 10904
3211,940 941 942 943 944 13528 13529 13530 13531 13532
3212,8153 8154 8155 8156 8157 12728 12729 12730 12731 12732
3213,2871 2872 2873 2874 2875 7555 7556 7557 7558 7559
3214,1948 1949 1950 1951 1952 13530 13531 13532 13533 13534
3215,7655 7656 7657 7658 7659 13531 13532 13533 13534 13535
3216,1880 1881 1882 1883 1884 13533 13534 13535 13536 13537
3217,12044 12045 12046 12047 12048 13534 13535 13536 13537 13538
3218,1310 1311 1312 1313 1314 11348 11349 11350 11351 11352
3219,471 472 473 474 475 3946 3947 3948 3949 3950
3220,3484 3485 3486 3487 3488 13108 13109 13110 13111 13112
3221,291 292 293 294 295 13537 13538 13539 13540 13541
3222,5609 5610 5611 5612 5613 13538 13539 13540 13541 13542
3223,1223 1224 1225 1226 1227 13081 13082 13083 13084 13085
3224,639 640 641 642 643 13539 13540 13541 13542 13543
3225,212 213 214 215 216 5013 5014 5015 5016 5017
3226,33 34 35 36 37 9668 9669 9670 9671 9672
3227,2883 2884 2885 2886 2887 7066 7067 7068 7069 7070
3228,4877 4878 4879 4880 4881 10978 10979 10980 10981 10982
3229,400 401 402 403 404 13541 13542 13543 13544 13545
3230,3731 3732 3733 3734 3735 11478 11479 11480 11481 11482
3231,578 579 580 581 582 13546 13547 13548 13549 13550
3232,3052 3053 3054 3055 3056 3060 3061 3062 3063 3064
3233,410 411 412 413 414 12917 12918 12919 12920 12921
3234,137 138 139 140 141 13547 13548 13549 13550 13551
3235,1003 1004 1005 1006 1007 9646 9647 9648 9649 9650
3236,5487 5488 5489 5490 5491 13551 13552 13553 13554 13555
3237,1653 1654 1655 1656 1657 13553 13554 13555 13556 13557
3238,33 34 35 36 37 13556 13557 13558 13559 13560
3239,1312 1313 1314 1315 1316 13557 13558 13559 13560 13561
3240,2799 2800 2801 2802 2803 13023 13024 13025 13026 13027
3241,11301 11302 11303 11304 11305 13560 13561 13562 13563 13564
3242,361 362 363 364 365 12322 12323 12324 12325 12326
3243,782 783 784 785 786 13561 13562 13563 13564 13565
3244,2366 2367 2368 2369 2370 5873 5874 5875 5876 5877
3245,2736 2737 2738 2739 2740 13563 13564 13565 13566 13567
3246,12502 12503 12504 12505 12506 13048 13049 13050 13051 13052
3247,9649 9650 9651 9652 9653 9655 9656 9657 9658 9659
3248,126 127 128 129 130 13565 13566 13567 13568 13569
3249,998 999 1000 1001 1002 13566 13567 13568 13569 13570
3250,2164 2165 2166 2167 2168 13567 13568 13569 13570 13571
3251,201 202 203 204 205 11737 11738 11739 11740 11741
3252,6142 6143 6144 6145 6146 9470 9471 9472 9473 9474
3253,4668 4669 4670 4671 4672 13569 13570 13571 13572 13573
3254,1404 1405 1406 1407 1408 13570 13571 13572 13573 13574
3255,400 401 402 403 404 13347 13348 13349 13350 13351
3256,164 165 166 167 168 13571 13572 13573 13574 13575
3257,4433 4434 4435 4436 4437 13059 13060 13061 13062 13063
3258,4279 4280 4281 4282 4283 5192 5193 5194 5195 5196
3259,2008 2009 2010 2011 2012 13572 13573 13574 13575 13576
3260,2864 2865 2866 2867 2868 13573 13574 13575 13576 13577
3261,1146 1147 1148 1149 1150 13574 13575 13576 13577 13578
3262,539 540 541 542 543 12237 12238 12239 12240 12241
3263,3395 3396 3397 3398 3399 10131 10132 10133 10134 10135
3264,18 19 20 21 22 12170 12171 12172 12173 12174
3265,7221 7222 7223 7224 7225 9242 9243 9244 9245 9246
3266,400 401 402 403 404 13576 13577 13578 13579 13580
3267,1982 1983 1984 1985 1986 7081 7082 7083 7084 7085
3268,7011 7012 7013 7014 7015 10954 10955 10956 10957 10958
3269,1002 1003 1004 1005 1006 10755 10756 10757 10758 10759
3270,2388 2389 2390 2391 2392 12553 12554 12555 12556 12557
3271,133 134 135 136 137 12798 12799 12800 12801 12802
3272,2864 2865 2866 2867 2868 11120 11121 11122 11123 11124
3273,2609 2610 2611 2612 2613 5999 6000 6001 6002 6003
3274,42 43 44 45 46 13584 13585 13586 13587 13588
3275,1877 1878 1879 1880 1881 13003 13004 13005 13006 13007
3276,2611 2612 2613 2614 2615 13585 13586 13587 13588 13589
3277,3560 3561 3562 3563 3564 13587 13588 13589 13590 13591
3278,770 771 772 773 774 10571 10572 10573 10574 10575
3279,13582 13583 13584 13585 13586 13588 13589 13590 13591 13592
3280,1030 1031 1032 1033 1034 3530 3531 3532 3533 3534
3281,24 25 26 27 28 10435 10436 10437 10438 10439
3282,737 738 739 740 741 11444 11445 11446 11447 11448
3283,886 887 888 889 890 12874 12875 12876 12877 12878
3284,1349 1350 1351 1352 1353 10462 10463 10464 10465 10466
3285,10026 10027 10028 10029 10030 13593 13594 13595 13596 13597
3286,1006 1007 1008 1009 1010 7216 7217 7218 7219 7220
3287,3905 3906 3907 3908 3909 13594 13595 13596 13597 13598
3288,2775 2776 2777 2778 2779 10452 10453 10454 10455 10456
3289,2366 2367 2368 2369 2370 10990 10991 10992 10993 10994
3290,86 87 88 89 90 92 93 94 95 96
3291,585 586 587 588 589 13596 13597 13598 13599 13600
3292,3985 3986 3987 3988 3989 13144 13145 13146 13147 13148
3293,7605 7606 7607 7608 7609 13601 13602 13603 13604 13605
3294,868 869 870 871 872 4356 4357 4358 4359 4360
3295,681 682 683 684 685 12430 12431 12432 12433 12434
3296,1583 1584 1585 1586 1587 13603 13604 13605 13606 13607
3297,5849 5850 5851 5852 5853 12937 12938 12939 12940 12941
3298,133 134 135 136 137 3827 3828 3829 3830 3831
3299,0 1 2 3 13604 13605 13606 13607 13608
3300,1161 1162 1163 1164 1165 2816 2817 2818 2819 2820
3301,3137 3138 3139 3140 3141 9991 9992 9993 9994 9995
3302,7841 7842 7843 7844 7845 12137 12138 12139 12140 12141
3303,1609 1610 1611 1612 1613 13605 13606 13607 13608 13609
3304,203 204 205 206 207 13606 13607 13608 13609 13610
3305,2052 2053 2054 2055 2056 7421 7422 7423 7424 7425
3306,1344 1345 1346 1347 1348 13608 13609 13610 13611 13612
3307,144 145 146 147 148 11728 11729 11730 11731 11732
3308,2623 2624 2625 2626 2627 4316 4317 4318 4319 4320
3309,4334 4335 4336 4337 4338 11968 11969 11970 11971 11972
3310,41 42 43 44 45 12449 12450 12451 12452 12453
3311,1312 1313 1314 1315 1316 11348 11349 11350 11351 11352
3312,3711 3712 3713 3714 3715 13610 13611 13612 13613 13614
3313,390 391 392 393 394 11625 11626 11627 11628 11629
3314,394 395 396 397 398 13392 13393 13394 13395 13396
3315,198 199 200 201 202 10985 10986 10987 10988 10989
3316,8273 8274 8275 8276 8277 13615 13616 13617 13618 13619
3317,1774 1775 1776 1777 1778 13053 13054 13055 13056 13057
3318,145 146 147 148 149 12922 12923 12924 12925 12926
3319,5 6 7 8 9 11487 11488 11489 11490 11491
3320,2125 2126 2127 2128 2129 10363 10364 10365 10366 10367
3321,2825 2826 2827 2828 2829 13617 13618 13619 13620 13621
3322,1439 1440 1441 1442 1443 13619 13620 13621 13622 13623
3323,10719 10720 10721 10722 10723 13620 13621 13622 13623 13624
3324,2792 2793 2794 2795 2796 9080 9081 9082 9083 9084
3325,83 84 85 86 87 13275 13276 13277 13278 13279
3326,6281 6282 6283 6284 6285 13621 13622 13623 13624 13625
3327,1850 1851 1852 1853 1854 12297 12298 12299 12300 12301
3328,2011 2012 2013 2014 2015 6848 6849 6850 6851 6852
3329,2815 2816 2817 2818 2819 13625 13626 13627 13628 13629
3330,765 766 767 768 769 10646 10647 10648 10649 10650
3331,1527 1528 1529 1530 1531 13236 13237 13238 13239 13240
3332,432 433 434 435 436 5156 5157 5158 5159 5160
3333,965 966 967 968 969 7386 7387 7388 7389 7390
3334,7423 7424 7425 7426 7427 8817 8818 8819 8820 8821
3335,1172 1173 1174 1175 1176 8789 8790 8791 8792 8793
3336,8855 8856 8857 8858 8859 13628 13629 13630 13631 13632
3337,932 933 934 935 936 13630 13631 13632 13633 13634
3338,1799 1800 1801 1802 1803 13631 13632 13633 13634 13635
3339,1006 1007 1008 1009 1010 11817 11818 11819 11820 11821
3340,5362 5363 5364 5365 5366 10993 10994 10995 10996 10997
3341,9824 9825 9826 9827 9828 13632 13633 13634 13635 13636
3342,4166 4167 4168 4169 4170 13633 13634 13635 13636 13637
3343,1349 1350 1351 1352 1353 2376 2377 2378 2379 2380
3344,2718 2719 2720 2721 2722 11876 11877 11878 11879 11880
3345,1839 1840 1841 1842 1843 12224 12225 12226 12227 12228
3346,2881 2882 2883 2884 2885 12643 12644 12645 12646 12647
3347,1035 1036 1037 1038 1039 13635 13636 13637 13638 13639
3348,7396 7397 7398 7399 7400 11373 11374 11375 11376 11377
3349,1006 1007 1008 1009 1010 13210 13211 13212 13213 13214
3350,5339 5340 5341 5342 5343 13636 13637 13638 13639 13640
3351,263 264 265 266 267 13638 13639 13640 13641 13642
3352,6478 6479 6480 6481 6482 11409 11410 11411 11412 11413
3353,4063 4064 4065 4066 4067 10730 10731 10732 10733 10734
3354,602 603 604 605 606 13640 13641 13642 13643 13644
3355,2978 2979 2980 2981 2982 13641 13642 13643 13644 13645
3356,698 699 700 701 702 13371 13372 13373 13374 13375
3357,5283 5284 5285 5286 5287 13643 13644 13645 13646 13647
3358,1014 1015 1016 1017 1018 13646 13647 13648 13649 13650
3359,3656 3657 3658 3659 3660 10559 10560 10561 10562 10563
3360,1349 1350 1351 1352 1353 10367 10368 10369 10370 10371
3361,394 395 396 397 398 13461 13462 13463 13464 13465
3362,5526 5527 5528 5529 5530 12740 12741 12742 12743 12744
3363,2737 2738 2739 2740 2741 10207 10208 10209 10210 10211
3364,10976 10977 10978 10979 10980 13647 13648 13649 13650 13651
3365,2432 2433 2434 2435 2436 11711 11712 11713 11714 11715
3366,2864 2865 2866 2867 2868 13606 13607 13608 13609 13610
3367,2736 2737 2738 2739 2740 13204 13205 13206 13207 13208
3368,1308 1309 1310 1311 1312 11927 11928 11929 11930 11931
3369,1352 1353 1354 1355 1356 12734 12735 12736 12737 12738
3370,1264 1265 1266 1267 1268 13640 13641 13642 13643 13644
3371,35 36 37 38 39 13650 13651 13652 13653 13654
3372,3608 3609 3610 3611 3612 9338 9339 9340 9341 9342
3373,6566 6567 6568 6569 6570 13083 13084 13085 13086 13087
3374,400 401 402 403 404 3465 3466 3467 3468 3469
3375,11100 11101 11102 11103 11104 13654 13655 13656 13657 13658
3376,1550 1551 1552 1553 1554 13656 13657 13658 13659 13660
3377,996 997 998 999 1000 13077 13078 13079 13080 13081
3378,339 340 341 342 343 13658 13659 13660 13661 13662
3379,13592 13593 13594 13595 13596 13659 13660 13661 13662 13663
3380,1821 1822 1823 1824 1825 3845 3846 3847 3848 3849
3381,400 401 402 403 404 13662 13663 13664 13665 13666
3382,1005 1006 1007 1008 1009 13663 13664 13665 13666 13667
3383,13658 13659 13660 13661 13662 13664 13665 13666 13667 13668
3384,6809 6810 6811 6812 6813 13665 13666 13667 13668 13669
3385,2864 2865 2866 2867 2868 13666 13667 13668 13669 13670
3386,7080 7081 7082 7083 7084 13667 13668 13669 13670 13671
3387,5885 5886 5887 5888 5889 13668 13669 13670 13671 13672
3388,274 275 276 277 278 13669 13670 13671 13672 13673
3389,1331 1332 1333 1334 1335 13670 13671 13672 13673 13674
3390,4131 4132 4133 4134 4135 11778 11779 11780 11781 11782
3391,1163 1164 1165 1166 1167 13671 13672 13673 13674 13675
3392,921 922 923 924 925 13674 13675 13676 13677 13678
3393,7666 7667 7668 7669 7670 9316 9317 9318 9319 9320
3394,2152 2153 2154 2155 2156 12097 12098 12099 12100 12101
3395,12867 12868 12869 12870 12871 13676 13677 13678 13679 13680
3396,6617 6618 6619 6620 6621 11228 11229 11230 11231 11232
3397,7547 7548 7549 7550 7551 13678 13679 13680 13681 13682
3398,3260 3261 3262 3263 3264 13680 13681 13682 13683 13684
3399,10062 10063 10064 10065 10066 12661 12662 12663 12664 12665
3400,3478 3479 3480 3481 3482 13685 13686 13687 13688 13689
3401,1314 1315 1316 1317 1318 6362 6363 6364 6365 6366
3402,1259 1260 1261 1262 1263 13693 13694 13695 13696 13697
3403,3758 3759 3760 3761 3762 13696 13697 13698 13699 13700
3404,6053 6054 6055 6056 6057 13697 13698 13699 13700 13701
3405,2919 2920 2921 2922 2923 5131 5132 5133 5134 5135
3406,12885 12886 12887 12888 12889 13699 13700 13701 13702 13703
3407,2829 2830 2831 2832 2833 13700 13701 13702 13703 13704
3408,8804 8805 8806 8807 8808 12885 12886 12887 12888 12889
3409,1875 1876 1877 1878 1879 13414 13415 13416 13417 13418
3410,1349 1350 1351 1352 1353 6362 6363 6364 6365 6366
3411,400 401 402 403 404 13701 13702 13703 13704 13705
3412,10520 10521 10522 10523 10524 13702 13703 13704 13705 13706
3413,5426 5427 5428 5429 5430 10982 10983 10984 10985 10986
3414,996 997 998 999 1000 10628 10629 10630 10631 10632
3415,13615 13616 13617 13618 13619 13704 13705 13706 13707 13708
3416,3410 3411 3412 3413 3414 8823 8824 8825 8826 8827
3417,2883 2884 2885 2886 2887 12735 12736 12737 12738 12739
3418,1604 1605 1606 1607 1608 13572 13573 13574 13575 13576
3419,27 28 29 30 31 13705 13706 13707 13708 13709
3420,2736 2737 2738 2739 2740 2742 2743 2744 2745 2746
3421,9322 9323 9324 9325 9326 13707 13708 13709 13710 13711
3422,1476 1477 1478 1479 1480 13200 13201 13202 13203 13204
3423,996 997 998 999 1000 12350 12351 12352 12353 12354
3424,803 804 805 806 807 13142 13143 13144 13145 13146
3425,2736 2737 2738 2739 2740 13249 13250 13251 13252 13253
3426,256 257 258 259 260 13710 13711 13712 13713 13714
3427,164 165 166 167 168 10745 10746 10747 10748 10749
3428,4032 4033 4034 4035 4036 13712 13713 13714 13715 13716
3429,2864 2865 2866 2867 2868 10755 10756 10757 10758 10759
3430,7476 7477 7478 7479 7480 8648 8649 8650 8651 8652
3431,998 999 1000 1001 1002 13714 13715 13716 13717 13718
3432,6269 6270 6271 6272 6273 13715 13716 13717 13718 13719
3433,355 356 357 358 359 12747 12748 12749 12750 12751
3434,1006 1007 1008 1009 1010 12757 12758 12759 12760 12761
3435,6878 6879 6880 6881 6882 13716 13717 13718 13719 13720
3436,269 270 271 272 273 13717 13718 13719 13720 13721
3437,281 282 283 284 285 12622 12623 12624 12625 12626
3438,135 136 137 138 139 12806 12807 12808 12809 12810
3439,399 400 401 402 403 13625 13626 13627 13628 13629
3440,11307 11308 11309 11310 11311 13720 13721 13722 13723 13724
3441,12898 12899 12900 12901 12902 12907 12908 12909 12910 12911
3442,7001 7002 7003 7004 7005 10642 10643 10644 10645 10646
3443,2082 2083 2084 2085 2086 13722 13723 13724 13725 13726
3444,4198 4199 4200 4201 4202 13723 13724 13725 13726 13727
3445,998 999 1000 1001 1002 12265 12266 12267 12268 12269
3446,2257 2258 2259 2260 2261 9955 9956 9957 9958 9959
3447,2119 2120 2121 2122 2123 13725 13726 13727 13728 13729
3448,1555 1556 1557 1558 1559 13726 13727 13728 13729 13730
3449,399 400 401 402 403 12743 12744 12745 12746 12747
3450,726 727 728 729 730 13730 13731 13732 13733 13734
3451,1528 1529 1530 1531 1532 13731 13732 13733 13734 13735
3452,3809 3810 3811 3812 3813 13733 13734 13735 13736 13737
3453,1162 1163 1164 1165 1166 13422 13423 13424 13425 13426
3454,1161 1162 1163 1164 1165 13735 13736 13737 13738 13739
3455,2004 2005 2006 2007 2008 13738 13739 13740 13741 13742
3456,1131 1132 1133 1134 1135 7100 7101 7102 7103 7104
3457,3599 3600 3601 3602 3603 13739 13740 13741 13742 13743
3458,2365 2366 2367 2368 2369 9238 9239 9240 9241 9242
3459,10751 10752 10753 10754 10755 12960 12961 12962 12963 12964
3460,6366 6367 6368 6369 6370 13741 13742 13743 13744 13745
3461,471 472 473 474 475 10842 10843 10844 10845 10846
3462,8877 8878 8879 8880 8881 10482 10483 10484 10485 10486
3463,1854 1855 1856 1857 1858 5846 5847 5848 5849 5850
3464,271 272 273 274 275 13742 13743 13744 13745 13746
3465,2432 2433 2434 2435 2436 8779 8780 8781 8782 8783
3466,1161 1162 1163 1164 1165 13454 13455 13456 13457 13458
3467,7675 7676 7677 7678 7679 10308 10309 10310 10311 10312
3468,35 36 37 38 39 13262 13263 13264 13265 13266
3469,4134 4135 4136 4137 4138 9756 9757 9758 9759 9760
3470,10098 10099 10100 10101 10102 13743 13744 13745 13746 13747
3471,3077 3078 3079 3080 3081 10993 10994 10995 10996 10997
3472,13738 13739 13740 13741 13742 13752 13753 13754 13755 13756
3473,0 1 2 13754 13755 13756 13757 13758
3474,122 123 124 125 126 13756 13757 13758 13759 13760
3475,5111 5112 5113 5114 5115 9575 9576 9577 9578 9579
3476,2412 2413 2414 2415 2416 13760 13761 13762 13763 13764
3477,1929 1930 1931 1932 1933 13764 13765 13766 13767 13768
3478,7052 7053 7054 7055 7056 11891 11892 11893 11894 11895
3479,2856 2857 2858 2859 2860 9231 9232 9233 9234 9235
3480,10977 10978 10979 10980 10981 13767 13768 13769 13770 13771
3481,321 322 323 324 325 12851 12852 12853 12854 12855
3482,5708 5709 5710 5711 5712 10123 10124 10125 10126 10127
3483,27 28 29 30 31 13295 13296 13297 13298 13299
3484,1771 1772 1773 1774 1775 13574 13575 13576 13577 13578
3485,2427 2428 2429 2430 2431 13770 13771 13772 13773 13774
3486,226 227 228 229 230 13771 13772 13773 13774 13775
3487,1349 1350 1351 1352 1353 12875 12876 12877 12878 12879
3488,1867 1868 1869 1870 1871 13776 13777 13778 13779 13780
3489,318 319 320 321 322 11760 11761 11762 11763 11764
3490,3486 3487 3488 3489 3490 13779 13780 13781 13782 13783
3491,8894 8895 8896 8897 8898 13781 13782 13783 13784 13785
3492,6124 6125 6126 6127 6128 13783 13784 13785 13786 13787
3493,1888 1889 1890 1891 1892 13710 13711 13712 13713 13714
3494,1131 1132 1133 1134 1135 13186 13187 13188 13189 13190
3495,7120 7121 7122 7123 7124 11720 11721 11722 11723 11724
3496,1299 1300 1301 1302 1303 13784 13785 13786 13787 13788
3497,2056 2057 2058 2059 2060 10257 10258 10259 10260 10261
3498,545 546 547 548 549 13785 13786 13787 13788 13789
3499,1315 1316 1317 1318 1319 13786 13787 13788 13789 13790
3500,1770 1771 1772 1773 1774 13793 13794 13795 13796 13797
3501,1170 1171 1172 1173 1174 13796 13797 13798 13799 13800
3502,3857 3858 3859 3860 3861 10983 10984 10985 10986 10987
3503,270 271 272 273 274 13798 13799 13800 13801 13802
3504,234 235 236 237 238 4287 4288 4289 4290 4291
3505,1629 1630 1631 1632 1633 13804 13805 13806 13807 13808
3506,5404 5405 5406 5407 5408 11043 11044 11045 11046 11047
3507,2946 2947 2948 2949 2950 13808 13809 13810 13811 13812
3508,974 975 976 977 978 13818 13819 13820 13821 13822
3509,3891 3892 3893 3894 3895 13820 13821 13822 13823 13824
3510,443 444 445 446 447 13822 13823 13824 13825 13826
3511,9747 9748 9749 9750 9751 13186 13187 13188 13189 13190
3512,488 489 490 491 492 12431 12432 12433 12434 12435
3513,407 408 409 410 411 11691 11692 11693 11694 11695
3514,7096 7097 7098 7099 7100 11341 11342 11343 11344 11345
3515,711 712 713 714 715 13824 13825 13826 13827 13828
3516,3262 3263 3264 3265 3266 13825 13826 13827 13828 13829
3517,2702 2703 2704 2705 2706 13826 13827 13828 13829 13830
3518,1352 1353 1354 1355 1356 10992 10993 10994 10995 10996
3519,606 607 608 609 610 10422 10423 10424 10425 10426
3520,1728 1729 1730 1731 1732 8669 8670 8671 8672 8673
3521,662 663 664 665 666 11292 11293 11294 11295 11296
3522,174 175 176 177 178 13828 13829 13830 13831 13832
3523,399 400 401 402 403 2743 2744 2745 2746 2747
3524,78 79 80 81 82 12945 12946 12947 12948 12949
3525,182 183 184 185 186 7562 7563 7564 7565 7566
3526,11867 11868 11869 11870 11871 13831 13832 13833 13834 13835
3527,1176 1177 1178 1179 1180 12202 12203 12204 12205 12206
3528,343 344 345 346 347 13832 13833 13834 13835 13836
3529,732 733 734 735 736 13178 13179 13180 13181 13182
3530,5510 5511 5512 5513 5514 13833 13834 13835 13836 13837
3531,1610 1611 1612 1613 1614 13836 13837 13838 13839 13840
3532,4870 4871 4872 4873 4874 13837 13838 13839 13840 13841
3533,1552 1553 1554 1555 1556 13838 13839 13840 13841 13842
3534,5259 5260 5261 5262 5263 13564 13565 13566 13567 13568
3535,1779 1780 1781 1782 1783 13841 13842 13843 13844 13845
3536,7225 7226 7227 7228 7229 13843 13844 13845 13846 13847
3537,1121 1122 1123 1124 1125 13845 13846 13847 13848 13849
3538,3853 3854 3855 3856 3857 13846 13847 13848 13849 13850
3539,2815 2816 2817 2818 2819 12775 12776 12777 12778 12779
3540,3169 3170 3171 3172 3173 13848 13849 13850 13851 13852
3541,1363 1364 1365 1366 1367 11719 11720 11721 11722 11723
3542,3582 3583 3584 3585 3586 13391 13392 13393 13394 13395
3543,13273 13274 13275 13276 13277 13849 13850 13851 13852 13853
3544,2277 2278 2279 2280 2281 11367 11368 11369 11370 11371
3545,2954 2955 2956 2957 2958 13851 13852 13853 13854 13855
3546,34 35 36 37 38 12693 12694 12695 12696 12697
3547,1767 1768 1769 1770 1771 12727 12728 12729 12730 12731
3548,871 872 873 874 875 12020 12021 12022 12023 12024
3549,1318 1319 1320 1321 1322 4517 4518 4519 4520 4521
3550,5993 5994 5995 5996 5997 5999 6000 6001 6002 6003
3551,1349 1350 1351 1352 1353 8164 8165 8166 8167 8168
3552,673 674 675 676 677 13706 13707 13708 13709 13710
3553,245 246 247 248 249 12128 12129 12130 12131 12132
3554,3270 3271 3272 3273 3274 12616 12617 12618 12619 12620
3555,5512 5513 5514 5515 5516 13528 13529 13530 13531 13532
3556,5668 5669 5670 5671 5672 13853 13854 13855 13856 13857
3557,731 732 733 734 735 2934 2935 2936 2937 2938
3558,77 78 79 80 81 11195 11196 11197 11198 11199
3559,2367 2368 2369 2370 2371 2870 2871 2872 2873 2874
3560,2755 2756 2757 2758 2759 4425 4426 4427 4428 4429
3561,1319 1320 1321 1322 1323 13855 13856 13857 13858 13859
3562,78 79 80 81 82 13857 13858 13859 13860 13861
3563,615 616 617 618 619 13707 13708 13709 13710 13711
3564,4727 4728 4729 4730 4731 13877 13878 13879 13880 13881
3565,4589 4590 4591 4592 4593 7562 7563 7564 7565 7566
3566,8234 8235 8236 8237 8238 13205 13206 13207 13208 13209
3567,1312 1313 1314 1315 1316 12851 12852 12853 12854 12855
3568,1716 1717 1718 1719 1720 12335 12336 12337 12338 12339
3569,44 45 46 47 48 10888 10889 10890 10891 10892
3570,437 438 439 440 441 11700 11701 11702 11703 11704
3571,5365 5366 5367 5368 5369 13878 13879 13880 13881 13882
3572,1831 1832 1833 1834 1835 5595 5596 5597 5598 5599
3573,4691 4692 4693 4694 4695 10810 10811 10812 10813 10814
3574,1508 1509 1510 1511 1512 10717 10718 10719 10720 10721
3575,2882 2883 2884 2885 2886 13879 13880 13881 13882 13883
3576,711 712 713 714 715 13880 13881 13882 13883 13884
3577,606 607 608 609 610 612 613 614 615 616
3578,1505 1506 1507 1508 1509 13883 13884 13885 13886 13887
3579,3130 3131 3132 3133 3134 4407 4408 4409 4410 4411
3580,1913 1914 1915 1916 1917 9905 9906 9907 9908 9909
3581,226 227 228 229 230 11569 11570 11571 11572 11573
3582,7404 7405 7406 7407 7408 9844 9845 9846 9847 9848
3583,621 622 623 624 625 627 628 629 630 631
3584,1006 1007 1008 1009 1010 13574 13575 13576 13577 13578
3585,1891 1892 1893 1894 1895 7467 7468 7469 7470 7471
3586,790 791 792 793 794 13885 13886 13887 13888 13889
3587,5262 5263 5264 5265 5266 13886 13887 13888 13889 13890
3588,248 249 250 251 252 13887 13888 13889 13890 13891
3589,314 315 316 317 318 8147 8148 8149 8150 8151
3590,1110 1111 1112 1113 1114 13197 13198 13199 13200 13201
3591,656 657 658 659 660 12946 12947 12948 12949 12950
3592,226 227 228 229 230 11623 11624 11625 11626 11627
3593,400 401 402 403 404 13201 13202 13203 13204 13205
3594,1131 1132 1133 1134 1135 12638 12639 12640 12641 12642
3595,1161 1162 1163 1164 1165 13671 13672 13673 13674 13675
3596,2876 2877 2878 2879 2880 12737 12738 12739 12740 12741
3597,6212 6213 6214 6215 6216 10039 10040 10041 10042 10043
3598,573 574 575 576 577 8398 8399 8400 8401 8402
3599,750 751 752 753 754 12460 12461 12462 12463 12464
3600,1508 1509 1510 1511 1512 9444 9445 9446 9447 9448
3601,1741 1742 1743 1744 1745 13889 13890 13891 13892 13893
3602,400 401 402 403 404 5999 6000 6001 6002 6003
3603,2702 2703 2704 2705 2706 13892 13893 13894 13895 13896
3604,6617 6618 6619 6620 6621 13894 13895 13896 13897 13898
3605,5511 5512 5513 5514 5515 13896 13897 13898 13899 13900
3606,137 138 139 140 141 11752 11753 11754 11755 11756
3607,6665 6666 6667 6668 6669 13531 13532 13533 13534 13535
3608,7683 7684 7685 7686 7687 13900 13901 13902 13903 13904
3609,1349 1350 1351 1352 1353 5687 5688 5689 5690 5691
3610,9010 9011 9012 9013 9014 13901 13902 13903 13904 13905
3611,279 280 281 282 283 13902 13903 13904 13905 13906
3612,7210 7211 7212 7213 7214 12333 12334 12335 12336 12337
3613,1322 1323 1324 1325 1326 9839 9840 9841 9842 9843
3614,13897 13898 13899 13900 13901 13903 13904 13905 13906 13907
3615,99 100 101 102 103 13904 13905 13906 13907 13908
3616,1217 1218 1219 1220 1221 13906 13907 13908 13909 13910
3617,1980 1981 1982 1983 1984 13907 13908 13909 13910 13911
3618,1980 1981 1982 1983 1984 3471 3472 3473 3474 3475
3619,4693 4694 4695 4696 4697 13724 13725 13726 13727 13728
3620,421 422 423 424 425 7534 7535 7536 7537 7538
3621,1857 1858 1859 1860 1861 12548 12549 12550 12551 12552
3622,1312 1313 1314 1315 1316 9752 9753 9754 9755 9756
3623,4121 4122 4123 4124 4125 7772 7773 7774 7775 7776
3624,12516 12517 12518 12519 12520 13105 13106 13107 13108 13109
3625,8838 8839 8840 8841 8842 11304 11305 11306 11307 11308
3626,4081 4082 4083 4084 4085 9881 9882 9883 9884 9885
3627,1389 1390 1391 1392 1393 13001 13002 13003 13004 13005
3628,41 42 43 44 45 11742 11743 11744 11745 11746
3629,5190 5191 5192 5193 5194 13736 13737 13738 13739 13740
3630,375 376 377 378 379 13909 13910 13911 13912 13913
3631,2736 2737 2738 2739 2740 3047 3048 3049 3050 3051
3632,1280 1281 1282 1283 1284 12337 12338 12339 12340 12341
3633,5874 5875 5876 5877 5878 10155 10156 10157 10158 10159
3634,1350 1351 1352 1353 1354 6361 6362 6363 6364 6365
3635,141 142 143 144 145 13910 13911 13912 13913 13914
3636,570 571 572 573 574 13385 13386 13387 13388 13389
3637,3038 3039 3040 3041 3042 10268 10269 10270 10271 10272
3638,193 194 195 196 197 12707 12708 12709 12710 12711
3639,1819 1820 1821 1822 1823 13912 13913 13914 13915 13916
3640,7093 7094 7095 7096 7097 11383 11384 11385 11386 11387
3641,2130 2131 2132 2133 2134 13754 13755 13756 13757 13758
3642,1006 1007 1008 1009 1010 13622 13623 13624 13625 13626
3643,23 24 25 26 27 13913 13914 13915 13916 13917
3644,2865 2866 2867 2868 2869 10900 10901 10902 10903 10904
3645,3353 3354 3355 3356 3357 9716 9717 9718 9719 9720
3646,109 110 111 112 113 13914 13915 13916 13917 13918
3647,3196 3197 3198 3199 3200 12715 12716 12717 12718 12719
3648,5223 5224 5225 5226 5227 13916 13917 13918 13919 13920
3649,4268 4269 4270 4271 4272 12558 12559 12560 12561 12562
3650,6279 6280 6281 6282 6283 12905 12906 12907 12908 12909
3651,3007 3008 3009 3010 3011 13917 13918 13919 13920 13921
3652,998 999 1000 1001 1002 2892 2893 2894 2895 2896
3653,1437 1438 1439 1440 1441 10860 10861 10862 10863 10864
3654,2736 2737 2738 2739 2740 8527 8528 8529 8530 8531
3655,5140 5141 5142 5143 5144 11135 11136 11137 11138 11139
3656,29 30 31 32 33 13919 13920 13921 13922 13923
3657,1329 1330 1331 1332 1333 13920 13921 13922 13923 13924
3658,9779 9780 9781 9782 9783 11123 11124 11125 11126 11127
3659,211 212 213 214 215 4086 4087 4088 4089 4090
3660,1021 1022 1023 1024 1025 13921 13922 13923 13924 13925
3661,1258 1259 1260 1261 1262 13923 13924 13925 13926 13927
3662,6720 6721 6722 6723 6724 12886 12887 12888 12889 12890
3663,1704 1705 1706 1707 1708 13912 13913 13914 13915 13916
3664,365 366 367 368 369 6412 6413 6414 6415 6416
3665,1124 1125 1126 1127 1128 13925 13926 13927 13928 13929
3666,2819 2820 2821 2822 2823 13927 13928 13929 13930 13931
3667,399 400 401 402 403 9792 9793 9794 9795 9796
3668,0 1 2 13928 13929 13930 13931 13932
3669,1741 1742 1743 1744 1745 13931 13932 13933 13934 13935
3670,854 855 856 857 858 8165 8166 8167 8168 8169
3671,1161 1162 1163 1164 1165 3465 3466 3467 3468 3469
3672,8333 8334 8335 8336 8337 8339 8340 8341 8342 8343
3673,2437 2438 2439 2440 2441 8815 8816 8817 8818 8819
3674,243 244 245 246 247 13438 13439 13440 13441 13442
3675,2736 2737 2738 2739 2740 13933 13934 13935 13936 13937
3676,2647 2648 2649 2650 2651 13934 13935 13936 13937 13938
3677,1552 1553 1554 1555 1556 13935 13936 13937 13938 13939
3678,1861 1862 1863 1864 1865 7145 7146 7147 7148 7149
3679,6143 6144 6145 6146 6147 6701 6702 6703 6704 6705
3680,1202 1203 1204 1205 1206 11259 11260 11261 11262 11263
3681,3014 3015 3016 3017 3018 13892 13893 13894 13895 13896
3682,471 472 473 474 475 13936 13937 13938 13939 13940
3683,946 947 948 949 950 11365 11366 11367 11368 11369
3684,375 376 377 378 379 13938 13939 13940 13941 13942
3685,148 149 150 151 152 12405 12406 12407 12408 12409
3686,8980 8981 8982 8983 8984 13940 13941 13942 13943 13944
3687,2277 2278 2279 2280 2281 11552 11553 11554 11555 11556
3688,1318 1319 1320 1321 1322 13328 13329 13330 13331 13332
3689,10367 10368 10369 10370 10371 12166 12167 12168 12169 12170
3690,1798 1799 1800 1801 1802 8972 8973 8974 8975 8976
3691,639 640 641 642 643 10339 10340 10341 10342 10343
3692,1013 1014 1015 1016 1017 12062 12063 12064 12065 12066
3693,202 203 204 205 206 10062 10063 10064 10065 10066
3694,1340 1341 1342 1343 1344 1346 1347 1348 1349 1350
3695,13582 13583 13584 13585 13586 13941 13942 13943 13944 13945
3696,7139 7140 7141 7142 7143 13178 13179 13180 13181 13182
3697,1528 1529 1530 1531 1532 13189 13190 13191 13192 13193
3698,473 474 475 476 477 13944 13945 13946 13947 13948
3699,4053 4054 4055 4056 4057 13946 13947 13948 13949 13950
3700,387 388 389 390 391 10056 10057 10058 10059 10060
3701,10126 10127 10128 10129 10130 11411 11412 11413 11414 11415
3702,1374 1375 1376 1377 1378 11890 11891 11892 11893 11894
3703,571 572 573 574 575 13951 13952 13953 13954 13955
3704,8531 8532 8533 8534 8535 11100 11101 11102 11103 11104
3705,39 40 41 42 43 13954 13955 13956 13957 13958
3706,375 376 377 378 379 13895 13896 13897 13898 13899
3707,66 67 68 69 70 12667 12668 12669 12670 12671
3708,1018 1019 1020 1021 1022 13957 13958 13959 13960 13961
3709,2349 2350 2351 2352 2353 13958 13959 13960 13961 13962
3710,250 251 252 253 254 13959 13960 13961 13962 13963
3711,5400 5401 5402 5403 5404 13960 13961 13962 13963 13964
3712,399 400 401 402 403 13353 13354 13355 13356 13357
3713,7102 7103 7104 7105 7106 9683 9684 9685 9686 9687
3714,429 430 431 432 433 11205 11206 11207 11208 11209
3715,8109 8110 8111 8112 8113 13962 13963 13964 13965 13966
3716,4957 4958 4959 4960 4961 13842 13843 13844 13845 13846
3717,903 904 905 906 907 13963 13964 13965 13966 13967
3718,1937 1938 1939 1940 1941 13847 13848 13849 13850 13851
3719,1529 1530 1531 1532 1533 4517 4518 4519 4520 4521
3720,829 830 831 832 833 12168 12169 12170 12171 12172
3721,1352 1353 1354 1355 1356 9647 9648 9649 9650 9651
3722,3847 3848 3849 3850 3851 10730 10731 10732 10733 10734
3723,3460 3461 3462 3463 3464 13483 13484 13485 13486 13487
3724,355 356 357 358 359 10207 10208 10209 10210 10211
3725,2425 2426 2427 2428 2429 13768 13769 13770 13771 13772
3726,1721 1722 1723 1724 1725 9854 9855 9856 9857 9858
3727,7873 7874 7875 7876 7877 12926 12927 12928 12929 12930
3728,5358 5359 5360 5361 5362 12287 12288 12289 12290 12291
3729,6746 6747 6748 6749 6750 13968 13969 13970 13971 13972
3730,4445 4446 4447 4448 4449 13969 13970 13971 13972 13973
3731,8290 8291 8292 8293 8294 13970 13971 13972 13973 13974
3732,5959 5960 5961 5962 5963 13973 13974 13975 13976 13977
3733,6830 6831 6832 6833 6834 12136 12137 12138 12139 12140
3734,571 572 573 574 575 13696 13697 13698 13699 13700
3735,374 375 376 377 378 13974 13975 13976 13977 13978
3736,2631 2632 2633 2634 2635 13976 13977 13978 13979 13980
3737,2491 2492 2493 2494 2495 10781 10782 10783 10784 10785
3738,1946 1947 1948 1949 1950 13978 13979 13980 13981 13982
3739,62 63 64 65 66 12406 12407 12408 12409 12410
3740,998 999 1000 1001 1002 11778 11779 11780 11781 11782
3741,4398 4399 4400 4401 4402 10070 10071 10072 10073 10074
3742,3260 3261 3262 3263 3264 13981 13982 13983 13984 13985
3743,5444 5445 5446 5447 5448 7219 7220 7221 7222 7223
3744,4619 4620 4621 4622 4623 12643 12644 12645 12646 12647
3745,1349 1350 1351 1352 1353 2889 2890 2891 2892 2893
3746,1455 1456 1457 1458 1459 13983 13984 13985 13986 13987
3747,2866 2867 2868 2869 2870 12079 12080 12081 12082 12083
3748,8147 8148 8149 8150 8151 8161 8162 8163 8164 8165
3749,1821 1822 1823 1824 1825 10200 10201 10202 10203 10204
3750,1312 1313 1314 1315 1316 12665 12666 12667 12668 12669
3751,1006 1007 1008 1009 1010 5864 5865 5866 5867 5868
3752,665 666 667 668 669 12930 12931 12932 12933 12934
3753,3089 3090 3091 3092 3093 10099 10100 10101 10102 10103
3754,998 999 1000 1001 1002 13985 13986 13987 13988 13989
3755,3410 3411 3412 3413 3414 12077 12078 12079 12080 12081
3756,2994 2995 2996 2997 2998 13986 13987 13988 13989 13990
3757,998 999 1000 1001 1002 13983 13984 13985 13986 13987
3758,9962 9963 9964 9965 9966 12549 12550 12551 12552 12553
3759,4692 4693 4694 4695 4696 12966 12967 12968 12969 12970
3760,9129 9130 9131 9132 9133 9135 9136 9137 9138 9139
3761,1943 1944 1945 1946 1947 13987 13988 13989 13990 13991
3762,12338 12339 12340 12341 12342 13989 13990 13991 13992 13993
3763,8994 8995 8996 8997 8998 9000 9001 9002 9003 9004
3764,13303 13304 13305 13306 13307 13991 13992 13993 13994 13995
3765,3588 3589 3590 3591 3592 13992 13993 13994 13995 13996
3766,1854 1855 1856 1857 1858 13993 13994 13995 13996 13997
3767,13989 13990 13991 13992 13993 13995 13996 13997 13998 13999
3768,1716 1717 1718 1719 1720 11348 11349 11350 11351 11352
3769,4450 4451 4452 4453 4454 8883 8884 8885 8886 8887
3770,4591 4592 4593 4594 4595 5687 5688 5689 5690 5691
3771,623 624 625 626 627 13980 13981 13982 13983 13984
3772,1878 1879 1880 1881 1882 13998 13999 14000 14001 14002
3773,4665 4666 4667 4668 4669 13999 14000 14001 14002 14003
3774,1891 1892 1893 1894 1895 9683 9684 9685 9686 9687
3775,128 129 130 131 132 14002 14003 14004 14005 14006
3776,11951 11952 11953 11954 11955 13465 13466 13467 13468 13469
3777,13998 13999 14000 14001 14002 14004 14005 14006 14007 14008
3778,4425 4426 4427 4428 4429 14005 14006 14007 14008 14009
3779,400 401 402 403 404 7250 7251 7252 7253 7254
3780,8521 8522 8523 8524 8525 13933 13934 13935 13936 13937
3781,1325 1326 1327 1328 1329 13702 13703 13704 13705 13706
3782,93 94 95 96 97 14006 14007 14008 14009 14010
3783,8806 8807 8808 8809 8810 12765 12766 12767 12768 12769
3784,28 29 30 31 32 13417 13418 13419 13420 13421
3785,2269 2270 2271 2272 2273 11846 11847 11848 11849 11850
3786,1854 1855 1856 1857 1858 11626 11627 11628 11629 11630
3787,3573 3574 3575 3576 3577 12833 12834 12835 12836 12837
3788,6179 6180 6181 6182 6183 12963 12964 12965 12966 12967
3789,4659 4660 4661 4662 4663 13635 13636 13637 13638 13639
3790,5184 5185 5186 5187 5188 14008 14009 14010 14011 14012
3791,5668 5669 5670 5671 5672 11121 11122 11123 11124 11125
3792,6221 6222 6223 6224 6225 13192 13193 13194 13195 13196
3793,12157 12158 12159 12160 12161 14009 14010 14011 14012 14013
3794,1697 1698 1699 1700 1701 14010 14011 14012 14013 14014
3795,364 365 366 367 368 10225 10226 10227 10228 10229
3796,668 669 670 671 672 4139 4140 4141 4142 4143
3797,1006 1007 1008 1009 1010 9193 9194 9195 9196 9197
3798,3891 3892 3893 3894 3895 8094 8095 8096 8097 8098
3799,4268 4269 4270 4271 4272 13420 13421 13422 13423 13424
3800,13454 13455 13456 13457 13458 13545 13546 13547 13548 13549
3801,1943 1944 1945 1946 1947 14012 14013 14014 14015 14016
3802,1778 1779 1780 1781 1782 14013 14014 14015 14016 14017
3803,1672 1673 1674 1675 1676 12870 12871 12872 12873 12874
3804,6165 6166 6167 6168 6169 13071 13072 13073 13074 13075
3805,1672 1673 1674 1675 1676 14014 14015 14016 14017 14018
3806,558 559 560 561 562 12623 12624 12625 12626 12627
3807,1006 1007 1008 1009 1010 9646 9647 9648 9649 9650
3808,1524 1525 1526 1527 1528 6353 6354 6355 6356 6357
3809,399 400 401 402 403 13652 13653 13654 13655 13656
3810,5995 5996 5997 5998 5999 13324 13325 13326 13327 13328
3811,3062 3063 3064 3065 3066 13167 13168 13169 13170 13171
3812,2736 2737 2738 2739 2740 14016 14017 14018 14019 14020
3813,1160 1161 1162 1163 1164 8893 8894 8895 8896 8897
3814,3398 3399 3400 3401 3402 10596 10597 10598 10599 10600
3815,1522 1523 1524 1525 1526 13514 13515 13516 13517 13518
3816,13334 13335 13336 13337 13338 14017 14018 14019 14020 14021
3817,1527 1528 1529 1530 1531 2742 2743 2744 2745 2746
3818,1842 1843 1844 1845 1846 13397 13398 13399 13400 13401
3819,2736 2737 2738 2739 2740 12302 12303 12304 12305 12306
3820,1470 1471 1472 1473 1474 11881 11882 11883 11884 11885
3821,1470 1471 1472 1473 1474 12536 12537 12538 12539 12540
3822,7437 7438 7439 7440 7441 14018 14019 14020 14021 14022
3823,1585 1586 1587 1588 1589 13734 13735 13736 13737 13738
3824,743 744 745 746 747 10470 10471 10472 10473 10474
3825,217 218 219 220 221 9957 9958 9959 9960 9961
3826,1945 1946 1947 1948 1949 14026 14027 14028 14029 14030
3827,5654 5655 5656 5657 5658 14029 14030 14031 14032 14033
3828,1161 1162 1163 1164 1165 13732 13733 13734 13735 13736
3829,2316 2317 2318 2319 2320 12780 12781 12782 12783 12784
3830,604 605 606 607 608 12195 12196 12197 12198 12199
3831,18 19 20 21 22 11193 11194 11195 11196 11197
3832,711 712 713 714 715 11407 11408 11409 11410 11411
3833,6281 6282 6283 6284 6285 14032 14033 14034 14035 14036
3834,4405 4406 4407 4408 4409 13185 13186 13187 13188 13189
3835,3460 3461 3462 3463 3464 13008 13009 13010 13011 13012
3836,2452 2453 2454 2455 2456 11134 11135 11136 11137 11138
3837,128 129 130 131 132 8672 8673 8674 8675 8676
3838,6878 6879 6880 6881 6882 13980 13981 13982 13983 13984
3839,3744 3745 3746 3747 3748 14033 14034 14035 14036 14037
3840,6813 6814 6815 6816 6817 14035 14036 14037 14038 14039
3841,951 952 953 954 955 12030 12031 12032 12033 12034
3842,4824 4825 4826 4827 4828 11635 11636 11637 11638 11639
3843,9607 9608 9609 9610 9611 10577 10578 10579 10580 10581
3844,2844 2845 2846 2847 2848 12719 12720 12721 12722 12723
3845,1527 1528 1529 1530 1531 14030 14031 14032 14033 14034
3846,10710 10711 10712 10713 10714 10716 10717 10718 10719 10720
3847,29 30 31 32 33 11877 11878 11879 11880 11881
3848,1312 1313 1314 1315 1316 14039 14040 14041 14042 14043
3849,10839 10840 10841 10842 10843 10846 10847 10848 10849 10850
3850,998 999 1000 1001 1002 7079 7080 7081 7082 7083
3851,355 356 357 358 359 9785 9786 9787 9788 9789
3852,5690 5691 5692 5693 5694 13655 13656 13657 13658 13659
3853,1727 1728 1729 1730 1731 9225 9226 9227 9228 9229
3854,12144 12145 12146 12147 12148 12150 12151 12152 12153 12154
3855,379 380 381 382 383 4394 4395 4396 4397 4398
3856,14028 14029 14030 14031 14032 14034 14035 14036 14037 14038
3857,3991 3992 3993 3994 3995 11294 11295 11296 11297 11298
3858,6505 6506 6507 6508 6509 11850 11851 11852 11853 11854
3859,3423 3424 3425 3426 3427 14041 14042 14043 14044 14045
3860,4440 4441 4442 4443 4444 9436 9437 9438 9439 9440
3861,7328 7329 7330 7331 7332 8762 8763 8764 8765 8766
3862,35 36 37 38 39 13043 13044 13045 13046 13047
3863,1880 1881 1882 1883 1884 14042 14043 14044 14045 14046
3864,2082 2083 2084 2085 2086 13916 13917 13918 13919 13920
3865,1911 1912 1913 1914 1915 12897 12898 12899 12900 12901
3866,399 400 401 402 403 14045 14046 14047 14048 14049
3867,8623 8624 8625 8626 8627 13915 13916 13917 13918 13919
3868,635 636 637 638 639 14047 14048 14049 14050 14051
3869,2889 2890 2891 2892 2893 14049 14050 14051 14052 14053
3870,3586 3587 3588 3589 3590 13797 13798 13799 13800 13801
3871,1527 1528 1529 1530 1531 13235 13236 13237 13238 13239
3872,3586 3587 3588 3589 3590 13840 13841 13842 13843 13844
3873,2055 2056 2057 2058 2059 13197 13198 13199 13200 13201
3874,97 98 99 100 101 11143 11144 11145 11146 11147
3875,1889 1890 1891 1892 1893 13739 13740 13741 13742 13743
3876,903 904 905 906 907 13881 13882 13883 13884 13885
3877,7142 7143 7144 7145 7146 9309 9310 9311 9312 9313
3878,7209 7210 7211 7212 7213 13616 13617 13618 13619 13620
3879,2060 2061 2062 2063 2064 10413 10414 10415 10416 10417
3880,7106 7107 7108 7109 7110 14050 14051 14052 14053 14054
3881,1869 1870 1871 1872 1873 14051 14052 14053 14054 14055
3882,6248 6249 6250 6251 6252 10123 10124 10125 10126 10127
3883,5294 5295 5296 5297 5298 14055 14056 14057 14058 14059
3884,97 98 99 100 101 14056 14057 14058 14059 14060
3885,247 248 249 250 251 13439 13440 13441 13442 13443
3886,1467 1468 1469 1470 1471 14059 14060 14061 14062 14063
3887,142 143 144 145 146 13945 13946 13947 13948 13949
3888,268 269 270 271 272 14063 14064 14065 14066 14067
3889,1196 1197 1198 1199 1200 7198 7199 7200 7201 7202
3890,2609 2610 2611 2612 2613 12187 12188 12189 12190 12191
3891,868 869 870 871 872 14064 14065 14066 14067 14068
3892,2815 2816 2817 2818 2819 9785 9786 9787 9788 9789
3893,602 603 604 605 606 14065 14066 14067 14068 14069
3894,1877 1878 1879 1880 1881 13003 13004 13005 13006 13007
3895,12258 12259 12260 12261 12262 14066 14067 14068 14069 14070
3896,10974 10975 10976 10977 10978 14067 14068 14069 14070 14071
3897,2625 2626 2627 2628 2629 14068 14069 14070 14071 14072
3898,1006 1007 1008 1009 1010 14070 14071 14072 14073 14074
3899,8538 8539 8540 8541 8542 14072 14073 14074 14075 14076
3900,2282 2283 2284 2285 2286 11734 11735 11736 11737 11738
3901,719 720 721 722 723 3297 3298 3299 3300 3301
3902,3067 3068 3069 3070 3071 14073 14074 14075 14076 14077
3903,12148 12149 12150 12151 12152 14074 14075 14076 14077 14078
3904,9010 9011 9012 9013 9014 14078 14079 14080 14081 14082
3905,291 292 293 294 295 11448 11449 11450 11451 11452
3906,318 319 320 321 322 12630 12631 12632 12633 12634
3907,1312 1313 1314 1315 1316 7219 7220 7221 7222 7223
3908,8734 8735 8736 8737 8738 13362 13363 13364 13365 13366
3909,287 288 289 290 291 13555 13556 13557 13558 13559
3910,157 158 159 160 161 13716 13717 13718 13719 13720
3911,399 400 401 402 403 13189 13190 13191 13192 13193
3912,1069 1070 1071 1072 1073 12767 12768 12769 12770 12771
3913,471 472 473 474 475 10055 10056 10057 10058 10059
3914,2815 2816 2817 2818 2819 6001 6002 6003 6004 6005
3915,8582 8583 8584 8585 8586 14082 14083 14084 14085 14086
3916,2496 2497 2498 2499 2500 14083 14084 14085 14086 14087
3917,5924 5925 5926 5927 5928 9809 9810 9811 9812 9813
3918,8508 8509 8510 8511 8512 14084 14085 14086 14087 14088
3919,1161 1162 1163 1164 1165 13328 13329 13330 13331 13332
3920,400 401 402 403 404 14085 14086 14087 14088 14089
3921,1556 1557 1558 1559 1560 14088 14089 14090 14091 14092
3922,3607 3608 3609 3610 3611 13212 13213 13214 13215 13216
3923,12285 12286 12287 12288 12289 13382 13383 13384 13385 13386
3924,400 401 402 403 404 13652 13653 13654 13655 13656
3925,10451 10452 10453 10454 10455 14072 14073 14074 14075 14076
3926,1611 1612 1613 1614 1615 10424 10425 10426 10427 10428
3927,9050 9051 9052 9053 9054 14089 14090 14091 14092 14093
3928,3672 3673 3674 3675 3676 7752 7753 7754 7755 7756
3929,1346 1347 1348 1349 1350 12287 12288 12289 12290 12291
3930,7513 7514 7515 7516 7517 14092 14093 14094 14095 14096
3931,555 556 557 558 559 13536 13537 13538 13539 13540
3932,313 314 315 316 317 12641 12642 12643 12644 12645
3933,2386 2387 2388 2389 2390 11603 11604 11605 11606 11607
3934,1664 1665 1666 1667 1668 13143 13144 13145 13146 13147
3935,399 400 401 402 403 13960 13961 13962 13963 13964
3936,14089 14090 14091 14092 14093 14095 14096 14097 14098 14099
3937,104 105 106 107 108 14099 14100 14101 14102 14103
3938,2815 2816 2817 2818 2819 13233 13234 13235 13236 13237
3939,1850 1851 1852 1853 1854 14101 14102 14103 14104 14105
3940,1530 1531 1532 1533 1534 14016 14017 14018 14019 14020
3941,3418 3419 3420 3421 3422 12938 12939 12940 12941 12942
3942,1871 1872 1873 1874 1875 14103 14104 14105 14106 14107
3943,3535 3536 3537 3538 3539 10869 10870 10871 10872 10873
3944,1935 1936 1937 1938 1939 13142 13143 13144 13145 13146
3945,1110 1111 1112 1113 1114 12156 12157 12158 12159 12160
3946,2986 2987 2988 2989 2990 12460 12461 12462 12463 12464
3947,1161 1162 1163 1164 1165 14085 14086 14087 14088 14089
3948,1821 1822 1823 1824 1825 14106 14107 14108 14109 14110
3949,101 102 103 104 105 14107 14108 14109 14110 14111
3950,14103 14104 14105 14106 14107 14109 14110 14111 14112 14113
3951,8353 8354 8355 8356 8357 14110 14111 14112 14113 14114
3952,6788 6789 6790 6791 6792 14112 14113 14114 14115 14116
3953,3011 3012 3013 3014 3015 11175 11176 11177 11178 11179
3954,12845 12846 12847 12848 12849 13886 13887 13888 13889 13890
3955,4596 4597 4598 4599 4600 14113 14114 14115 14116 14117
3956,709 710 711 712 713 10495 10496 10497 10498 10499
3957,7485 7486 7487 7488 7489 14114 14115 14116 14117 14118
3958,200 201 202 203 204 11816 11817 11818 11819 11820
3959,3671 3672 3673 3674 3675 14115 14116 14117 14118 14119
3960,1314 1315 1316 1317 1318 9081 9082 9083 9084 9085
3961,1875 1876 1877 1878 1879 7735 7736 7737 7738 7739
3962,806 807 808 809 810 12359 12360 12361 12362 12363
3963,35 36 37 38 39 12106 12107 12108 12109 12110
3964,12515 12516 12517 12518 12519 13642 13643 13644 13645 13646
3965,313 314 315 316 317 14117 14118 14119 14120 14121
3966,261 262 263 264 265 14119 14120 14121 14122 14123
3967,138 139 140 141 142 14121 14122 14123 14124 14125
3968,400 401 402 403 404 14125 14126 14127 14128 14129
3969,2368 2369 2370 2371 2372 11347 11348 11349 11350 11351
3970,4047 4048 4049 4050 4051 7153 7154 7155 7156 7157
3971,2558 2559 2560 2561 2562 14126 14127 14128 14129 14130
3972,728 729 730 731 732 11159 11160 11161 11162 11163
3973,155 156 157 158 159 11530 11531 11532 11533 11534
3974,3 4 5 6 7 14127 14128 14129 14130 14131
3975,66 67 68 69 70 14128 14129 14130 14131 14132
3976,1313 1314 1315 1316 1317 11891 11892 11893 11894 11895
3977,378 379 380 381 382 13819 13820 13821 13822 13823
3978,1349 1350 1351 1352 1353 5673 5674 5675 5676 5677
3979,2898 2899 2900 2901 2902 13727 13728 13729 13730 13731
3980,2205 2206 2207 2208 2209 10465 10466 10467 10468 10469
3981,721 722 723 724 725 11406 11407 11408 11409 11410
3982,2765 2766 2767 2768 2769 14130 14131 14132 14133 14134
3983,5261 5262 5263 5264 5265 12851 12852 12853 12854 12855
3984,10323 10324 10325 10326 10327 13886 13887 13888 13889 13890
3985,1470 1471 1472 1473 1474 14133 14134 14135 14136 14137
3986,4694 4695 4696 4697 4698 13952 13953 13954 13955 13956
3987,494 495 496 497 498 14081 14082 14083 14084 14085
3988,59 60 61 62 63 11874 11875 11876 11877 11878
3989,4019 4020 4021 4022 4023 10481 10482 10483 10484 10485
3990,750 751 752 753 754 1173 1174 1175 1176 1177
3991,612 613 614 615 616 14136 14137 14138 14139 14140
3992,1352 1353 1354 1355 1356 11625 11626 11627 11628 11629
3993,1663 1664 1665 1666 1667 1669 1670 1671 1672 1673
3994,1470 1471 1472 1473 1474 13325 13326 13327 13328 13329
3995,1442 1443 1444 1445 1446 9320 9321 9322 9323 9324
3996,14131 14132 14133 14134 14135 14138 14139 14140 14141 14142
3997,399 400 401 402 403 14139 14140 14141 14142 14143
3998,186 187 188 189 190 10609 10610 10611 10612 10613
3999,680 681 682 683 684 14142 14143 14144 14145 14146
4000,114 115 116 117 118 5210 5211 5212 5213 5214
4001,3954 3955 3956 3957 3958 14145 14146 14147 14148 14149
4002,1859 1860 1861 1862 1863 12523 12524 12525 12526 12527
4003,11115 11116 11117 11118 11119 14149 14150 14151 14152 14153
4004,1298 1299 1300 1301 1302 12068 12069 12070 12071 12072
4005,399 400 401 402 403 14152 14153 14154 14155 14156
4006,150 151 152 153 154 10374 10375 10376 10377 10378
4007,6181 6182 6183 6184 6185 7575 7576 7577 7578 7579
4008,7527 7528 7529 7530 7531 13047 13048 13049 13050 13051
4009,11213 11214 11215 11216 11217 14154 14155 14156 14157 14158
4010,1889 1890 1891 1892 1893 13739 13740 13741 13742 13743
4011,3476 3477 3478 3479 3480 14156 14157 14158 14159 14160
4012,567 568 569 570 571 12163 12164 12165 12166 12167
4013,10997 10998 10999 11000 11001 14157 14158 14159 14160 14161
4014,400 401 402 403 404 7250 7251 7252 7253 7254
4015,400 401 402 403 404 7250 7251 7252 7253 7254
4016,1161 1162 1163 1164 1165 2743 2744 2745 2746 2747
4017,1664 1665 1666 1667 1668 14094 14095 14096 14097 14098
4018,13532 13533 13534 13535 13536 13849 13850 13851 13852 13853
4019,1126 1127 1128 1129 1130 14161 14162 14163 14164 14165
4020,1932 1933 1934 1935 1936 13764 13765 13766 13767 13768
4021,3901 3902 3903 3904 3905 9057 9058 9059 9060 9061
4022,105 106 107 108 109 111 112 113 114 115
4023,513 514 515 516 517 14115 14116 14117 14118 14119
4024,2562 2563 2564 2565 2566 14165 14166 14167 14168 14169
4025,1517 1518 1519 1520 1521 11222 11223 11224 11225 11226
4026,5410 5411 5412 5413 5414 8817 8818 8819 8820 8821
4027,86 87 88 89 90 14167 14168 14169 14170 14171
4028,9552 9553 9554 9555 9556 13726 13727 13728 13729 13730
4029,1556 1557 1558 1559 1560 12487 12488 12489 12490 12491
4030,4957 4958 4959 4960 4961 14003 14004 14005 14006 14007
4031,1352 1353 1354 1355 1356 9852 9853 9854 9855 9856
4032,5575 5576 5577 5578 5579 5581 5582 5583 5584 5585
4033,601 602 603 604 605 13491 13492 13493 13494 13495
4034,12434 12435 12436 12437 12438 13727 13728 13729 13730 13731
4035,4166 4167 4168 4169 4170 14168 14169 14170 14171 14172
4036,1318 1319 1320 1321 1322 13334 13335 13336 13337 13338
4037,1160 1161 1162 1163 1164 13652 13653 13654 13655 13656
4038,1888 1889 1890 1891 1892 14169 14170 14171 14172 14173
4039,3938 3939 3940 3941 3942 14170 14171 14172 14173 14174
4040,450 451 452 453 454 14173 14174 14175 14176 14177
4041,2414 2415 2416 2417 2418 14174 14175 14176 14177 14178
4042,2723 2724 2725 2726 2727 14176 14177 14178 14179 14180
4043,616 617 618 619 620 14178 14179 14180 14181 14182
4044,11718 11719 11720 11721 11722 12840 12841 12842 12843 12844
4045,1161 1162 1163 1164 1165 13651 13652 13653 13654 13655
4046,1521 1522 1523 1524 1525 8908 8909 8910 8911 8912
4047,8028 8029 8030 8031 8032 13902 13903 13904 13905 13906
4048,8357 8358 8359 8360 8361 14181 14182 14183 14184 14185
4049,1260 1261 1262 1263 1264 14176 14177 14178 14179 14180
4050,2835 2836 2837 2838 2839 14182 14183 14184 14185 14186
4051,2533 2534 2535 2536 2537 12111 12112 12113 12114 12115
4052,11765 11766 11767 11768 11769 12320 12321 12322 12323 12324
4053,2609 2610 2611 2612 2613 5999 6000 6001 6002 6003
4054,399 400 401 402 403 14184 14185 14186 14187 14188
4055,3660 3661 3662 3663 3664 14179 14180 14181 14182 14183
4056,9802 9803 9804 9805 9806 11115 11116 11117 11118 11119
4057,5362 5363 5364 5365 5366 12243 12244 12245 12246 12247
4058,6938 6939 6940 6941 6942 14193 14194 14195 14196 14197
4059,663 664 665 666 667 6847 6848 6849 6850 6851
4060,1527 1528 1529 1530 1531 14123 14124 14125 14126 14127
4061,12678 12679 12680 12681 12682 14178 14179 14180 14181 14182
4062,2814 2815 2816 2817 2818 14197 14198 14199 14200 14201
4063,9196 9197 9198 9199 9200 14199 14200 14201 14202 14203
4064,1880 1881 1882 1883 1884 13533 13534 13535 13536 13537
4065,5400 5401 5402 5403 5404 14130 14131 14132 14133 14134
4066,347 348 349 350 351 14201 14202 14203 14204 14205
4067,2595 2596 2597 2598 2599 12869 12870 12871 12872 12873
4068,2802 2803 2804 2805 2806 10963 10964 10965 10966 10967
4069,5720 5721 5722 5723 5724 12252 12253 12254 12255 12256
4070,7576 7577 7578 7579 7580 14206 14207 14208 14209 14210
4071,3155 3156 3157 3158 3159 13217 13218 13219 13220 13221
4072,9551 9552 9553 9554 9555 13859 13860 13861 13862 13863
4073,1555 1556 1557 1558 1559 14208 14209 14210 14211 14212
4074,9126 9127 9128 9129 9130 14209 14210 14211 14212 14213
4075,3674 3675 3676 3677 3678 9752 9753 9754 9755 9756
4076,4408 4409 4410 4411 4412 12350 12351 12352 12353 12354
4077,13731 13732 13733 13734 13735 14210 14211 14212 14213 14214
4078,1312 1313 1314 1315 1316 13703 13704 13705 13706 13707
4079,9915 9916 9917 9918 9919 12693 12694 12695 12696 12697
4080,4957 4958 4959 4960 4961 13192 13193 13194 13195 13196
4081,8079 8080 8081 8082 8083 13464 13465 13466 13467 13468
4082,2459 2460 2461 2462 2463 14121 14122 14123 14124 14125
4083,410 411 412 413 414 14213 14214 14215 14216 14217
4084,2646 2647 2648 2649 2650 14214 14215 14216 14217 14218
4085,4624 4625 4626 4627 4628 14216 14217 14218 14219 14220
4086,1318 1319 1320 1321 1322 2821 2822 2823 2824 2825
4087,9954 9955 9956 9957 9958 14025 14026 14027 14028 14029
4088,466 467 468 469 470 14218 14219 14220 14221 14222
4089,9382 9383 9384 9385 9386 11908 11909 11910 11911 11912
4090,2367 2368 2369 2370 2371 2380 2381 2382 2383 2384
4091,1106 1107 1108 1109 1110 12988 12989 12990 12991 12992
4092,2151 2152 2153 2154 2155 10406 10407 10408 10409 10410
4093,3885 3886 3887 3888 3889 14222 14223 14224 14225 14226
4094,5783 5784 5785 5786 5787 11385 11386 11387 11388 11389
4095,70 71 72 73 74 13389 13390 13391 13392 13393
4096,1695 1696 1697 1698 1699 6184 6185 6186 6187 6188
4097,14217 14218 14219 14220 14221 14225 14226 14227 14228 14229
4098,2864 2865 2866 2867 2868 14227 14228 14229 14230 14231
4099,2834 2835 2836 2837 2838 14172 14173 14174 14175 14176
4100,2726 2727 2728 2729 2730 14228 14229 14230 14231 14232
4101,6326 6327 6328 6329 6330 14210 14211 14212 14213 14214
4102,400 401 402 403 404 8604 8605 8606 8607 8608
4103,2736 2737 2738 2739 2740 13453 13454 13455 13456 13457
4104,1008 1009 1010 1011 1012 13985 13986 13987 13988 13989
4105,1553 1554 1555 1556 1557 14231 14232 14233 14234 14235
4106,3662 3663 3664 3665 3666 10954 10955 10956 10957 10958
4107,8094 8095 8096 8097 8098 14234 14235 14236 14237 14238
4108,1716 1717 1718 1719 1720 10247 10248 10249 10250 10251
4109,1620 1621 1622 1623 1624 14236 14237 14238 14239 14240
4110,4057 4058 4059 4060 4061 14237 14238 14239 14240 14241
4111,400 401 402 403 404 14080 14081 14082 14083 14084
4112,6169 6170 6171 6172 6173 14238 14239 14240 14241 14242
4113,1530 1531 1532 1533 1534 13188 13189 13190 13191 13192
4114,1505 1506 1507 1508 1509 13645 13646 13647 13648 13649
4115,5783 5784 5785 5786 5787 13617 13618 13619 13620 13621
4116,1433 1434 1435 1436 1437 8486 8487 8488 8489 8490
4117,14233 14234 14235 14236 14237 14239 14240 14241 14242 14243
4118,3 4 5 6 7 8592 8593 8594 8595 8596
4119,14234 14235 14236 14237 14238 14240 14241 14242 14243 14244
4120,60 61 62 63 64 13646 13647 13648 13649 13650
4121,126 127 128 129 130 13785 13786 13787 13788 13789
4122,687 688 689 690 691 14137 14138 14139 14140 14141
4123,438 439 440 441 442 12699 12700 12701 12702 12703
4124,1552 1553 1554 1555 1556 13943 13944 13945 13946 13947
4125,0 1 2 3 14252 14253 14254 14255 14256
4126,616 617 618 619 620 10869 10870 10871 10872 10873
4127,3478 3479 3480 3481 3482 11253 11254 11255 11256 11257
4128,520 521 522 523 524 5752 5753 5754 5755 5756
4129,1927 1928 1929 1930 1931 13783 13784 13785 13786 13787
4130,166 167 168 169 170 12164 12165 12166 12167 12168
4131,2660 2661 2662 2663 2664 3565 3566 3567 3568 3569
4132,83 84 85 86 87 14253 14254 14255 14256 14257
4133,14248 14249 14250 14251 14252 14255 14256 14257 14258 14259
4134,3382 3383 3384 3385 3386 10126 10127 10128 10129 10130
4135,3976 3977 3978 3979 3980 14127 14128 14129 14130 14131
4136,5137 5138 5139 5140 5141 11994 11995 11996 11997 11998
4137,5497 5498 5499 5500 5501 10237 10238 10239 10240 10241
4138,4564 4565 4566 4567 4568 14218 14219 14220 14221 14222
4139,41 42 43 44 45 6826 6827 6828 6829 6830
4140,134 135 136 137 138 5438 5439 5440 5441 5442
4141,6819 6820 6821 6822 6823 14256 14257 14258 14259 14260
4142,3114 3115 3116 3117 3118 10296 10297 10298 10299 10300
4143,11114 11115 11116 11117 11118 11120 11121 11122 11123 11124
4144,8843 8844 8845 8846 8847 13714 13715 13716 13717 13718
4145,4646 4647 4648 4649 4650 14258 14259 14260 14261 14262
4146,3898 3899 3900 3901 3902 7911 7912 7913 7914 7915
4147,3033 3034 3035 3036 3037 14259 14260 14261 14262 14263
4148,277 278 279 280 281 10182 10183 10184 10185 10186
4149,544 545 546 547 548 13455 13456 13457 13458 13459
4150,115 116 117 118 119 14260 14261 14262 14263 14264
4151,3145 3146 3147 3148 3149 7392 7393 7394 7395 7396
4152,484 485 486 487 488 14261 14262 14263 14264 14265
4153,1006 1007 1008 1009 1010 12147 12148 12149 12150 12151
4154,158 159 160 161 162 14262 14263 14264 14265 14266
4155,2205 2206 2207 2208 2209 11158 11159 11160 11161 11162
4156,1793 1794 1795 1796 1797 2549 2550 2551 2552 2553
4157,1527 1528 1529 1530 1531 14263 14264 14265 14266 14267
4158,2304 2305 2306 2307 2308 9707 9708 9709 9710 9711
4159,1387 1388 1389 1390 1391 12997 12998 12999 13000 13001
4160,2611 2612 2613 2614 2615 11058 11059 11060 11061 11062
4161,643 644 645 646 647 10887 10888 10889 10890 10891
4162,1671 1672 1673 1674 1675 11102 11103 11104 11105 11106
4163,129 130 131 132 133 13131 13132 13133 13134 13135
4164,1069 1070 1071 1072 1073 12814 12815 12816 12817 12818
4165,685 686 687 688 689 5156 5157 5158 5159 5160
4166,4519 4520 4521 4522 4523 14267 14268 14269 14270 14271
4167,11 12 13 14 15 12771 12772 12773 12774 12775
4168,4031 4032 4033 4034 4035 14268 14269 14270 14271 14272
4169,2667 2668 2669 2670 2671 9992 9993 9994 9995 9996
4170,234 235 236 237 238 9614 9615 9616 9617 9618
4171,319 320 321 322 323 6793 6794 6795 6796 6797
4172,252 253 254 255 256 6095 6096 6097 6098 6099
4173,5221 5222 5223 5224 5225 14269 14270 14271 14272 14273
4174,1172 1173 1174 1175 1176 6614 6615 6616 6617 6618
4175,8469 8470 8471 8472 8473 9428 9429 9430 9431 9432
4176,1006 1007 1008 1009 1010 14270 14271 14272 14273 14274
4177,475 476 477 478 479 12201 12202 12203 12204 12205
4178,4651 4652 4653 4654 4655 11372 11373 11374 11375 11376
4179,3343 3344 3345 3346 3347 3835 3836 3837 3838 3839
4180,3735 3736 3737 3738 3739 11752 11753 11754 11755 11756
4181,327 328 329 330 331 14274 14275 14276 14277 14278
4182,5718 5719 5720 5721 5722 12070 12071 12072 12073 12074
4183,11397 11398 11399 11400 11401 14209 14210 14211 14212 14213
4184,688 689 690 691 692 12282 12283 12284 12285 12286
4185,460 461 462 463 464 9887 9888 9889 9890 9891
4186,11373 11374 11375 11376 11377 11380 11381 11382 11383 11384
4187,4341 4342 4343 4344 4345 14275 14276 14277 14278 14279
4188,706 707 708 709 710 13561 13562 13563 13564 13565
4189,2799 2800 2801 2802 2803 11371 11372 11373 11374 11375
4190,1826 1827 1828 1829 1830 10138 10139 10140 10141 10142
4191,190 191 192 193 194 6823 6824 6825 6826 6827
4192,318 319 320 321 322 14207 14208 14209 14210 14211
4193,1527 1528 1529 1530 1531 14139 14140 14141 14142 14143
4194,239 240 241 242 243 12550 12551 12552 12553 12554
4195,4453 4454 4455 4456 4457 13726 13727 13728 13729 13730
4196,166 167 168 169 170 6642 6643 6644 6645 6646
4197,133 134 135 136 137 14280 14281 14282 14283 14284
4198,1422 1423 1424 1425 1426 12043 12044 12045 12046 12047
4199,263 264 265 266 267 12777 12778 12779 12780 12781
4200,1264 1265 1266 1267 1268 14282 14283 14284 14285 14286
4201,138 139 140 141 142 11321 11322 11323 11324 11325
4202,154 155 156 157 158 10407 10408 10409 10410 10411
4203,6800 6801 6802 6803 6804 14284 14285 14286 14287 14288
4204,726 727 728 729 730 14285 14286 14287 14288 14289
4205,157 158 159 160 161 12169 12170 12171 12172 12173
4206,12435 12436 12437 12438 12439 14287 14288 14289 14290 14291
4207,743 744 745 746 747 11171 11172 11173 11174 11175
4208,2759 2760 2761 2762 2763 9519 9520 9521 9522 9523
4209,462 463 464 465 466 14288 14289 14290 14291 14292
4210,2986 2987 2988 2989 2990 14295 14296 14297 14298 14299
4211,227 228 229 230 231 14176 14177 14178 14179 14180
4212,1555 1556 1557 1558 1559 14086 14087 14088 14089 14090
4213,2282 2283 2284 2285 2286 10271 10272 10273 10274 10275
4214,12508 12509 12510 12511 12512 14296 14297 14298 14299 14300
4215,613 614 615 616 617 7634 7635 7636 7637 7638
4216,2321 2322 2323 2324 2325 13588 13589 13590 13591 13592
4217,6124 6125 6126 6127 6128 14155 14156 14157 14158 14159
4218,229 230 231 232 233 14299 14300 14301 14302 14303
4219,865 866 867 868 869 14300 14301 14302 14303 14304
4220,6647 6648 6649 6650 6651 10402 10403 10404 10405 10406
4221,10387 10388 10389 10390 10391 14303 14304 14305 14306 14307
4222,3155 3156 3157 3158 3159 11231 11232 11233 11234 11235
4223,5410 5411 5412 5413 5414 14164 14165 14166 14167 14168
4224,2618 2619 2620 2621 2622 14305 14306 14307 14308 14309
4225,6761 6762 6763 6764 6765 9144 9145 9146 9147 9148
4226,3444 3445 3446 3447 3448 14306 14307 14308 14309 14310
4227,58 59 60 61 62 8501 8502 8503 8504 8505
4228,9049 9050 9051 9052 9053 13588 13589 13590 13591 13592
4229,734 735 736 737 738 14307 14308 14309 14310 14311
4230,73 74 75 76 77 14167 14168 14169 14170 14171
4231,735 736 737 738 739 741 742 743 744 745
4232,2230 2231 2232 2233 2234 9571 9572 9573 9574 9575
4233,10071 10072 10073 10074 10075 14309 14310 14311 14312 14313
4234,27 28 29 30 31 14312 14313 14314 14315 14316
4235,14307 14308 14309 14310 14311 14313 14314 14315 14316 14317
4236,2734 2735 2736 2737 2738 13016 13017 13018 13019 13020
4237,235 236 237 238 239 14314 14315 14316 14317 14318
4238,2531 2532 2533 2534 2535 14101 14102 14103 14104 14105
4239,13476 13477 13478 13479 13480 13482 13483 13484 13485 13486
4240,2726 2727 2728 2729 2730 13952 13953 13954 13955 13956
4241,1191 1192 1193 1194 1195 14315 14316 14317 14318 14319
4242,13240 13241 13242 13243 13244 13629 13630 13631 13632 13633
4243,400 401 402 403 404 13188 13189 13190 13191 13192
4244,6650 6651 6652 6653 6654 14291 14292 14293 14294 14295
4245,1527 1528 1529 1530 1531 13330 13331 13332 13333 13334
4246,1627 1628 1629 1630 1631 14317 14318 14319 14320 14321
4247,2118 2119 2120 2121 2122 12421 12422 12423 12424 12425
4248,9335 9336 9337 9338 9339 14318 14319 14320 14321 14322
4249,8504 8505 8506 8507 8508 14319 14320 14321 14322 14323
4250,1299 1300 1301 1302 1303 13572 13573 13574 13575 13576
4251,687 688 689 690 691 14321 14322 14323 14324 14325
4252,408 409 410 411 412 14322 14323 14324 14325 14326
4253,3398 3399 3400 3401 3402 14323 14324 14325 14326 14327
4254,6018 6019 6020 6021 6022 12856 12857 12858 12859 12860
4255,369 370 371 372 373 12919 12920 12921 12922 12923
4256,7776 7777 7778 7779 7780 14320 14321 14322 14323 14324
4257,6227 6228 6229 6230 6231 14312 14313 14314 14315 14316
4258,11549 11550 11551 11552 11553 14324 14325 14326 14327 14328
4259,2736 2737 2738 2739 2740 14325 14326 14327 14328 14329
4260,1325 1326 1327 1328 1329 14327 14328 14329 14330 14331
4261,1527 1528 1529 1530 1531 8831 8832 8833 8834 8835
4262,1528 1529 1530 1531 1532 13735 13736 13737 13738 13739
4263,5189 5190 5191 5192 5193 14329 14330 14331 14332 14333
4264,1527 1528 1529 1530 1531 13345 13346 13347 13348 13349
4265,2609 2610 2611 2612 2613 14330 14331 14332 14333 14334
4266,2736 2737 2738 2739 2740 14015 14016 14017 14018 14019
4267,3502 3503 3504 3505 3506 14200 14201 14202 14203 14204
4268,1524 1525 1526 1527 1528 13579 13580 13581 13582 13583
4269,1524 1525 1526 1527 1528 13579 13580 13581 13582 13583
4270,400 401 402 403 404 13333 13334 13335 13336 13337
4271,8887 8888 8889 8890 8891 12071 12072 12073 12074 12075
4272,3458 3459 3460 3461 3462 13673 13674 13675 13676 13677
4273,1160 1161 1162 1163 1164 14332 14333 14334 14335 14336
4274,2817 2818 2819 2820 2821 13348 13349 13350 13351 13352
4275,13123 13124 13125 13126 13127 13246 13247 13248 13249 13250
4276,1161 1162 1163 1164 1165 2744 2745 2746 2747 2748
4277,4510 4511 4512 4513 4514 9785 9786 9787 9788 9789
4278,400 401 402 403 404 14333 14334 14335 14336 14337
4279,2609 2610 2611 2612 2613 14324 14325 14326 14327 14328
4280,5993 5994 5995 5996 5997 13320 13321 13322 13323 13324
4281,1530 1531 1532 1533 1534 13328 13329 13330 13331 13332
4282,5993 5994 5995 5996 5997 14008 14009 14010 14011 14012
4283,402 403 404 405 406 14337 14338 14339 14340 14341
4284,400 401 402 403 404 2743 2744 2745 2746 2747
4285,1318 1319 1320 1321 1322 13932 13933 13934 13935 13936
4286,1160 1161 1162 1163 1164 13630 13631 13632 13633 13634
4287,1520 1521 1522 1523 1524 14332 14333 14334 14335 14336
4288,400 401 402 403 404 5999 6000 6001 6002 6003
4289,1318 1319 1320 1321 1322 14327 14328 14329 14330 14331
4290,2609 2610 2611 2612 2613 11113 11114 11115 11116 11117
4291,1161 1162 1163 1164 1165 13732 13733 13734 13735 13736
4292,1524 1525 1526 1527 1528 13424 13425 13426 13427 13428
4293,1525 1526 1527 1528 1529 11395 11396 11397 11398 11399
4294,1160 1161 1162 1163 1164 13673 13674 13675 13676 13677
4295,1362 1363 1364 1365 1366 5548 5549 5550 5551 5552
4296,12622 12623 12624 12625 12626 14340 14341 14342 14343 14344
4297,6779 6780 6781 6782 6783 14341 14342 14343 14344 14345
4298,4750 4751 4752 4753 4754 11873 11874 11875 11876 11877
4299,1714 1715 1716 1717 1718 4139 4140 4141 4142 4143
4300,1781 1782 1783 1784 1785 13645 13646 13647 13648 13649
4301,1716 1717 1718 1719 1720 13786 13787 13788 13789 13790
4302,8021 8022 8023 8024 8025 8030 8031 8032 8033 8034
4303,1349 1350 1351 1352 1353 11778 11779 11780 11781 11782
4304,7090 7091 7092 7093 7094 12371 12372 12373 12374 12375
4305,10346 10347 10348 10349 10350 14343 14344 14345 14346 14347
4306,1310 1311 1312 1313 1314 12212 12213 12214 12215 12216
4307,1312 1313 1314 1315 1316 13520 13521 13522 13523 13524
4308,571 572 573 574 575 14065 14066 14067 14068 14069
4309,7431 7432 7433 7434 7435 13259 13260 13261 13262 13263
4310,2925 2926 2927 2928 2929 14345 14346 14347 14348 14349
4311,4594 4595 4596 4597 4598 12736 12737 12738 12739 12740
4312,7697 7698 7699 7700 7701 13558 13559 13560 13561 13562
4313,1006 1007 1008 1009 1010 11538 11539 11540 11541 11542
4314,1313 1314 1315 1316 1317 11121 11122 11123 11124 11125
4315,4397 4398 4399 4400 4401 7499 7500 7501 7502 7503
4316,3975 3976 3977 3978 3979 11950 11951 11952 11953 11954
4317,6844 6845 6846 6847 6848 13743 13744 13745 13746 13747
4318,1006 1007 1008 1009 1010 14346 14347 14348 14349 14350
4319,3423 3424 3425 3426 3427 4351 4352 4353 4354 4355
4320,751 752 753 754 755 14112 14113 14114 14115 14116
4321,2864 2865 2866 2867 2868 12333 12334 12335 12336 12337
4322,686 687 688 689 690 13216 13217 13218 13219 13220
4323,1704 1705 1706 1707 1708 10995 10996 10997 10998 10999
4324,392 393 394 395 396 11348 11349 11350 11351 11352
4325,2417 2418 2419 2420 2421 12037 12038 12039 12040 12041
4326,735 736 737 738 739 14349 14350 14351 14352 14353
4327,1766 1767 1768 1769 1770 14352 14353 14354 14355 14356
4328,1519 1520 1521 1522 1523 14118 14119 14120 14121 14122
4329,4368 4369 4370 4371 4372 12528 12529 12530 12531 12532
4330,7090 7091 7092 7093 7094 11100 11101 11102 11103 11104
4331,611 612 613 614 615 14207 14208 14209 14210 14211
4332,607 608 609 610 611 13139 13140 13141 13142 13143
4333,1355 1356 1357 1358 1359 14353 14354 14355 14356 14357
4334,7237 7238 7239 7240 7241 14354 14355 14356 14357 14358
4335,7163 7164 7165 7166 7167 11843 11844 11845 11846 11847
4336,10211 10212 10213 10214 10215 14355 14356 14357 14358 14359
4337,1131 1132 1133 1134 1135 10752 10753 10754 10755 10756
4338,2269 2270 2271 2272 2273 14357 14358 14359 14360 14361
4339,3070 3071 3072 3073 3074 8168 8169 8170 8171 8172
4340,1160 1161 1162 1163 1164 14085 14086 14087 14088 14089
4341,2886 2887 2888 2889 2890 7218 7219 7220 7221 7222
4342,4562 4563 4564 4565 4566 13605 13606 13607 13608 13609
4343,3550 3551 3552 3553 3554 9310 9311 9312 9313 9314
4344,3069 3070 3071 3072 3073 11893 11894 11895 11896 11897
4345,5620 5621 5622 5623 5624 13824 13825 13826 13827 13828
4346,1714 1715 1716 1717 1718 7058 7059 7060 7061 7062
4347,190 191 192 193 194 14359 14360 14361 14362 14363
4348,1312 1313 1314 1315 1316 13724 13725 13726 13727 13728
4349,3460 3461 3462 3463 3464 14360 14361 14362 14363 14364
4350,6934 6935 6936 6937 6938 13123 13124 13125 13126 13127
4351,1309 1310 1311 1312 1313 13786 13787 13788 13789 13790
4352,1714 1715 1716 1717 1718 11725 11726 11727 11728 11729
4353,5007 5008 5009 5010 5011 14363 14364 14365 14366 14367
4354,1131 1132 1133 1134 1135 14364 14365 14366 14367 14368
4355,2053 2054 2055 2056 2057 13306 13307 13308 13309 13310
4356,1902 1903 1904 1905 1906 14028 14029 14030 14031 14032
4357,2841 2842 2843 2844 2845 13842 13843 13844 13845 13846
4358,394 395 396 397 398 14220 14221 14222 14223 14224
4359,4479 4480 4481 4482 4483 7271 7272 7273 7274 7275
4360,8205 8206 8207 8208 8209 11020 11021 11022 11023 11024
4361,1006 1007 1008 1009 1010 11778 11779 11780 11781 11782
4362,51 52 53 54 55 13414 13415 13416 13417 13418
4363,280 281 282 283 284 13768 13769 13770 13771 13772
4364,68 69 70 71 72 14365 14366 14367 14368 14369
4365,2373 2374 2375 2376 2377 11809 11810 11811 11812 11813
4366,1120 1121 1122 1123 1124 14366 14367 14368 14369 14370
4367,2923 2924 2925 2926 2927 8763 8764 8765 8766 8767
4368,2577 2578 2579 2580 2581 5152 5153 5154 5155 5156
4369,339 340 341 342 343 12917 12918 12919 12920 12921
4370,7524 7525 7526 7527 7528 13697 13698 13699 13700 13701
4371,1005 1006 1007 1008 1009 11348 11349 11350 11351 11352
4372,1169 1170 1171 1172 1173 12986 12987 12988 12989 12990
4373,7004 7005 7006 7007 7008 14011 14012 14013 14014 14015
4374,8090 8091 8092 8093 8094 13308 13309 13310 13311 13312
4375,654 655 656 657 658 693 694 695 696 697
4376,14362 14363 14364 14365 14366 14368 14369 14370 14371 14372
4377,1501 1502 1503 1504 1505 10986 10987 10988 10989 10990
4378,2083 2084 2085 2086 2087 14374 14375 14376 14377 14378
4379,14369 14370 14371 14372 14373 14376 14377 14378 14379 14380
4380,2036 2037 2038 2039 2040 10675 10676 10677 10678 10679
4381,5899 5900 5901 5902 5903 14379 14380 14381 14382 14383
4382,236 237 238 239 240 14314 14315 14316 14317 14318
4383,5289 5290 5291 5292 5293 10959 10960 10961 10962 10963
4384,400 401 402 403 404 12009 12010 12011 12012 12013
4385,2815 2816 2817 2818 2819 13718 13719 13720 13721 13722
4386,2180 2181 2182 2183 2184 4197 4198 4199 4200 4201
4387,4704 4705 4706 4707 4708 11418 11419 11420 11421 11422
4388,1530 1531 1532 1533 1534 11900 11901 11902 11903 11904
4389,687 688 689 690 691 14381 14382 14383 14384 14385
4390,10055 10056 10057 10058 10059 14383 14384 14385 14386 14387
4391,687 688 689 690 691 14385 14386 14387 14388 14389
4392,14380 14381 14382 14383 14384 14386 14387 14388 14389 14390
4393,1339 1340 1341 1342 1343 11851 11852 11853 11854 11855
4394,1160 1161 1162 1163 1164 10261 10262 10263 10264 10265
4395,2682 2683 2684 2685 2686 14387 14388 14389 14390 14391
4396,584 585 586 587 588 8996 8997 8998 8999 9000
4397,2809 2810 2811 2812 2813 14327 14328 14329 14330 14331
4398,994 995 996 997 998 14390 14391 14392 14393 14394
4399,399 400 401 402 403 13652 13653 13654 13655 13656
4400,458 459 460 461 462 12020 12021 12022 12023 12024
4401,1265 1266 1267 1268 1269 11810 11811 11812 11813 11814
4402,2788 2789 2790 2791 2792 13068 13069 13070 13071 13072
4403,3129 3130 3131 3132 3133 14394 14395 14396 14397 14398
4404,1942 1943 1944 1945 1946 13222 13223 13224 13225 13226
4405,606 607 608 609 610 11318 11319 11320 11321 11322
4406,1628 1629 1630 1631 1632 14396 14397 14398 14399 14400
4407,2577 2578 2579 2580 2581 14186 14187 14188 14189 14190
4408,2514 2515 2516 2517 2518 10674 10675 10676 10677 10678
4409,136 137 138 139 140 14397 14398 14399 14400 14401
4410,355 356 357 358 359 13328 13329 13330 13331 13332
4411,12285 12286 12287 12288 12289 12675 12676 12677 12678 12679
4412,1674 1675 1676 1677 1678 11965 11966 11967 11968 11969
4413,543 544 545 546 547 10785 10786 10787 10788 10789
4414,400 401 402 403 404 14123 14124 14125 14126 14127
4415,3800 3801 3802 3803 3804 7971 7972 7973 7974 7975
4416,2 3 4 5 6 14400 14401 14402 14403 14404
4417,41 42 43 44 45 14401 14402 14403 14404 14405
4418,378 379 380 381 382 14403 14404 14405 14406 14407
4419,607 608 609 610 611 12441 12442 12443 12444 12445
4420,640 641 642 643 644 11407 11408 11409 11410 11411
4421,1606 1607 1608 1609 1610 4976 4977 4978 4979 4980
4422,399 400 401 402 403 14406 14407 14408 14409 14410
4423,697 698 699 700 701 12309 12310 12311 12312 12313
4424,41 42 43 44 45 10371 10372 10373 10374 10375
4425,1211 1212 1213 1214 1215 14407 14408 14409 14410 14411
4426,3062 3063 3064 3065 3066 14408 14409 14410 14411 14412
4427,14404 14405 14406 14407 14408 14411 14412 14413 14414 14415
4428,2264 2265 2266 2267 2268 13719 13720 13721 13722 13723
4429,8114 8115 8116 8117 8118 10149 10150 10151 10152 10153
4430,3465 3466 3467 3468 3469 13525 13526 13527 13528 13529
4431,752 753 754 755 756 7505 7506 7507 7508 7509
4432,1539 1540 1541 1542 1543 14414 14415 14416 14417 14418
4433,1131 1132 1133 1134 1135 10844 10845 10846 10847 10848
4434,1660 1661 1662 1663 1664 12988 12989 12990 12991 12992
4435,1892 1893 1894 1895 1896 13942 13943 13944 13945 13946
4436,138 139 140 141 142 12016 12017 12018 12019 12020
4437,1888 1889 1890 1891 1892 14415 14416 14417 14418 14419
4438,1023 1024 1025 1026 1027 14416 14417 14418 14419 14420
4439,10254 10255 10256 10257 10258 14417 14418 14419 14420 14421
4440,398 399 400 401 402 14309 14310 14311 14312 14313
4441,252 253 254 255 256 14418 14419 14420 14421 14422
4442,1571 1572 1573 1574 1575 11748 11749 11750 11751 11752
4443,3303 3304 3305 3306 3307 14420 14421 14422 14423 14424
4444,2045 2046 2047 2048 2049 10001 10002 10003 10004 10005
4445,1193 1194 1195 1196 1197 13049 13050 13051 13052 13053
4446,2420 2421 2422 2423 2424 14421 14422 14423 14424 14425
4447,2736 2737 2738 2739 2740 11284 11285 11286 11287 11288
4448,2694 2695 2696 2697 2698 14424 14425 14426 14427 14428
4449,5514 5515 5516 5517 5518 14425 14426 14427 14428 14429
4450,687 688 689 690 691 14427 14428 14429 14430 14431
4451,5924 5925 5926 5927 5928 13431 13432 13433 13434 13435
4452,1772 1773 1774 1775 1776 12488 12489 12490 12491 12492
4453,1363 1364 1365 1366 1367 14428 14429 14430 14431 14432
4454,1296 1297 1298 1299 1300 14429 14430 14431 14432 14433
4455,1470 1471 1472 1473 1474 12670 12671 12672 12673 12674
4456,3328 3329 3330 3331 3332 14121 14122 14123 14124 14125
4457,1881 1882 1883 1884 1885 14165 14166 14167 14168 14169
4458,440 441 442 443 444 14432 14433 14434 14435 14436
4459,1719 1720 1721 1722 1723 7555 7556 7557 7558 7559
4460,2103 2104 2105 2106 2107 10822 10823 10824 10825 10826
4461,10145 10146 10147 10148 10149 14222 14223 14224 14225 14226
4462,5783 5784 5785 5786 5787 12156 12157 12158 12159 12160
4463,2273 2274 2275 2276 2277 10277 10278 10279 10280 10281
4464,4922 4923 4924 4925 4926 14435 14436 14437 14438 14439
4465,1272 1273 1274 1275 1276 12153 12154 12155 12156 12157
4466,7231 7232 7233 7234 7235 12972 12973 12974 12975 12976
4467,5904 5905 5906 5907 5908 13899 13900 13901 13902 13903
4468,225 226 227 228 229 11870 11871 11872 11873 11874
4469,4345 4346 4347 4348 4349 14186 14187 14188 14189 14190
4470,260 261 262 263 264 14183 14184 14185 14186 14187
4471,2254 2255 2256 2257 2258 8005 8006 8007 8008 8009
4472,4588 4589 4590 4591 4592 14438 14439 14440 14441 14442
4473,995 996 997 998 999 14440 14441 14442 14443 14444
4474,1599 1600 1601 1602 1603 13438 13439 13440 13441 13442
4475,5777 5778 5779 5780 5781 13999 14000 14001 14002 14003
4476,7522 7523 7524 7525 7526 14444 14445 14446 14447 14448
4477,1431 1432 1433 1434 1435 5277 5278 5279 5280 5281
4478,602 603 604 605 606 13707 13708 13709 13710 13711
4479,132 133 134 135 136 14410 14411 14412 14413 14414
4480,735 736 737 738 739 9107 9108 9109 9110 9111
4481,1812 1813 1814 1815 1816 11906 11907 11908 11909 11910
4482,1468 1469 1470 1471 1472 14445 14446 14447 14448 14449
4483,7008 7009 7010 7011 7012 14446 14447 14448 14449 14450
4484,1549 1550 1551 1552 1553 14447 14448 14449 14450 14451
4485,901 902 903 904 905 10190 10191 10192 10193 10194
4486,1322 1323 1324 1325 1326 12551 12552 12553 12554 12555
4487,1867 1868 1869 1870 1871 12524 12525 12526 12527 12528
4488,3085 3086 3087 3088 3089 12911 12912 12913 12914 12915
4489,2165 2166 2167 2168 2169 10974 10975 10976 10977 10978
4490,13010 13011 13012 13013 13014 13016 13017 13018 13019 13020
4491,6662 6663 6664 6665 6666 14290 14291 14292 14293 14294
4492,307 308 309 310 311 14448 14449 14450 14451 14452
4493,625 626 627 628 629 14449 14450 14451 14452 14453
4494,7694 7695 7696 7697 7698 13944 13945 13946 13947 13948
4495,2810 2811 2812 2813 2814 9785 9786 9787 9788 9789
4496,5217 5218 5219 5220 5221 12650 12651 12652 12653 12654
4497,7838 7839 7840 7841 7842 7844 7845 7846 7847 7848
4498,1710 1711 1712 1713 1714 12723 12724 12725 12726 12727
4499,3574 3575 3576 3577 3578 9255 9256 9257 9258 9259
4500,2426 2427 2428 2429 2430 7705 7706 7707 7708 7709
4501,4384 4385 4386 4387 4388 10701 10702 10703 10704 10705
4502,6654 6655 6656 6657 6658 6669 6670 6671 6672 6673
4503,0 1 2 3 4 14372 14373 14374 14375 14376
4504,721 722 723 724 725 11881 11882 11883 11884 11885
4505,7516 7517 7518 7519 7520 13184 13185 13186 13187 13188
4506,621 622 623 624 625 14453 14454 14455 14456 14457
4507,9066 9067 9068 9069 9070 12993 12994 12995 12996 12997
4508,1738 1739 1740 1741 1742 14455 14456 14457 14458 14459
4509,14383 14384 14385 14386 14387 14457 14458 14459 14460 14461
4510,399 400 401 402 403 14458 14459 14460 14461 14462
4511,14204 14205 14206 14207 14208 14459 14460 14461 14462 14463
4512,147 148 149 150 151 12338 12339 12340 12341 12342
4513,5668 5669 5670 5671 5672 14460 14461 14462 14463 14464
4514,11216 11217 11218 11219 11220 14463 14464 14465 14466 14467
4515,1330 1331 1332 1333 1334 14464 14465 14466 14467 14468
4516,490 491 492 493 494 6428 6429 6430 6431 6432
4517,10710 10711 10712 10713 10714 10716 10717 10718 10719 10720
4518,1349 1350 1351 1352 1353 14465 14466 14467 14468 14469
4519,10820 10821 10822 10823 10824 10831 10832 10833 10834 10835
4520,665 666 667 668 669 6433 6434 6435 6436 6437
4521,1348 1349 1350 1351 1352 13186 13187 13188 13189 13190
4522,2215 2216 2217 2218 2219 12281 12282 12283 12284 12285
4523,789 790 791 792 793 8937 8938 8939 8940 8941
4524,3878 3879 3880 3881 3882 14467 14468 14469 14470 14471
4525,1537 1538 1539 1540 1541 14469 14470 14471 14472 14473
4526,2430 2431 2432 2433 2434 14470 14471 14472 14473 14474
4527,1122 1123 1124 1125 1126 14471 14472 14473 14474 14475
4528,1998 1999 2000 2001 2002 10833 10834 10835 10836 10837
4529,2210 2211 2212 2213 2214 8468 8469 8470 8471 8472
4530,14131 14132 14133 14134 14135 14209 14210 14211 14212 14213
4531,144 145 146 147 148 14473 14474 14475 14476 14477
4532,2276 2277 2278 2279 2280 14474 14475 14476 14477 14478
4533,854 855 856 857 858 11406 11407 11408 11409 11410
4534,11361 11362 11363 11364 11365 13886 13887 13888 13889 13890
4535,12845 12846 12847 12848 12849 13886 13887 13888 13889 13890
4536,12385 12386 12387 12388 12389 14477 14478 14479 14480 14481
4537,2647 2648 2649 2650 2651 13886 13887 13888 13889 13890
4538,9352 9353 9354 9355 9356 13886 13887 13888 13889 13890
4539,11361 11362 11363 11364 11365 13886 13887 13888 13889 13890
4540,8423 8424 8425 8426 8427 14457 14458 14459 14460 14461
4541,11361 11362 11363 11364 11365 11367 11368 11369 11370 11371
4542,12845 12846 12847 12848 12849 13886 13887 13888 13889 13890
4543,3893 3894 3895 3896 3897 14479 14480 14481 14482 14483
4544,13880 13881 13882 13883 13884 13886 13887 13888 13889 13890
4545,12845 12846 12847 12848 12849 13886 13887 13888 13889 13890
4546,11361 11362 11363 11364 11365 13886 13887 13888 13889 13890
4547,11361 11362 11363 11364 11365 13886 13887 13888 13889 13890
4548,12845 12846 12847 12848 12849 13886 13887 13888 13889 13890
4549,13880 13881 13882 13883 13884 13886 13887 13888 13889 13890
4550,12845 12846 12847 12848 12849 13886 13887 13888 13889 13890
4551,12845 12846 12847 12848 12849 14480 14481 14482 14483 14484
4552,12845 12846 12847 12848 12849 13886 13887 13888 13889 13890
4553,5262 5263 5264 5265 5266 13886 13887 13888 13889 13890
4554,12845 12846 12847 12848 12849 13886 13887 13888 13889 13890
4555,12845 12846 12847 12848 12849 13886 13887 13888 13889 13890
4556,13880 13881 13882 13883 13884 13886 13887 13888 13889 13890
4557,11361 11362 11363 11364 11365 13886 13887 13888 13889 13890
4558,12845 12846 12847 12848 12849 13886 13887 13888 13889 13890
4559,12845 12846 12847 12848 12849 13886 13887 13888 13889 13890
4560,13880 13881 13882 13883 13884 13886 13887 13888 13889 13890
4561,6191 6192 6193 6194 6195 14483 14484 14485 14486 14487
4562,687 688 689 690 691 13886 13887 13888 13889 13890
4563,11361 11362 11363 11364 11365 13886 13887 13888 13889 13890
4564,8683 8684 8685 8686 8687 13846 13847 13848 13849 13850
4565,687 688 689 690 691 12851 12852 12853 12854 12855
4566,5263 5264 5265 5266 5267 13886 13887 13888 13889 13890
4567,13880 13881 13882 13883 13884 13886 13887 13888 13889 13890
4568,5262 5263 5264 5265 5266 14132 14133 14134 14135 14136
4569,11361 11362 11363 11364 11365 12851 12852 12853 12854 12855
4570,11361 11362 11363 11364 11365 11367 11368 11369 11370 11371
4571,13880 13881 13882 13883 13884 13886 13887 13888 13889 13890
4572,361 362 363 364 365 14484 14485 14486 14487 14488
4573,11268 11269 11270 11271 11272 12633 12634 12635 12636 12637
4574,5261 5262 5263 5264 5265 14487 14488 14489 14490 14491
4575,5262 5263 5264 5265 5266 13886 13887 13888 13889 13890
4576,5014 5015 5016 5017 5018 14488 14489 14490 14491 14492
4577,13880 13881 13882 13883 13884 14489 14490 14491 14492 14493
4578,13880 13881 13882 13883 13884 13886 13887 13888 13889 13890
4579,5378 5379 5380 5381 5382 14490 14491 14492 14493 14494
4580,4407 4408 4409 4410 4411 13886 13887 13888 13889 13890
4581,5262 5263 5264 5265 5266 13886 13887 13888 13889 13890
4582,687 688 689 690 691 12851 12852 12853 12854 12855
4583,12845 12846 12847 12848 12849 12851 12852 12853 12854 12855
4584,12845 12846 12847 12848 12849 13886 13887 13888 13889 13890
4585,11361 11362 11363 11364 11365 13886 13887 13888 13889 13890
4586,4527 4528 4529 4530 4531 14493 14494 14495 14496 14497
4587,2057 2058 2059 2060 2061 14131 14132 14133 14134 14135
4588,197 198 199 200 201 14131 14132 14133 14134 14135
4589,11361 11362 11363 11364 11365 13886 13887 13888 13889 13890
4590,676 677 678 679 680 14132 14133 14134 14135 14136
4591,11361 11362 11363 11364 11365 13886 13887 13888 13889 13890
4592,11603 11604 11605 11606 11607 13886 13887 13888 13889 13890
4593,9302 9303 9304 9305 9306 12851 12852 12853 12854 12855
4594,5261 5262 5263 5264 5265 13886 13887 13888 13889 13890
4595,11361 11362 11363 11364 11365 13886 13887 13888 13889 13890
4596,3810 3811 3812 3813 3814 14138 14139 14140 14141 14142
4597,13880 13881 13882 13883 13884 14496 14497 14498 14499 14500
4598,11361 11362 11363 11364 11365 14497 14498 14499 14500 14501
4599,12845 12846 12847 12848 12849 13886 13887 13888 13889 13890
4600,14492 14493 14494 14495 14496 14499 14500 14501 14502 14503
4601,1905 1906 1907 1908 1909 13886 13887 13888 13889 13890
4602,11361 11362 11363 11364 11365 13886 13887 13888 13889 13890
4603,687 688 689 690 691 11367 11368 11369 11370 11371
4604,4334 4335 4336 4337 4338 14500 14501 14502 14503 14504
4605,11361 11362 11363 11364 11365 11367 11368 11369 11370 11371
4606,11361 11362 11363 11364 11365 13886 13887 13888 13889 13890
4607,3985 3986 3987 3988 3989 13514 13515 13516 13517 13518
4608,261 262 263 264 265 14447 14448 14449 14450 14451
4609,11361 11362 11363 11364 11365 14501 14502 14503 14504 14505
4610,2720 2721 2722 2723 2724 14502 14503 14504 14505 14506
4611,548 549 550 551 552 13886 13887 13888 13889 13890
4612,602 603 604 605 606 14504 14505 14506 14507 14508
4613,11361 11362 11363 11364 11365 14132 14133 14134 14135 14136
4614,12845 12846 12847 12848 12849 13886 13887 13888 13889 13890
4615,11361 11362 11363 11364 11365 13886 13887 13888 13889 13890
4616,12845 12846 12847 12848 12849 14505 14506 14507 14508 14509
4617,4748 4749 4750 4751 4752 14280 14281 14282 14283 14284
4618,5262 5263 5264 5265 5266 14507 14508 14509 14510 14511
4619,1505 1506 1507 1508 1509 11913 11914 11915 11916 11917
4620,1161 1162 1163 1164 1165 13188 13189 13190 13191 13192
4621,2609 2610 2611 2612 2613 6353 6354 6355 6356 6357
4622,5262 5263 5264 5265 5266 12851 12852 12853 12854 12855
4623,5191 5192 5193 5194 5195 13833 13834 13835 13836 13837
4624,426 427 428 429 430 14508 14509 14510 14511 14512
4625,233 234 235 236 237 14236 14237 14238 14239 14240
4626,14503 14504 14505 14506 14507 14509 14510 14511 14512 14513
4627,13222 13223 13224 13225 13226 14510 14511 14512 14513 14514
4628,8994 8995 8996 8997 8998 13283 13284 13285 13286 13287
4629,4948 4949 4950 4951 4952 14511 14512 14513 14514 14515
4630,5998 5999 6000 6001 6002 14382 14383 14384 14385 14386
4631,1264 1265 1266 1267 1268 14512 14513 14514 14515 14516
4632,5522 5523 5524 5525 5526 10871 10872 10873 10874 10875
4633,721 722 723 724 725 14513 14514 14515 14516 14517
4634,14272 14273 14274 14275 14276 14514 14515 14516 14517 14518
4635,735 736 737 738 739 14297 14298 14299 14300 14301
4636,4011 4012 4013 4014 4015 8183 8184 8185 8186 8187
4637,7839 7840 7841 7842 7843 14166 14167 14168 14169 14170
4638,2831 2832 2833 2834 2835 14433 14434 14435 14436 14437
4639,2205 2206 2207 2208 2209 14515 14516 14517 14518 14519
4640,10537 10538 10539 10540 10541 14414 14415 14416 14417 14418
4641,1293 1294 1295 1296 1297 14517 14518 14519 14520 14521
4642,1716 1717 1718 1719 1720 9665 9666 9667 9668 9669
4643,8 9 10 11 12 9760 9761 9762 9763 9764
4644,3890 3891 3892 3893 3894 14518 14519 14520 14521 14522
4645,11361 11362 11363 11364 11365 14487 14488 14489 14490 14491
4646,607 608 609 610 611 12714 12715 12716 12717 12718
4647,11233 11234 11235 11236 11237 14423 14424 14425 14426 14427
4648,315 316 317 318 319 14520 14521 14522 14523 14524
4649,229 230 231 232 233 1618 1619 1620 1621 1622
4650,3 4 5 6 7 11785 11786 11787 11788 11789
4651,3746 3747 3748 3749 3750 13431 13432 13433 13434 13435
4652,555 556 557 558 559 13724 13725 13726 13727 13728
4653,10976 10977 10978 10979 10980 14157 14158 14159 14160 14161
4654,219 220 221 222 223 14522 14523 14524 14525 14526
4655,7771 7772 7773 7774 7775 12252 12253 12254 12255 12256
4656,572 573 574 575 576 14523 14524 14525 14526 14527
4657,2815 2816 2817 2818 2819 3466 3467 3468 3469 3470
4658,5480 5481 5482 5483 5484 9831 9832 9833 9834 9835
4659,2737 2738 2739 2740 2741 13328 13329 13330 13331 13332
4660,4510 4511 4512 4513 4514 13325 13326 13327 13328 13329
4661,1161 1162 1163 1164 1165 13661 13662 13663 13664 13665
4662,400 401 402 403 404 13008 13009 13010 13011 13012
4663,1160 1161 1162 1163 1164 13453 13454 13455 13456 13457
4664,5513 5514 5515 5516 5517 14223 14224 14225 14226 14227
4665,1371 1372 1373 1374 1375 14524 14525 14526 14527 14528
4666,4544 4545 4546 4547 4548 14514 14515 14516 14517 14518
4667,11212 11213 11214 11215 11216 13054 13055 13056 13057 13058
4668,7376 7377 7378 7379 7380 14206 14207 14208 14209 14210
4669,355 356 357 358 359 14525 14526 14527 14528 14529
4670,9196 9197 9198 9199 9200 14526 14527 14528 14529 14530
4671,6601 6602 6603 6604 6605 14524 14525 14526 14527 14528
4672,6471 6472 6473 6474 6475 13267 13268 13269 13270 13271
4673,688 689 690 691 692 14381 14382 14383 14384 14385
4674,4752 4753 4754 4755 4756 14527 14528 14529 14530 14531
4675,1176 1177 1178 1179 1180 14529 14530 14531 14532 14533
4676,687 688 689 690 691 14531 14532 14533 14534 14535
4677,1902 1903 1904 1905 1906 14532 14533 14534 14535 14536
4678,56 57 58 59 60 5217 5218 5219 5220 5221
4679,2586 2587 2588 2589 2590 11290 11291 11292 11293 11294
4680,13162 13163 13164 13165 13166 14449 14450 14451 14452 14453
4681,11361 11362 11363 11364 11365 11367 11368 11369 11370 11371
4682,1175 1176 1177 1178 1179 7845 7846 7847 7848 7849
4683,13267 13268 13269 13270 13271 13757 13758 13759 13760 13761
4684,2316 2317 2318 2319 2320 11145 11146 11147 11148 11149
4685,3532 3533 3534 3535 3536 12374 12375 12376 12377 12378
4686,7379 7380 7381 7382 7383 13336 13337 13338 13339 13340
4687,552 553 554 555 556 14533 14534 14535 14536 14537
4688,1841 1842 1843 1844 1845 12899 12900 12901 12902 12903
4689,1352 1353 1354 1355 1356 8165 8166 8167 8168 8169
4690,1524 1525 1526 1527 1528 2821 2822 2823 2824 2825
4691,5347 5348 5349 5350 5351 14496 14497 14498 14499 14500
4692,7643 7644 7645 7646 7647 14040 14041 14042 14043 14044
4693,3988 3989 3990 3991 3992 14535 14536 14537 14538 14539
4694,4128 4129 4130 4131 4132 12757 12758 12759 12760 12761
4695,12572 12573 12574 12575 12576 14312 14313 14314 14315 14316
4696,2974 2975 2976 2977 2978 13847 13848 13849 13850 13851
4697,9010 9011 9012 9013 9014 13901 13902 13903 13904 13905
4698,1879 1880 1881 1882 1883 10543 10544 10545 10546 10547
4699,2737 2738 2739 2740 2741 14332 14333 14334 14335 14336
4700,5509 5510 5511 5512 5513 9115 9116 9117 9118 9119
4701,5587 5588 5589 5590 5591 14357 14358 14359 14360 14361
4702,1881 1882 1883 1884 1885 9961 9962 9963 9964 9965
4703,2910 2911 2912 2913 2914 13979 13980 13981 13982 13983
4704,5682 5683 5684 5685 5686 7428 7429 7430 7431 7432
4705,7263 7264 7265 7266 7267 14536 14537 14538 14539 14540
4706,12845 12846 12847 12848 12849 14538 14539 14540 14541 14542
4707,919 920 921 922 923 6330 6331 6332 6333 6334
4708,8512 8513 8514 8515 8516 14132 14133 14134 14135 14136
4709,14535 14536 14537 14538 14539 14542 14543 14544 14545 14546
4710,621 622 623 624 625 9366 9367 9368 9369 9370
4711,5332 5333 5334 5335 5336 14543 14544 14545 14546 14547
4712,12293 12294 12295 12296 12297 12851 12852 12853 12854 12855
4713,13880 13881 13882 13883 13884 14499 14500 14501 14502 14503
4714,6724 6725 6726 6727 6728 14544 14545 14546 14547 14548
4715,9401 9402 9403 9404 9405 14546 14547 14548 14549 14550
4716,12845 12846 12847 12848 12849 14539 14540 14541 14542 14543
4717,1352 1353 1354 1355 1356 6554 6555 6556 6557 6558
4718,14533 14534 14535 14536 14537 14539 14540 14541 14542 14543
4719,14533 14534 14535 14536 14537 14539 14540 14541 14542 14543
4720,11004 11005 11006 11007 11008 13653 13654 13655 13656 13657
4721,11398 11399 11400 11401 11402 14513 14514 14515 14516 14517
4722,721 722 723 724 725 14513 14514 14515 14516 14517
4723,9401 9402 9403 9404 9405 14546 14547 14548 14549 14550
4724,12845 12846 12847 12848 12849 12851 12852 12853 12854 12855
4725,12845 12846 12847 12848 12849 12851 12852 12853 12854 12855
4726,12845 12846 12847 12848 12849 12851 12852 12853 12854 12855
4727,2952 2953 2954 2955 2956 5752 5753 5754 5755 5756
4728,96 97 98 99 100 14548 14549 14550 14551 14552
4729,144 145 146 147 148 14549 14550 14551 14552 14553
4730,96 97 98 99 100 1809 1810 1811 1812 1813
4731,10972 10973 10974 10975 10976 12135 12136 12137 12138 12139
4732,53 54 55 56 57 9014 9015 9016 9017 9018
4733,996 997 998 999 1000 12757 12758 12759 12760 12761
4734,62 63 64 65 66 14559 14560 14561 14562 14563
4735,1160 1161 1162 1163 1164 4517 4518 4519 4520 4521
4736,12129 12130 12131 12132 12133 12851 12852 12853 12854 12855
4737,14485 14486 14487 14488 14489 14491 14492 14493 14494 14495
4738,3460 3461 3462 3463 3464 12427 12428 12429 12430 12431
4739,687 688 689 690 691 14562 14563 14564 14565 14566
4740,1168 1169 1170 1171 1172 12482 12483 12484 12485 12486
4741,687 688 689 690 691 4466 4467 4468 4469 4470
4742,1650 1651 1652 1653 1654 9683 9684 9685 9686 9687
4743,5781 5782 5783 5784 5785 14405 14406 14407 14408 14409
4744,12460 12461 12462 12463 12464 14564 14565 14566 14567 14568
4745,4751 4752 4753 4754 4755 14566 14567 14568 14569 14570
4746,10586 10587 10588 10589 10590 14214 14215 14216 14217 14218
4747,996 997 998 999 1000 11769 11770 11771 11772 11773
4748,3836 3837 3838 3839 3840 14567 14568 14569 14570 14571
4749,13889 13890 13891 13892 13893 13898 13899 13900 13901 13902
4750,378 379 380 381 382 14317 14318 14319 14320 14321
4751,6578 6579 6580 6581 6582 14568 14569 14570 14571 14572
4752,8449 8450 8451 8452 8453 14269 14270 14271 14272 14273
4753,12334 12335 12336 12337 12338 14570 14571 14572 14573 14574
4754,14236 14237 14238 14239 14240 14571 14572 14573 14574 14575
4755,325 326 327 328 329 10710 10711 10712 10713 10714
4756,2882 2883 2884 2885 2886 14465 14466 14467 14468 14469
4757,687 688 689 690 691 14574 14575 14576 14577 14578
4758,687 688 689 690 691 14576 14577 14578 14579 14580
4759,687 688 689 690 691 13559 13560 13561 13562 13563
4760,14204 14205 14206 14207 14208 14210 14211 14212 14213 14214
4761,13167 13168 13169 13170 13171 14083 14084 14085 14086 14087
4762,10736 10737 10738 10739 10740 14578 14579 14580 14581 14582
4763,2386 2387 2388 2389 2390 12026 12027 12028 12029 12030
4764,48 49 50 51 52 14579 14580 14581 14582 14583
4765,2225 2226 2227 2228 2229 13193 13194 13195 13196 13197
4766,96 97 98 99 100 14580 14581 14582 14583 14584
4767,8586 8587 8588 8589 8590 10384 10385 10386 10387 10388
4768,4429 4430 4431 4432 4433 14583 14584 14585 14586 14587
4769,6613 6614 6615 6616 6617 14000 14001 14002 14003 14004
4770,6792 6793 6794 6795 6796 10116 10117 10118 10119 10120
4771,11200 11201 11202 11203 11204 11948 11949 11950 11951 11952
4772,108 109 110 111 112 14586 14587 14588 14589 14590
4773,1884 1885 1886 1887 1888 10036 10037 10038 10039 10040
4774,903 904 905 906 907 11623 11624 11625 11626 11627
4775,6879 6880 6881 6882 6883 12319 12320 12321 12322 12323
4776,421 422 423 424 425 14320 14321 14322 14323 14324
4777,4750 4751 4752 4753 4754 14588 14589 14590 14591 14592
4778,7551 7552 7553 7554 7555 12649 12650 12651 12652 12653
4779,2736 2737 2738 2739 2740 13575 13576 13577 13578 13579
4780,7643 7644 7645 7646 7647 12893 12894 12895 12896 12897
4781,4128 4129 4130 4131 4132 9853 9854 9855 9856 9857
4782,4125 4126 4127 4128 4129 14282 14283 14284 14285 14286
4783,8405 8406 8407 8408 8409 13727 13728 13729 13730 13731
4784,5918 5919 5920 5921 5922 14366 14367 14368 14369 14370
4785,2631 2632 2633 2634 2635 12613 12614 12615 12616 12617
4786,5221 5222 5223 5224 5225 11367 11368 11369 11370 11371
4787,9017 9018 9019 9020 9021 14111 14112 14113 14114 14115
4788,2645 2646 2647 2648 2649 13829 13830 13831 13832 13833
4789,12845 12846 12847 12848 12849 13886 13887 13888 13889 13890
4790,11361 11362 11363 11364 11365 13886 13887 13888 13889 13890
4791,7397 7398 7399 7400 7401 13680 13681 13682 13683 13684
4792,12767 12768 12769 12770 12771 14590 14591 14592 14593 14594
4793,1470 1471 1472 1473 1474 11760 11761 11762 11763 11764
4794,0 1 2 3 4 8325 8326 8327 8328 8329
4795,3715 3716 3717 3718 3719 6985 6986 6987 6988 6989
4796,12845 12846 12847 12848 12849 13886 13887 13888 13889 13890
4797,1944 1945 1946 1947 1948 13080 13081 13082 13083 13084
4798,721 722 723 724 725 8591 8592 8593 8594 8595
4799,11400 11401 11402 11403 11404 14592 14593 14594 14595 14596
4800,2946 2947 2948 2949 2950 13514 13515 13516 13517 13518
4801,1600 1601 1602 1603 1604 14593 14594 14595 14596 14597
4802,1470 1471 1472 1473 1474 13337 13338 13339 13340 13341
4803,361 362 363 364 365 14539 14540 14541 14542 14543
4804,4346 4347 4348 4349 4350 7942 7943 7944 7945 7946
4805,4069 4070 4071 4072 4073 12839 12840 12841 12842 12843
4806,2973 2974 2975 2976 2977 14594 14595 14596 14597 14598
4807,2842 2843 2844 2845 2846 14595 14596 14597 14598 14599
4808,4011 4012 4013 4014 4015 10821 10822 10823 10824 10825
4809,2147 2148 2149 2150 2151 13436 13437 13438 13439 13440
4810,721 722 723 724 725 11406 11407 11408 11409 11410
4811,721 722 723 724 725 11406 11407 11408 11409 11410
4812,588 589 590 591 592 6475 6476 6477 6478 6479
4813,6649 6650 6651 6652 6653 14302 14303 14304 14305 14306
4814,6682 6683 6684 6685 6686 9656 9657 9658 9659 9660
4815,13675 13676 13677 13678 13679 14597 14598 14599 14600 14601
4816,8994 8995 8996 8997 8998 13681 13682 13683 13684 13685
4817,1478 1479 1480 1481 1482 14598 14599 14600 14601 14602
4818,400 401 402 403 404 12427 12428 12429 12430 12431
4819,2737 2738 2739 2740 2741 13328 13329 13330 13331 13332
4820,4146 4147 4148 4149 4150 14599 14600 14601 14602 14603
4821,1529 1530 1531 1532 1533 14600 14601 14602 14603 14604
4822,5126 5127 5128 5129 5130 8575 8576 8577 8578 8579
4823,12944 12945 12946 12947 12948 14601 14602 14603 14604 14605
4824,2286 2287 2288 2289 2290 7342 7343 7344 7345 7346
4825,585 586 587 588 589 13646 13647 13648 13649 13650
4826,42 43 44 45 46 11445 11446 11447 11448 11449
4827,9145 9146 9147 9148 9149 14451 14452 14453 14454 14455
4828,202 203 204 205 206 14603 14604 14605 14606 14607
4829,8015 8016 8017 8018 8019 14215 14216 14217 14218 14219
4830,1491 1492 1493 1494 1495 14604 14605 14606 14607 14608
4831,53 54 55 56 57 14606 14607 14608 14609 14610
4832,10247 10248 10249 10250 10251 14607 14608 14609 14610 14611
4833,6617 6618 6619 6620 6621 7353 7354 7355 7356 7357
4834,176 177 178 179 180 13043 13044 13045 13046 13047
4835,0 1 2 3 4 14608 14609 14610 14611 14612
4836,700 701 702 703 704 3243 3244 3245 3246 3247
4837,9905 9906 9907 9908 9909 14609 14610 14611 14612 14613
4838,933 934 935 936 937 12763 12764 12765 12766 12767
4839,10261 10262 10263 10264 10265 14611 14612 14613 14614 14615
4840,43 44 45 46 47 14612 14613 14614 14615 14616
4841,1921 1922 1923 1924 1925 10152 10153 10154 10155 10156
4842,1263 1264 1265 1266 1267 13763 13764 13765 13766 13767
4843,137 138 139 140 141 13438 13439 13440 13441 13442
4844,5189 5190 5191 5192 5193 13234 13235 13236 13237 13238
4845,61 62 63 64 65 14038 14039 14040 14041 14042
4846,225 226 227 228 229 14615 14616 14617 14618 14619
4847,102 103 104 105 106 8075 8076 8077 8078 8079
4848,1475 1476 1477 1478 1479 13578 13579 13580 13581 13582
4849,6567 6568 6569 6570 6571 6573 6574 6575 6576 6577
4850,483 484 485 486 487 13604 13605 13606 13607 13608
4851,1939 1940 1941 1942 1943 12317 12318 12319 12320 12321
4852,140 141 142 143 144 6576 6577 6578 6579 6580
4853,374 375 376 377 378 14618 14619 14620 14621 14622
4854,164 165 166 167 168 7052 7053 7054 7055 7056
4855,6141 6142 6143 6144 6145 12082 12083 12084 12085 12086
4856,14362 14363 14364 14365 14366 14368 14369 14370 14371 14372
4857,6804 6805 6806 6807 6808 10815 10816 10817 10818 10819
4858,8887 8888 8889 8890 8891 8894 8895 8896 8897 8898
4859,2427 2428 2429 2430 2431 11567 11568 11569 11570 11571
4860,1532 1533 1534 1535 1536 14545 14546 14547 14548 14549
4861,483 484 485 486 487 12045 12046 12047 12048 12049
4862,646 647 648 649 650 13265 13266 13267 13268 13269
4863,164 165 166 167 168 14620 14621 14622 14623 14624
4864,99 100 101 102 103 14622 14623 14624 14625 14626
4865,374 375 376 377 378 14623 14624 14625 14626 14627
4866,4594 4595 4596 4597 4598 13557 13558 13559 13560 13561
4867,1271 1272 1273 1274 1275 13827 13828 13829 13830 13831
4868,1597 1598 1599 1600 1601 14624 14625 14626 14627 14628
4869,5247 5248 5249 5250 5251 14625 14626 14627 14628 14629
4870,146 147 148 149 150 13040 13041 13042 13043 13044
4871,1530 1531 1532 1533 1534 12427 12428 12429 12430 12431
4872,685 686 687 688 689 9256 9257 9258 9259 9260
4873,12306 12307 12308 12309 12310 14077 14078 14079 14080 14081
4874,5284 5285 5286 5287 5288 6109 6110 6111 6112 6113
4875,1360 1361 1362 1363 1364 14627 14628 14629 14630 14631
4876,2951 2952 2953 2954 2955 12846 12847 12848 12849 12850
4877,3911 3912 3913 3914 3915 8201 8202 8203 8204 8205
4878,3782 3783 3784 3785 3786 14631 14632 14633 14634 14635
4879,5882 5883 5884 5885 5886 14633 14634 14635 14636 14637
4880,629 630 631 632 633 14298 14299 14300 14301 14302
4881,1257 1258 1259 1260 1261 13418 13419 13420 13421 13422
4882,789 790 791 792 793 7581 7582 7583 7584 7585
4883,158 159 160 161 162 12044 12045 12046 12047 12048
4884,624 625 626 627 628 14276 14277 14278 14279 14280
4885,5476 5477 5478 5479 5480 14636 14637 14638 14639 14640
4886,5735 5736 5737 5738 5739 14637 14638 14639 14640 14641
4887,581 582 583 584 585 14638 14639 14640 14641 14642
4888,11301 11302 11303 11304 11305 14639 14640 14641 14642 14643
4889,1277 1278 1279 1280 1281 8196 8197 8198 8199 8200
4890,319 320 321 322 323 10761 10762 10763 10764 10765
4891,68 69 70 71 72 14640 14641 14642 14643 14644
4892,4502 4503 4504 4505 4506 11083 11084 11085 11086 11087
4893,14620 14621 14622 14623 14624 14641 14642 14643 14644 14645
4894,2790 2791 2792 2793 2794 12697 12698 12699 12700 12701
4895,6182 6183 6184 6185 6186 9827 9828 9829 9830 9831
4896,3004 3005 3006 3007 3008 14642 14643 14644 14645 14646
4897,1024 1025 1026 1027 1028 10738 10739 10740 10741 10742
4898,1042 1043 1044 1045 1046 11324 11325 11326 11327 11328
4899,606 607 608 609 610 14622 14623 14624 14625 14626
4900,78 79 80 81 82 8435 8436 8437 8438 8439
4901,360 361 362 363 364 11570 11571 11572 11573 11574
4902,219 220 221 222 223 14612 14613 14614 14615 14616
4903,223 224 225 226 227 10127 10128 10129 10130 10131
4904,687 688 689 690 691 11367 11368 11369 11370 11371
4905,6477 6478 6479 6480 6481 13692 13693 13694 13695 13696
4906,1655 1656 1657 1658 1659 4420 4421 4422 4423 4424
4907,318 319 320 321 322 11837 11838 11839 11840 11841
4908,8567 8568 8569 8570 8571 13018 13019 13020 13021 13022
4909,998 999 1000 1001 1002 10858 10859 10860 10861 10862
4910,791 792 793 794 795 12853 12854 12855 12856 12857
4911,41 42 43 44 45 12434 12435 12436 12437 12438
4912,1078 1079 1080 1081 1082 11084 11085 11086 11087 11088
4913,8358 8359 8360 8361 8362 14072 14073 14074 14075 14076
4914,2816 2817 2818 2819 2820 7692 7693 7694 7695 7696
4915,1349 1350 1351 1352 1353 11778 11779 11780 11781 11782
4916,461 462 463 464 465 14645 14646 14647 14648 14649
4917,4572 4573 4574 4575 4576 8342 8343 8344 8345 8346
4918,2998 2999 3000 3001 3002 12377 12378 12379 12380 12381
4919,157 158 159 160 161 7698 7699 7700 7701 7702
4920,467 468 469 470 471 12296 12297 12298 12299 12300
4921,5565 5566 5567 5568 5569 13315 13316 13317 13318 13319
4922,8369 8370 8371 8372 8373 14639 14640 14641 14642 14643
4923,164 165 166 167 168 12095 12096 12097 12098 12099
4924,5775 5776 5777 5778 5779 14647 14648 14649 14650 14651
4925,581 582 583 584 585 13014 13015 13016 13017 13018
4926,951 952 953 954 955 14654 14655 14656 14657 14658
4927,4721 4722 4723 4724 4725 4727 4728 4729 4730 4731
4928,126 127 128 129 130 12133 12134 12135 12136 12137
4929,384 385 386 387 388 12841 12842 12843 12844 12845
4930,3387 3388 3389 3390 3391 9375 9376 9377 9378 9379
4931,640 641 642 643 644 10600 10601 10602 10603 10604
4932,573 574 575 576 577 10268 10269 10270 10271 10272
4933,14649 14650 14651 14652 14653 14655 14656 14657 14658 14659
4934,13181 13182 13183 13184 13185 14656 14657 14658 14659 14660
4935,361 362 363 364 365 14657 14658 14659 14660 14661
4936,399 400 401 402 403 14140 14141 14142 14143 14144
4937,1318 1319 1320 1321 1322 13331 13332 13333 13334 13335
4938,400 401 402 403 404 13426 13427 13428 13429 13430
4939,2736 2737 2738 2739 2740 13629 13630 13631 13632 13633
4940,355 356 357 358 359 6867 6868 6869 6870 6871
4941,1524 1525 1526 1527 1528 10731 10732 10733 10734 10735
4942,1524 1525 1526 1527 1528 12427 12428 12429 12430 12431
4943,621 622 623 624 625 14658 14659 14660 14661 14662
4944,400 401 402 403 404 13331 13332 13333 13334 13335
4945,1524 1525 1526 1527 1528 11394 11395 11396 11397 11398
4946,1747 1748 1749 1750 1751 3603 3604 3605 3606 3607
4947,12906 12907 12908 12909 12910 14316 14317 14318 14319 14320
4948,154 155 156 157 158 14108 14109 14110 14111 14112
4949,1257 1258 1259 1260 1261 12441 12442 12443 12444 12445
4950,229 230 231 232 233 11255 11256 11257 11258 11259
4951,3889 3890 3891 3892 3893 14660 14661 14662 14663 14664
4952,660 661 662 663 664 3370 3371 3372 3373 3374
4953,9794 9795 9796 9797 9798 14661 14662 14663 14664 14665
4954,2896 2897 2898 2899 2900 14176 14177 14178 14179 14180
4955,0 1 2 3 12244 12245 12246 12247 12248
4956,10486 10487 10488 10489 10490 14508 14509 14510 14511 14512
4957,933 934 935 936 937 14609 14610 14611 14612 14613
4958,1189 1190 1191 1192 1193 14662 14663 14664 14665 14666
4959,6721 6722 6723 6724 6725 14663 14664 14665 14666 14667
4960,1023 1024 1025 1026 1027 12161 12162 12163 12164 12165
4961,2073 2074 2075 2076 2077 10701 10702 10703 10704 10705
4962,1737 1738 1739 1740 1741 14664 14665 14666 14667 14668
4963,2818 2819 2820 2821 2822 14140 14141 14142 14143 14144
4964,6814 6815 6816 6817 6818 14665 14666 14667 14668 14669
4965,8097 8098 8099 8100 8101 10790 10791 10792 10793 10794
4966,389 390 391 392 393 14668 14669 14670 14671 14672
4967,4845 4846 4847 4848 4849 12422 12423 12424 12425 12426
4968,82 83 84 85 86 14669 14670 14671 14672 14673
4969,2291 2292 2293 2294 2295 11484 11485 11486 11487 11488
4970,8994 8995 8996 8997 8998 14671 14672 14673 14674 14675
4971,1080 1081 1082 1083 1084 11747 11748 11749 11750 11751
4972,1801 1802 1803 1804 1805 5578 5579 5580 5581 5582
4973,342 343 344 345 346 13723 13724 13725 13726 13727
4974,68 69 70 71 72 14535 14536 14537 14538 14539
4975,13327 13328 13329 13330 13331 13652 13653 13654 13655 13656
4976,4813 4814 4815 4816 4817 11462 11463 11464 11465 11466
4977,1891 1892 1893 1894 1895 13952 13953 13954 13955 13956
4978,1729 1730 1731 1732 1733 10788 10789 10790 10791 10792
4979,491 492 493 494 495 14519 14520 14521 14522 14523
4980,1342 1343 1344 1345 1346 10910 10911 10912 10913 10914
4981,442 443 444 445 446 10548 10549 10550 10551 10552
4982,332 333 334 335 336 13632 13633 13634 13635 13636
4983,129 130 131 132 133 6680 6681 6682 6683 6684
4984,3901 3902 3903 3904 3905 14279 14280 14281 14282 14283
4985,1911 1912 1913 1914 1915 11778 11779 11780 11781 11782
4986,211 212 213 214 215 6578 6579 6580 6581 6582
4987,9167 9168 9169 9170 9171 14674 14675 14676 14677 14678
4988,1006 1007 1008 1009 1010 10937 10938 10939 10940 10941
4989,2705 2706 2707 2708 2709 9977 9978 9979 9980 9981
4990,225 226 227 228 229 11367 11368 11369 11370 11371
4991,3334 3335 3336 3337 3338 5830 5831 5832 5833 5834
4992,41 42 43 44 45 14627 14628 14629 14630 14631
4993,11212 11213 11214 11215 11216 14675 14676 14677 14678 14679
4994,1875 1876 1877 1878 1879 12575 12576 12577 12578 12579
4995,171 172 173 174 175 13056 13057 13058 13059 13060
4996,7395 7396 7397 7398 7399 12186 12187 12188 12189 12190
4997,1006 1007 1008 1009 1010 11121 11122 11123 11124 11125
4998,6239 6240 6241 6242 6243 13641 13642 13643 13644 13645
4999,114 115 116 117 118 14677 14678 14679 14680 14681
5000,3265 3266 3267 3268 3269 3273 3274 3275 3276 3277
5001,3544 3545 3546 3547 3548 11590 11591 11592 11593 11594
5002,1773 1774 1775 1776 1777 11809 11810 11811 11812 11813
5003,1141 1142 1143 1144 1145 14678 14679 14680 14681 14682
5004,10839 10840 10841 10842 10843 14680 14681 14682 14683 14684
5005,390 391 392 393 394 13790 13791 13792 13793 13794
5006,606 607 608 609 610 14681 14682 14683 14684 14685
5007,2005 2006 2007 2008 2009 14682 14683 14684 14685 14686
5008,3420 3421 3422 3423 3424 14266 14267 14268 14269 14270
5009,10079 10080 10081 10082 10083 14146 14147 14148 14149 14150
5010,4619 4620 4621 4622 4623 13984 13985 13986 13987 13988
5011,285 286 287 288 289 8182 8183 8184 8185 8186
5012,1700 1701 1702 1703 1704 14683 14684 14685 14686 14687
5013,84 85 86 87 88 10930 10931 10932 10933 10934
5014,7 8 9 10 11 14685 14686 14687 14688 14689
5015,229 230 231 232 233 14259 14260 14261 14262 14263
5016,48 49 50 51 52 14580 14581 14582 14583 14584
5017,936 937 938 939 940 14686 14687 14688 14689 14690
5018,7116 7117 7118 7119 7120 9000 9001 9002 9003 9004
5019,3064 3065 3066 3067 3068 13693 13694 13695 13696 13697
5020,2222 2223 2224 2225 2226 10799 10800 10801 10802 10803
5021,193 194 195 196 197 10592 10593 10594 10595 10596
5022,8466 8467 8468 8469 8470 13638 13639 13640 13641 13642
5023,5118 5119 5120 5121 5122 13232 13233 13234 13235 13236
5024,9506 9507 9508 9509 9510 14688 14689 14690 14691 14692
5025,6831 6832 6833 6834 6835 12887 12888 12889 12890 12891
5026,10379 10380 10381 10382 10383 14690 14691 14692 14693 14694
5027,96 97 98 99 100 14691 14692 14693 14694 14695
5028,5703 5704 5705 5706 5707 14692 14693 14694 14695 14696
5029,160 161 162 163 164 13021 13022 13023 13024 13025
5030,7224 7225 7226 7227 7228 14695 14696 14697 14698 14699
5031,3964 3965 3966 3967 3968 5951 5952 5953 5954 5955
5032,461 462 463 464 465 14696 14697 14698 14699 14700
5033,12129 12130 12131 12132 12133 14698 14699 14700 14701 14702
5034,14693 14694 14695 14696 14697 14699 14700 14701 14702 14703
5035,1181 1182 1183 1184 1185 14700 14701 14702 14703 14704
5036,14695 14696 14697 14698 14699 14701 14702 14703 14704 14705
5037,6318 6319 6320 6321 6322 9754 9755 9756 9757 9758
5038,66 67 68 69 70 5790 5791 5792 5793 5794
5039,101 102 103 104 105 14704 14705 14706 14707 14708
5040,638 639 640 641 642 644 645 646 647 648
5041,8329 8330 8331 8332 8333 8335 8336 8337 8338 8339
5042,606 607 608 609 610 2076 2077 2078 2079 2080
5043,939 940 941 942 943 14708 14709 14710 14711 14712
5044,687 688 689 690 691 14573 14574 14575 14576 14577
5045,7200 7201 7202 7203 7204 14709 14710 14711 14712 14713
5046,13914 13915 13916 13917 13918 14647 14648 14649 14650 14651
5047,7940 7941 7942 7943 7944 14711 14712 14713 14714 14715
5048,6479 6480 6481 6482 6483 14317 14318 14319 14320 14321
5049,96 97 98 99 100 11564 11565 11566 11567 11568
5050,687 688 689 690 691 14137 14138 14139 14140 14141
5051,1622 1623 1624 1625 1626 14712 14713 14714 14715 14716
5052,8195 8196 8197 8198 8199 14539 14540 14541 14542 14543
5053,2551 2552 2553 2554 2555 11575 11576 11577 11578 11579
5054,8994 8995 8996 8997 8998 14164 14165 14166 14167 14168
5055,3459 3460 3461 3462 3463 14713 14714 14715 14716 14717
5056,748 749 750 751 752 6412 6413 6414 6415 6416
5057,11084 11085 11086 11087 11088 14512 14513 14514 14515 14516
5058,3452 3453 3454 3455 3456 9980 9981 9982 9983 9984
5059,2997 2998 2999 3000 3001 11896 11897 11898 11899 11900
5060,307 308 309 310 311 14311 14312 14313 14314 14315
5061,53 54 55 56 57 59 60 61 62 63
5062,108 109 110 111 112 14670 14671 14672 14673 14674
5063,483 484 485 486 487 11925 11926 11927 11928 11929
5064,2 3 4 5 6 14588 14589 14590 14591 14592
5065,2925 2926 2927 2928 2929 14228 14229 14230 14231 14232
5066,3211 3212 3213 3214 3215 8964 8965 8966 8967 8968
5067,358 359 360 361 362 11959 11960 11961 11962 11963
5068,8742 8743 8744 8745 8746 14320 14321 14322 14323 14324
5069,3748 3749 3750 3751 3752 11304 11305 11306 11307 11308
5070,2602 2603 2604 2605 2606 7962 7963 7964 7965 7966
5071,2054 2055 2056 2057 2058 12201 12202 12203 12204 12205
5072,2404 2405 2406 2407 2408 14716 14717 14718 14719 14720
5073,2825 2826 2827 2828 2829 14441 14442 14443 14444 14445
5074,4070 4071 4072 4073 4074 11467 11468 11469 11470 11471
5075,8362 8363 8364 8365 8366 11479 11480 11481 11482 11483
5076,12663 12664 12665 12666 12667 14211 14212 14213 14214 14215
5077,481 482 483 484 485 2429 2430 2431 2432 2433
5078,2815 2816 2817 2818 2819 13236 13237 13238 13239 13240
5079,6488 6489 6490 6491 6492 14718 14719 14720 14721 14722
5080,1665 1666 1667 1668 1669 14719 14720 14721 14722 14723
5081,2806 2807 2808 2809 2810 13486 13487 13488 13489 13490
5082,2795 2796 2797 2798 2799 14414 14415 14416 14417 14418
5083,687 688 689 690 691 3904 3905 3906 3907 3908
5084,12287 12288 12289 12290 12291 12676 12677 12678 12679 12680
5085,3537 3538 3539 3540 3541 8304 8305 8306 8307 8308
5086,1023 1024 1025 1026 1027 14722 14723 14724 14725 14726
5087,260 261 262 263 264 13667 13668 13669 13670 13671
5088,2394 2395 2396 2397 2398 10462 10463 10464 10465 10466
5089,1173 1174 1175 1176 1177 12859 12860 12861 12862 12863
5090,2045 2046 2047 2048 2049 14110 14111 14112 14113 14114
5091,7848 7849 7850 7851 7852 14723 14724 14725 14726 14727
5092,2721 2722 2723 2724 2725 14725 14726 14727 14728 14729
5093,7102 7103 7104 7105 7106 14726 14727 14728 14729 14730
5094,7080 7081 7082 7083 7084 14727 14728 14729 14730 14731
5095,2987 2988 2989 2990 2991 14729 14730 14731 14732 14733
5096,6498 6499 6500 6501 6502 14599 14600 14601 14602 14603
5097,12956 12957 12958 12959 12960 14411 14412 14413 14414 14415
5098,3382 3383 3384 3385 3386 14174 14175 14176 14177 14178
5099,404 405 406 407 408 14508 14509 14510 14511 14512
5100,226 227 228 229 230 13951 13952 13953 13954 13955
5101,5382 5383 5384 5385 5386 13255 13256 13257 13258 13259
5102,686 687 688 689 690 14722 14723 14724 14725 14726
5103,793 794 795 796 797 12982 12983 12984 12985 12986
5104,1779 1780 1781 1782 1783 14438 14439 14440 14441 14442
5105,7052 7053 7054 7055 7056 11347 11348 11349 11350 11351
5106,7796 7797 7798 7799 7800 14162 14163 14164 14165 14166
5107,2954 2955 2956 2957 2958 13082 13083 13084 13085 13086
5108,3 4 5 6 7 13397 13398 13399 13400 13401
5109,6609 6610 6611 6612 6613 14732 14733 14734 14735 14736
5110,12032 12033 12034 12035 12036 12038 12039 12040 12041 12042
5111,1118 1119 1120 1121 1122 14734 14735 14736 14737 14738
5112,13111 13112 13113 13114 13115 14726 14727 14728 14729 14730
5113,1858 1859 1860 1861 1862 7223 7224 7225 7226 7227
5114,12214 12215 12216 12217 12218 13706 13707 13708 13709 13710
5115,1121 1122 1123 1124 1125 14170 14171 14172 14173 14174
5116,1841 1842 1843 1844 1845 13963 13964 13965 13966 13967
5117,4 5 6 7 8 13572 13573 13574 13575 13576
5118,1316 1317 1318 1319 1320 9309 9310 9311 9312 9313
5119,225 226 227 228 229 13989 13990 13991 13992 13993
5120,11481 11482 11483 11484 11485 14736 14737 14738 14739 14740
5121,3662 3663 3664 3665 3666 7066 7067 7068 7069 7070
5122,995 996 997 998 999 10750 10751 10752 10753 10754
5123,1349 1350 1351 1352 1353 11779 11780 11781 11782 11783
5124,1527 1528 1529 1530 1531 13352 13353 13354 13355 13356
5125,2367 2368 2369 2370 2371 14737 14738 14739 14740 14741
5126,4270 4271 4272 4273 4274 14738 14739 14740 14741 14742
5127,580 581 582 583 584 1205 1206 1207 1208 1209
5128,2869 2870 2871 2872 2873 12210 12211 12212 12213 12214
5129,996 997 998 999 1000 9641 9642 9643 9644 9645
5130,2366 2367 2368 2369 2370 11778 11779 11780 11781 11782
5131,1007 1008 1009 1010 1011 9641 9642 9643 9644 9645
5132,998 999 1000 1001 1002 13684 13685 13686 13687 13688
5133,1006 1007 1008 1009 1010 11388 11389 11390 11391 11392
5134,938 939 940 941 942 14740 14741 14742 14743 14744
5135,3838 3839 3840 3841 3842 14106 14107 14108 14109 14110
5136,5442 5443 5444 5445 5446 7555 7556 7557 7558 7559
5137,7174 7175 7176 7177 7178 13561 13562 13563 13564 13565
5138,2276 2277 2278 2279 2280 14097 14098 14099 14100 14101
5139,399 400 401 402 403 11123 11124 11125 11126 11127
5140,1131 1132 1133 1134 1135 7216 7217 7218 7219 7220
5141,4271 4272 4273 4274 4275 14100 14101 14102 14103 14104
5142,9303 9304 9305 9306 9307 12080 12081 12082 12083 12084
5143,6239 6240 6241 6242 6243 12083 12084 12085 12086 12087
5144,720 721 722 723 724 14743 14744 14745 14746 14747
5145,2816 2817 2818 2819 2820 14285 14286 14287 14288 14289
5146,2081 2082 2083 2084 2085 14745 14746 14747 14748 14749
5147,2864 2865 2866 2867 2868 12934 12935 12936 12937 12938
5148,2875 2876 2877 2878 2879 14746 14747 14748 14749 14750
5149,1718 1719 1720 1721 1722 14751 14752 14753 14754 14755
5150,668 669 670 671 672 13983 13984 13985 13986 13987
5151,638 639 640 641 642 13572 13573 13574 13575 13576
5152,96 97 98 99 100 102 103 104 105 106
5153,1006 1007 1008 1009 1010 14752 14753 14754 14755 14756
5154,4398 4399 4400 4401 4402 11725 11726 11727 11728 11729
5155,6085 6086 6087 6088 6089 14366 14367 14368 14369 14370
5156,10105 10106 10107 10108 10109 13761 13762 13763 13764 13765
5157,2725 2726 2727 2728 2729 14063 14064 14065 14066 14067
5158,2576 2577 2578 2579 2580 12834 12835 12836 12837 12838
5159,998 999 1000 1001 1002 13574 13575 13576 13577 13578
5160,14347 14348 14349 14350 14351 14753 14754 14755 14756 14757
5161,1928 1929 1930 1931 1932 12893 12894 12895 12896 12897
5162,665 666 667 668 669 14754 14755 14756 14757 14758
5163,270 271 272 273 274 14755 14756 14757 14758 14759
5164,1312 1313 1314 1315 1316 11725 11726 11727 11728 11729
5165,1832 1833 1834 1835 1836 7937 7938 7939 7940 7941
5166,8130 8131 8132 8133 8134 14282 14283 14284 14285 14286
5167,11615 11616 11617 11618 11619 13618 13619 13620 13621 13622
5168,14747 14748 14749 14750 14751 14753 14754 14755 14756 14757
5169,996 997 998 999 1000 9174 9175 9176 9177 9178
5170,62 63 64 65 66 12765 12766 12767 12768 12769
5171,8020 8021 8022 8023 8024 10036 10037 10038 10039 10040
5172,12498 12499 12500 12501 12502 14757 14758 14759 14760 14761
5173,1909 1910 1911 1912 1913 9666 9667 9668 9669 9670
5174,9119 9120 9121 9122 9123 13882 13883 13884 13885 13886
5175,1339 1340 1341 1342 1343 9953 9954 9955 9956 9957
5176,2853 2854 2855 2856 2857 12380 12381 12382 12383 12384
5177,6584 6585 6586 6587 6588 13549 13550 13551 13552 13553
5178,1542 1543 1544 1545 1546 11590 11591 11592 11593 11594
5179,1114 1115 1116 1117 1118 8017 8018 8019 8020 8021
5180,1318 1319 1320 1321 1322 9785 9786 9787 9788 9789
5181,5970 5971 5972 5973 5974 13668 13669 13670 13671 13672
5182,1556 1557 1558 1559 1560 12893 12894 12895 12896 12897
5183,1143 1144 1145 1146 1147 14762 14763 14764 14765 14766
5184,9122 9123 9124 9125 9126 14395 14396 14397 14398 14399
5185,2613 2614 2615 2616 2617 11108 11109 11110 11111 11112
5186,3481 3482 3483 3484 3485 14765 14766 14767 14768 14769
5187,1006 1007 1008 1009 1010 12896 12897 12898 12899 12900
5188,310 311 312 313 314 5220 5221 5222 5223 5224
5189,1737 1738 1739 1740 1741 14024 14025 14026 14027 14028
5190,12323 12324 12325 12326 12327 14665 14666 14667 14668 14669
5191,1625 1626 1627 1628 1629 12741 12742 12743 12744 12745
5192,12306 12307 12308 12309 12310 13996 13997 13998 13999 14000
5193,12312 12313 12314 12315 12316 14769 14770 14771 14772 14773
5194,14764 14765 14766 14767 14768 14771 14772 14773 14774 14775
5195,153 154 155 156 157 14774 14775 14776 14777 14778
5196,6131 6132 6133 6134 6135 13004 13005 13006 13007 13008
5197,14769 14770 14771 14772 14773 14775 14776 14777 14778 14779
5198,11938 11939 11940 11941 11942 13033 13034 13035 13036 13037
5199,332 333 334 335 336 13715 13716 13717 13718 13719
5200,4761 4762 4763 4764 4765 14665 14666 14667 14668 14669
5201,9567 9568 9569 9570 9571 13020 13021 13022 13023 13024
5202,4649 4650 4651 4652 4653 14776 14777 14778 14779 14780
5203,8482 8483 8484 8485 8486 10697 10698 10699 10700 10701
5204,129 130 131 132 133 13403 13404 13405 13406 13407
5205,6667 6668 6669 6670 6671 14777 14778 14779 14780 14781
5206,2660 2661 2662 2663 2664 13945 13946 13947 13948 13949
5207,1129 1130 1131 1132 1133 14072 14073 14074 14075 14076
5208,1992 1993 1994 1995 1996 13819 13820 13821 13822 13823
5209,5323 5324 5325 5326 5327 14371 14372 14373 14374 14375
5210,1125 1126 1127 1128 1129 14601 14602 14603 14604 14605
5211,5319 5320 5321 5322 5323 12481 12482 12483 12484 12485
5212,8 9 10 11 12 12315 12316 12317 12318 12319
5213,3375 3376 3377 3378 3379 14780 14781 14782 14783 14784
5214,4652 4653 4654 4655 4656 14659 14660 14661 14662 14663
5215,8 9 10 11 12 13741 13742 13743 13744 13745
5216,1878 1879 1880 1881 1882 14455 14456 14457 14458 14459
5217,8898 8899 8900 8901 8902 13976 13977 13978 13979 13980
5218,13014 13015 13016 13017 13018 14782 14783 14784 14785 14786
5219,6134 6135 6136 6137 6138 14781 14782 14783 14784 14785
5220,1879 1880 1881 1882 1883 13434 13435 13436 13437 13438
5221,2790 2791 2792 2793 2794 14783 14784 14785 14786 14787
5222,14448 14449 14450 14451 14452 14454 14455 14456 14457 14458
5223,1878 1879 1880 1881 1882 14784 14785 14786 14787 14788
5224,2081 2082 2083 2084 2085 14785 14786 14787 14788 14789
5225,4638 4639 4640 4641 4642 9084 9085 9086 9087 9088
5226,1879 1880 1881 1882 1883 14786 14787 14788 14789 14790
5227,6094 6095 6096 6097 6098 13434 13435 13436 13437 13438
5228,2659 2660 2661 2662 2663 14027 14028 14029 14030 14031
5229,2825 2826 2827 2828 2829 13568 13569 13570 13571 13572
5230,5253 5254 5255 5256 5257 14374 14375 14376 14377 14378
5231,181 182 183 184 185 14788 14789 14790 14791 14792
5232,3826 3827 3828 3829 3830 10875 10876 10877 10878 10879
5233,288 289 290 291 292 13955 13956 13957 13958 13959
5234,12963 12964 12965 12966 12967 14455 14456 14457 14458 14459
5235,4713 4714 4715 4716 4717 14789 14790 14791 14792 14793
5236,10867 10868 10869 10870 10871 14780 14781 14782 14783 14784
5237,1470 1471 1472 1473 1474 14784 14785 14786 14787 14788
5238,3891 3892 3893 3894 3895 14790 14791 14792 14793 14794
5239,3477 3478 3479 3480 3481 8632 8633 8634 8635 8636
5240,1539 1540 1541 1542 1543 14792 14793 14794 14795 14796
5241,8483 8484 8485 8486 8487 13613 13614 13615 13616 13617
5242,2800 2801 2802 2803 2804 14773 14774 14775 14776 14777
5243,9571 9572 9573 9574 9575 13000 13001 13002 13003 13004
5244,4589 4590 4591 4592 4593 4595 4596 4597 4598 4599
5245,2089 2090 2091 2092 2093 14781 14782 14783 14784 14785
5246,631 632 633 634 635 14090 14091 14092 14093 14094
5247,8095 8096 8097 8098 8099 14019 14020 14021 14022 14023
5248,6134 6135 6136 6137 6138 13530 13531 13532 13533 13534
5249,14789 14790 14791 14792 14793 14795 14796 14797 14798 14799
5250,610 611 612 613 614 14788 14789 14790 14791 14792
5251,1289 1290 1291 1292 1293 14796 14797 14798 14799 14800
5252,3475 3476 3477 3478 3479 14370 14371 14372 14373 14374
5253,2631 2632 2633 2634 2635 14797 14798 14799 14800 14801
5254,5369 5370 5371 5372 5373 14129 14130 14131 14132 14133
5255,1069 1070 1071 1072 1073 14798 14799 14800 14801 14802
5256,4709 4710 4711 4712 4713 12602 12603 12604 12605 12606
5257,2631 2632 2633 2634 2635 12317 12318 12319 12320 12321
5258,12177 12178 12179 12180 12181 13609 13610 13611 13612 13613
5259,2784 2785 2786 2787 2788 13947 13948 13949 13950 13951
5260,1 2 3 4 5 6789 6790 6791 6792 6793
5261,2562 2563 2564 2565 2566 13975 13976 13977 13978 13979
5262,9891 9892 9893 9894 9895 14400 14401 14402 14403 14404
5263,4639 4640 4641 4642 4643 8635 8636 8637 8638 8639
5264,778 779 780 781 782 14799 14800 14801 14802 14803
5265,6096 6097 6098 6099 6100 6103 6104 6105 6106 6107
5266,2605 2606 2607 2608 2609 2613 2614 2615 2616 2617
5267,399 400 401 402 403 13060 13061 13062 13063 13064
5268,1524 1525 1526 1527 1528 13732 13733 13734 13735 13736
5269,1318 1319 1320 1321 1322 3466 3467 3468 3469 3470
5270,400 401 402 403 404 14458 14459 14460 14461 14462
5271,400 401 402 403 404 14054 14055 14056 14057 14058
5272,402 403 404 405 406 13651 13652 13653 13654 13655
5273,1160 1161 1162 1163 1164 14327 14328 14329 14330 14331
5274,400 401 402 403 404 12827 12828 12829 12830 12831
5275,2609 2610 2611 2612 2613 14801 14802 14803 14804 14805
5276,400 401 402 403 404 13187 13188 13189 13190 13191
5277,1160 1161 1162 1163 1164 13525 13526 13527 13528 13529
5278,400 401 402 403 404 14802 14803 14804 14805 14806
5279,1160 1161 1162 1163 1164 11113 11114 11115 11116 11117
5280,400 401 402 403 404 13202 13203 13204 13205 13206
5281,1160 1161 1162 1163 1164 9785 9786 9787 9788 9789
5282,1524 1525 1526 1527 1528 13519 13520 13521 13522 13523
5283,1318 1319 1320 1321 1322 13353 13354 13355 13356 13357
5284,1161 1162 1163 1164 1165 14600 14601 14602 14603 14604
5285,6345 6346 6347 6348 6349 14803 14804 14805 14806 14807
5286,399 400 401 402 403 13328 13329 13330 13331 13332
5287,1527 1528 1529 1530 1531 5999 6000 6001 6002 6003
5288,1522 1523 1524 1525 1526 13316 13317 13318 13319 13320
5289,2737 2738 2739 2740 2741 13662 13663 13664 13665 13666
5290,1160 1161 1162 1163 1164 13660 13661 13662 13663 13664
5291,400 401 402 403 404 11900 11901 11902 11903 11904
5292,398 399 400 401 402 13626 13627 13628 13629 13630
5293,1527 1528 1529 1530 1531 2743 2744 2745 2746 2747
5294,399 400 401 402 403 13718 13719 13720 13721 13722
5295,399 400 401 402 403 13188 13189 13190 13191 13192
5296,1160 1161 1162 1163 1164 6417 6418 6419 6420 6421
5297,4509 4510 4511 4512 4513 14804 14805 14806 14807 14808
5298,2736 2737 2738 2739 2740 6417 6418 6419 6420 6421
5299,399 400 401 402 403 13189 13190 13191 13192 13193
5300,8823 8824 8825 8826 8827 14805 14806 14807 14808 14809
5301,1470 1471 1472 1473 1474 4517 4518 4519 4520 4521
5302,400 401 402 403 404 13337 13338 13339 13340 13341
5303,8357 8358 8359 8360 8361 14806 14807 14808 14809 14810
5304,1470 1471 1472 1473 1474 14807 14808 14809 14810 14811
5305,2736 2737 2738 2739 2740 2742 2743 2744 2745 2746
5306,2736 2737 2738 2739 2740 12426 12427 12428 12429 12430
5307,1524 1525 1526 1527 1528 12427 12428 12429 12430 12431
5308,400 401 402 403 404 14808 14809 14810 14811 14812
5309,1527 1528 1529 1530 1531 13189 13190 13191 13192 13193
5310,8357 8358 8359 8360 8361 13316 13317 13318 13319 13320
5311,2736 2737 2738 2739 2740 6353 6354 6355 6356 6357
5312,3873 3874 3875 3876 3877 13835 13836 13837 13838 13839
5313,533 534 535 536 537 14809 14810 14811 14812 14813
5314,524 525 526 527 528 14809 14810 14811 14812 14813
5315,11283 11284 11285 11286 11287 12886 12887 12888 12889 12890
5316,6784 6785 6786 6787 6788 14810 14811 14812 14813 14814
5317,7203 7204 7205 7206 7207 13594 13595 13596 13597 13598
5318,531 532 533 534 535 14809 14810 14811 14812 14813
5319,5993 5994 5995 5996 5997 14008 14009 14010 14011 14012
5320,5320 5321 5322 5323 5324 12823 12824 12825 12826 12827
5321,3 4 5 6 7 13754 13755 13756 13757 13758
5322,2609 2610 2611 2612 2613 14197 14198 14199 14200 14201
5323,2609 2610 2611 2612 2613 14591 14592 14593 14594 14595
5324,5993 5994 5995 5996 5997 14331 14332 14333 14334 14335
5325,3766 3767 3768 3769 3770 5037 5038 5039 5040 5041
5326,51 52 53 54 55 11564 11565 11566 11567 11568
5327,11785 11786 11787 11788 11789 11791 11792 11793 11794 11795
5328,6124 6125 6126 6127 6128 12824 12825 12826 12827 12828
5329,5610 5611 5612 5613 5614 11872 11873 11874 11875 11876
5330,2609 2610 2611 2612 2613 14181 14182 14183 14184 14185
5331,8106 8107 8108 8109 8110 13990 13991 13992 13993 13994
5332,2815 2816 2817 2818 2819 14812 14813 14814 14815 14816
5333,980 981 982 983 984 6381 6382 6383 6384 6385
5334,5203 5204 5205 5206 5207 14814 14815 14816 14817 14818
5335,443 444 445 446 447 14819 14820 14821 14822 14823
5336,7226 7227 7228 7229 7230 14541 14542 14543 14544 14545
5337,1930 1931 1932 1933 1934 14820 14821 14822 14823 14824
5338,10402 10403 10404 10405 10406 14318 14319 14320 14321 14322
5339,6098 6099 6100 6101 6102 11863 11864 11865 11866 11867
5340,543 544 545 546 547 8941 8942 8943 8944 8945
5341,471 472 473 474 475 14254 14255 14256 14257 14258
5342,14302 14303 14304 14305 14306 14308 14309 14310 14311 14312
5343,1292 1293 1294 1295 1296 6211 6212 6213 6214 6215
5344,7940 7941 7942 7943 7944 14710 14711 14712 14713 14714
5345,8181 8182 8183 8184 8185 14821 14822 14823 14824 14825
5346,173 174 175 176 177 8523 8524 8525 8526 8527
5347,5672 5673 5674 5675 5676 13799 13800 13801 13802 13803
5348,5396 5397 5398 5399 5400 7156 7157 7158 7159 7160
5349,84 85 86 87 88 12718 12719 12720 12721 12722
5350,471 472 473 474 475 14148 14149 14150 14151 14152
5351,1369 1370 1371 1372 1373 9583 9584 9585 9586 9587
5352,11400 11401 11402 11403 11404 14201 14202 14203 14204 14205
5353,1600 1601 1602 1603 1604 14823 14824 14825 14826 14827
5354,378 379 380 381 382 13767 13768 13769 13770 13771
5355,6394 6395 6396 6397 6398 14162 14163 14164 14165 14166
5356,9677 9678 9679 9680 9681 12567 12568 12569 12570 12571
5357,1553 1554 1555 1556 1557 13617 13618 13619 13620 13621
5358,8868 8869 8870 8871 8872 14828 14829 14830 14831 14832
5359,2724 2725 2726 2727 2728 11730 11731 11732 11733 11734
5360,687 688 689 690 691 14146 14147 14148 14149 14150
5361,5684 5685 5686 5687 5688 13278 13279 13280 13281 13282
5362,1312 1313 1314 1315 1316 6363 6364 6365 6366 6367
5363,6222 6223 6224 6225 6226 11978 11979 11980 11981 11982
5364,5219 5220 5221 5222 5223 12967 12968 12969 12970 12971
5365,5752 5753 5754 5755 5756 12604 12605 12606 12607 12608
5366,2991 2992 2993 2994 2995 12210 12211 12212 12213 12214
5367,3660 3661 3662 3663 3664 11219 11220 11221 11222 11223
5368,562 563 564 565 566 13548 13549 13550 13551 13552
5369,721 722 723 724 725 13805 13806 13807 13808 13809
5370,6584 6585 6586 6587 6588 14675 14676 14677 14678 14679
5371,3265 3266 3267 3268 3269 3273 3274 3275 3276 3277
5372,11301 11302 11303 11304 11305 13560 13561 13562 13563 13564
5373,10887 10888 10889 10890 10891 12695 12696 12697 12698 12699
5374,14808 14809 14810 14811 14812 14815 14816 14817 14818 14819
5375,446 447 448 449 450 14435 14436 14437 14438 14439
5376,4589 4590 4591 4592 4593 13817 13818 13819 13820 13821
5377,3859 3860 3861 3862 3863 14830 14831 14832 14833 14834
5378,803 804 805 806 807 14831 14832 14833 14834 14835
5379,3315 3316 3317 3318 3319 14833 14834 14835 14836 14837
5380,1262 1263 1264 1265 1266 14395 14396 14397 14398 14399
5381,4856 4857 4858 4859 4860 14225 14226 14227 14228 14229
5382,10006 10007 10008 10009 10010 14835 14836 14837 14838 14839
5383,53 54 55 56 57 59 60 61 62 63
5384,721 722 723 724 725 8563 8564 8565 8566 8567
5385,606 607 608 609 610 612 613 614 615 616
5386,726 727 728 729 730 14523 14524 14525 14526 14527
5387,4412 4413 4414 4415 4416 11761 11762 11763 11764 11765
5388,169 170 171 172 173 10649 10650 10651 10652 10653
5389,3950 3951 3952 3953 3954 11311 11312 11313 11314 11315
5390,1554 1555 1556 1557 1558 14837 14838 14839 14840 14841
5391,3452 3453 3454 3455 3456 14839 14840 14841 14842 14843
5392,694 695 696 697 698 13938 13939 13940 13941 13942
5393,12515 12516 12517 12518 12519 14172 14173 14174 14175 14176
5394,648 649 650 651 652 14842 14843 14844 14845 14846
5395,4121 4122 4123 4124 4125 14543 14544 14545 14546 14547
5396,11758 11759 11760 11761 11762 13548 13549 13550 13551 13552
5397,101 102 103 104 105 14844 14845 14846 14847 14848
5398,931 932 933 934 935 14845 14846 14847 14848 14849
5399,4511 4512 4513 4514 4515 10524 10525 10526 10527 10528
5400,675 676 677 678 679 13698 13699 13700 13701 13702
5401,6100 6101 6102 6103 6104 11366 11367 11368 11369 11370
5402,5382 5383 5384 5385 5386 13511 13512 13513 13514 13515
5403,2999 3000 3001 3002 3003 14847 14848 14849 14850 14851
5404,1518 1519 1520 1521 1522 14848 14849 14850 14851 14852
5405,181 182 183 184 185 13042 13043 13044 13045 13046
5406,1349 1350 1351 1352 1353 12735 12736 12737 12738 12739
5407,126 127 128 129 130 3956 3957 3958 3959 3960
5408,193 194 195 196 197 12448 12449 12450 12451 12452
5409,11400 11401 11402 11403 11404 14849 14850 14851 14852 14853
5410,766 767 768 769 770 14850 14851 14852 14853 14854
5411,9505 9506 9507 9508 9509 14852 14853 14854 14855 14856
5412,1466 1467 1468 1469 1470 14739 14740 14741 14742 14743
5413,306 307 308 309 310 14854 14855 14856 14857 14858
5414,6265 6266 6267 6268 6269 14855 14856 14857 14858 14859
5415,8994 8995 8996 8997 8998 14071 14072 14073 14074 14075
5416,1290 1291 1292 1293 1294 5837 5838 5839 5840 5841
5417,33 34 35 36 37 14857 14858 14859 14860 14861
5418,2468 2469 2470 2471 2472 9993 9994 9995 9996 9997
5419,1217 1218 1219 1220 1221 12929 12930 12931 12932 12933
5420,1774 1775 1776 1777 1778 9193 9194 9195 9196 9197
5421,34 35 36 37 38 14858 14859 14860 14861 14862
5422,37 38 39 40 41 14735 14736 14737 14738 14739
5423,1237 1238 1239 1240 1241 11169 11170 11171 11172 11173
5424,5684 5685 5686 5687 5688 11800 11801 11802 11803 11804
5425,3882 3883 3884 3885 3886 13888 13889 13890 13891 13892
5426,7871 7872 7873 7874 7875 14862 14863 14864 14865 14866
5427,5364 5365 5366 5367 5368 14466 14467 14468 14469 14470
5428,7204 7205 7206 7207 7208 14865 14866 14867 14868 14869
5429,2676 2677 2678 2679 2680 13738 13739 13740 13741 13742
5430,3015 3016 3017 3018 3019 8428 8429 8430 8431 8432
5431,88 89 90 91 92 14871 14872 14873 14874 14875
5432,4375 4376 4377 4378 4379 14873 14874 14875 14876 14877
5433,1327 1328 1329 1330 1331 6307 6308 6309 6310 6311
5434,1073 1074 1075 1076 1077 14874 14875 14876 14877 14878
5435,7159 7160 7161 7162 7163 10169 10170 10171 10172 10173
5436,47 48 49 50 51 14876 14877 14878 14879 14880
5437,5754 5755 5756 5757 5758 14734 14735 14736 14737 14738
5438,2076 2077 2078 2079 2080 9430 9431 9432 9433 9434
5439,157 158 159 160 161 11844 11845 11846 11847 11848
5440,4703 4704 4705 4706 4707 14193 14194 14195 14196 14197
5441,616 617 618 619 620 14438 14439 14440 14441 14442
5442,5432 5433 5434 5435 5436 7306 7307 7308 7309 7310
5443,403 404 405 406 407 14878 14879 14880 14881 14882
5444,1904 1905 1906 1907 1908 13909 13910 13911 13912 13913
5445,2220 2221 2222 2223 2224 14879 14880 14881 14882 14883
5446,917 918 919 920 921 11686 11687 11688 11689 11690
5447,1470 1471 1472 1473 1474 14845 14846 14847 14848 14849
5448,9192 9193 9194 9195 9196 11735 11736 11737 11738 11739
5449,2117 2118 2119 2120 2121 14735 14736 14737 14738 14739
5450,11451 11452 11453 11454 11455 14259 14260 14261 14262 14263
5451,51 52 53 54 55 11952 11953 11954 11955 11956
5452,1529 1530 1531 1532 1533 14880 14881 14882 14883 14884
5453,1031 1032 1033 1034 1035 8241 8242 8243 8244 8245
5454,5194 5195 5196 5197 5198 13943 13944 13945 13946 13947
5455,6332 6333 6334 6335 6336 14881 14882 14883 14884 14885
5456,106 107 108 109 110 8803 8804 8805 8806 8807
5457,2806 2807 2808 2809 2810 12749 12750 12751 12752 12753
5458,1306 1307 1308 1309 1310 14846 14847 14848 14849 14850
5459,501 502 503 504 505 9592 9593 9594 9595 9596
5460,7259 7260 7261 7262 7263 13880 13881 13882 13883 13884
5461,687 688 689 690 691 14137 14138 14139 14140 14141
5462,1006 1007 1008 1009 1010 10193 10194 10195 10196 10197
5463,602 603 604 605 606 13844 13845 13846 13847 13848
5464,279 280 281 282 283 13405 13406 13407 13408 13409
5465,7119 7120 7121 7122 7123 7125 7126 7127 7128 7129
5466,1666 1667 1668 1669 1670 14885 14886 14887 14888 14889
5467,6617 6618 6619 6620 6621 14886 14887 14888 14889 14890
5468,1306 1307 1308 1309 1310 14887 14888 14889 14890 14891
5469,252 253 254 255 256 14888 14889 14890 14891 14892
5470,8583 8584 8585 8586 8587 14081 14082 14083 14084 14085
5471,4224 4225 4226 4227 4228 13213 13214 13215 13216 13217
5472,229 230 231 232 233 14262 14263 14264 14265 14266
5473,1847 1848 1849 1850 1851 10680 10681 10682 10683 10684
5474,11400 11401 11402 11403 11404 14890 14891 14892 14893 14894
5475,458 459 460 461 462 14064 14065 14066 14067 14068
5476,226 227 228 229 230 13951 13952 13953 13954 13955
5477,225 226 227 228 229 14891 14892 14893 14894 14895
5478,8576 8577 8578 8579 8580 14892 14893 14894 14895 14896
5479,3041 3042 3043 3044 3045 14893 14894 14895 14896 14897
5480,7935 7936 7937 7938 7939 11228 11229 11230 11231 11232
5481,177 178 179 180 181 7916 7917 7918 7919 7920
5482,13383 13384 13385 13386 13387 13389 13390 13391 13392 13393
5483,545 546 547 548 549 6056 6057 6058 6059 6060
5484,2272 2273 2274 2275 2276 14557 14558 14559 14560 14561
5485,621 622 623 624 625 9366 9367 9368 9369 9370
5486,4856 4857 4858 4859 4860 14894 14895 14896 14897 14898
5487,1729 1730 1731 1732 1733 8029 8030 8031 8032 8033
5488,14684 14685 14686 14687 14688 14690 14691 14692 14693 14694
5489,1539 1540 1541 1542 1543 14772 14773 14774 14775 14776
5490,5256 5257 5258 5259 5260 14895 14896 14897 14898 14899
5491,1842 1843 1844 1845 1846 8082 8083 8084 8085 8086
5492,9318 9319 9320 9321 9322 12861 12862 12863 12864 12865
5493,4133 4134 4135 4136 4137 12657 12658 12659 12660 12661
5494,709 710 711 712 713 14863 14864 14865 14866 14867
5495,1807 1808 1809 1810 1811 13402 13403 13404 13405 13406
5496,415 416 417 418 419 14114 14115 14116 14117 14118
5497,4421 4422 4423 4424 4425 6786 6787 6788 6789 6790
5498,14493 14494 14495 14496 14497 14898 14899 14900 14901 14902
5499,47 48 49 50 51 14101 14102 14103 14104 14105
5500,1440 1441 1442 1443 1444 12492 12493 12494 12495 12496
5501,3717 3718 3719 3720 3721 14901 14902 14903 14904 14905
5502,378 379 380 381 382 10374 10375 10376 10377 10378
5503,621 622 623 624 625 14700 14701 14702 14703 14704
5504,13045 13046 13047 13048 13049 14902 14903 14904 14905 14906
5505,9006 9007 9008 9009 9010 14464 14465 14466 14467 14468
5506,675 676 677 678 679 10866 10867 10868 10869 10870
5507,11305 11306 11307 11308 11309 14905 14906 14907 14908 14909
5508,2430 2431 2432 2433 2434 13429 13430 13431 13432 13433
5509,22 23 24 25 26 14262 14263 14264 14265 14266
5510,8576 8577 8578 8579 8580 14431 14432 14433 14434 14435
5511,3880 3881 3882 3883 3884 11125 11126 11127 11128 11129
5512,5603 5604 5605 5606 5607 14906 14907 14908 14909 14910
5513,14901 14902 14903 14904 14905 14908 14909 14910 14911 14912
5514,13516 13517 13518 13519 13520 14910 14911 14912 14913 14914
5515,6211 6212 6213 6214 6215 13937 13938 13939 13940 13941
5516,10710 10711 10712 10713 10714 10716 10717 10718 10719 10720
5517,606 607 608 609 610 14262 14263 14264 14265 14266
5518,1178 1179 1180 1181 1182 12547 12548 12549 12550 12551
5519,777 778 779 780 781 14912 14913 14914 14915 14916
5520,580 581 582 583 584 14866 14867 14868 14869 14870
5521,7658 7659 7660 7661 7662 13208 13209 13210 13211 13212
5522,3050 3051 3052 3053 3054 3056 3057 3058 3059 3060
5523,6191 6192 6193 6194 6195 14497 14498 14499 14500 14501
5524,5261 5262 5263 5264 5265 14480 14481 14482 14483 14484
5525,5261 5262 5263 5264 5265 14575 14576 14577 14578 14579
5526,721 722 723 724 725 13957 13958 13959 13960 13961
5527,11361 11362 11363 11364 11365 11367 11368 11369 11370 11371
5528,14796 14797 14798 14799 14800 14913 14914 14915 14916 14917
5529,5261 5262 5263 5264 5265 14499 14500 14501 14502 14503
5530,5261 5262 5263 5264 5265 13886 13887 13888 13889 13890
5531,6759 6760 6761 6762 6763 14462 14463 14464 14465 14466
5532,11361 11362 11363 11364 11365 14498 14499 14500 14501 14502
5533,11361 11362 11363 11364 11365 14489 14490 14491 14492 14493
5534,8604 8605 8606 8607 8608 11367 11368 11369 11370 11371
5535,11361 11362 11363 11364 11365 11367 11368 11369 11370 11371
5536,687 688 689 690 691 12298 12299 12300 12301 12302
5537,11361 11362 11363 11364 11365 11367 11368 11369 11370 11371
5538,4957 4958 4959 4960 4961 13929 13930 13931 13932 13933
5539,11361 11362 11363 11364 11365 11367 11368 11369 11370 11371
5540,1381 1382 1383 1384 1385 11367 11368 11369 11370 11371
5541,10436 10437 10438 10439 10440 14646 14647 14648 14649 14650
5542,13880 13881 13882 13883 13884 14492 14493 14494 14495 14496
5543,11361 11362 11363 11364 11365 11367 11368 11369 11370 11371
5544,4202 4203 4204 4205 4206 14914 14915 14916 14917 14918
5545,3823 3824 3825 3826 3827 11367 11368 11369 11370 11371
5546,687 688 689 690 691 14480 14481 14482 14483 14484
5547,11361 11362 11363 11364 11365 11367 11368 11369 11370 11371
5548,8026 8027 8028 8029 8030 14481 14482 14483 14484 14485
5549,9419 9420 9421 9422 9423 14223 14224 14225 14226 14227
5550,11361 11362 11363 11364 11365 13886 13887 13888 13889 13890
5551,687 688 689 690 691 11887 11888 11889 11890 11891
5552,687 688 689 690 691 11367 11368 11369 11370 11371
5553,11361 11362 11363 11364 11365 12851 12852 12853 12854 12855
5554,687 688 689 690 691 14487 14488 14489 14490 14491
5555,11361 11362 11363 11364 11365 14914 14915 14916 14917 14918
5556,11361 11362 11363 11364 11365 14223 14224 14225 14226 14227
5557,7871 7872 7873 7874 7875 14223 14224 14225 14226 14227
5558,11361 11362 11363 11364 11365 14223 14224 14225 14226 14227
5559,13880 13881 13882 13883 13884 14501 14502 14503 14504 14505
5560,5261 5262 5263 5264 5265 11367 11368 11369 11370 11371
5561,2434 2435 2436 2437 2438 13393 13394 13395 13396 13397
5562,11361 11362 11363 11364 11365 11367 11368 11369 11370 11371
5563,5262 5263 5264 5265 5266 14480 14481 14482 14483 14484
5564,9468 9469 9470 9471 9472 11367 11368 11369 11370 11371
5565,11361 11362 11363 11364 11365 14487 14488 14489 14490 14491
5566,6756 6757 6758 6759 6760 12163 12164 12165 12166 12167
5567,5261 5262 5263 5264 5265 14482 14483 14484 14485 14486
5568,11361 11362 11363 11364 11365 11367 11368 11369 11370 11371
5569,5261 5262 5263 5264 5265 5268 5269 5270 5271 5272
5570,11255 11256 11257 11258 11259 11367 11368 11369 11370 11371
5571,6293 6294 6295 6296 6297 14182 14183 14184 14185 14186
5572,11361 11362 11363 11364 11365 11367 11368 11369 11370 11371
5573,6653 6654 6655 6656 6657 14916 14917 14918 14919 14920
5574,4345 4346 4347 4348 4349 11367 11368 11369 11370 11371
5575,8400 8401 8402 8403 8404 11894 11895 11896 11897 11898
5576,5262 5263 5264 5265 5266 11367 11368 11369 11370 11371
5577,687 688 689 690 691 11367 11368 11369 11370 11371
5578,5262 5263 5264 5265 5266 11367 11368 11369 11370 11371
5579,11361 11362 11363 11364 11365 11367 11368 11369 11370 11371
5580,11361 11362 11363 11364 11365 11367 11368 11369 11370 11371
5581,11361 11362 11363 11364 11365 14478 14479 14480 14481 14482
5582,12316 12317 12318 12319 12320 14491 14492 14493 14494 14495
5583,2599 2600 2601 2602 2603 12486 12487 12488 12489 12490
5584,14132 14133 14134 14135 14136 14498 14499 14500 14501 14502
5585,3881 3882 3883 3884 3885 14791 14792 14793 14794 14795
5586,8029 8030 8031 8032 8033 11008 11009 11010 11011 11012
5587,688 689 690 691 692 11406 11407 11408 11409 11410
5588,620 621 622 623 624 14847 14848 14849 14850 14851
5589,3481 3482 3483 3484 3485 11712 11713 11714 11715 11716
5590,14027 14028 14029 14030 14031 14918 14919 14920 14921 14922
5591,13383 13384 13385 13386 13387 13389 13390 13391 13392 13393
5592,164 165 166 167 168 9704 9705 9706 9707 9708
5593,1554 1555 1556 1557 1558 14168 14169 14170 14171 14172
5594,5914 5915 5916 5917 5918 14921 14922 14923 14924 14925
5595,6844 6845 6846 6847 6848 11261 11262 11263 11264 11265
5596,507 508 509 510 511 8408 8409 8410 8411 8412
5597,9139 9140 9141 9142 9143 14922 14923 14924 14925 14926
5598,3660 3661 3662 3663 3664 6538 6539 6540 6541 6542
5599,3766 3767 3768 3769 3770 14487 14488 14489 14490 14491
5600,734 735 736 737 738 740 741 742 743 744
5601,14302 14303 14304 14305 14306 14308 14309 14310 14311 14312
5602,361 362 363 364 365 6786 6787 6788 6789 6790
5603,8267 8268 8269 8270 8271 14924 14925 14926 14927 14928
5604,7119 7120 7121 7122 7123 9055 9056 9057 9058 9059
5605,1296 1297 1298 1299 1300 14927 14928 14929 14930 14931
5606,2829 2830 2831 2832 2833 11085 11086 11087 11088 11089
5607,5158 5159 5160 5161 5162 12555 12556 12557 12558 12559
5608,2195 2196 2197 2198 2199 10184 10185 10186 10187 10188
5609,871 872 873 874 875 12671 12672 12673 12674 12675
5610,14444 14445 14446 14447 14448 14928 14929 14930 14931 14932
5611,2682 2683 2684 2685 2686 13169 13170 13171 13172 13173
5612,14158 14159 14160 14161 14162 14164 14165 14166 14167 14168
5613,4421 4422 4423 4424 4425 9056 9057 9058 9059 9060
5614,903 904 905 906 907 12265 12266 12267 12268 12269
5615,8576 8577 8578 8579 8580 14929 14930 14931 14932 14933
5616,3016 3017 3018 3019 3020 14931 14932 14933 14934 14935
5617,14399 14400 14401 14402 14403 14844 14845 14846 14847 14848
5618,742 743 744 745 746 14934 14935 14936 14937 14938
5619,13450 13451 13452 13453 13454 14937 14938 14939 14940 14941
5620,9049 9050 9051 9052 9053 14825 14826 14827 14828 14829
5621,4421 4422 4423 4424 4425 9000 9001 9002 9003 9004
5622,680 681 682 683 684 14938 14939 14940 14941 14942
5623,2927 2928 2929 2930 2931 13209 13210 13211 13212 13213
5624,4753 4754 4755 4756 4757 14940 14941 14942 14943 14944
5625,2590 2591 2592 2593 2594 14911 14912 14913 14914 14915
5626,1840 1841 1842 1843 1844 8283 8284 8285 8286 8287
5627,3466 3467 3468 3469 3470 14553 14554 14555 14556 14557
5628,7843 7844 7845 7846 7847 14941 14942 14943 14944 14945
5629,53 54 55 56 57 14164 14165 14166 14167 14168
5630,5576 5577 5578 5579 5580 14942 14943 14944 14945 14946
5631,8423 8424 8425 8426 8427 14943 14944 14945 14946 14947
5632,14062 14063 14064 14065 14066 14944 14945 14946 14947 14948
5633,355 356 357 358 359 11028 11029 11030 11031 11032
5634,12779 12780 12781 12782 12783 14743 14744 14745 14746 14747
5635,640 641 642 643 644 14854 14855 14856 14857 14858
5636,1518 1519 1520 1521 1522 12641 12642 12643 12644 12645
5637,704 705 706 707 708 14947 14948 14949 14950 14951
5638,9368 9369 9370 9371 9372 14948 14949 14950 14951 14952
5639,13930 13931 13932 13933 13934 14673 14674 14675 14676 14677
5640,5721 5722 5723 5724 5725 13034 13035 13036 13037 13038
5641,4023 4024 4025 4026 4027 14485 14486 14487 14488 14489
5642,8828 8829 8830 8831 8832 14674 14675 14676 14677 14678
5643,709 710 711 712 713 10821 10822 10823 10824 10825
5644,14430 14431 14432 14433 14434 14949 14950 14951 14952 14953
5645,6484 6485 6486 6487 6488 14453 14454 14455 14456 14457
5646,1374 1375 1376 1377 1378 11360 11361 11362 11363 11364
5647,645 646 647 648 649 11813 11814 11815 11816 11817
5648,687 688 689 690 691 14492 14493 14494 14495 14496
5649,12823 12824 12825 12826 12827 14950 14951 14952 14953 14954
5650,14383 14384 14385 14386 14387 14952 14953 14954 14955 14956
5651,4421 4422 4423 4424 4425 4427 4428 4429 4430 4431
5652,2314 2315 2316 2317 2318 14953 14954 14955 14956 14957
5653,764 765 766 767 768 8936 8937 8938 8939 8940
5654,3050 3051 3052 3053 3054 14715 14716 14717 14718 14719
5655,9578 9579 9580 9581 9582 14225 14226 14227 14228 14229
5656,5102 5103 5104 5105 5106 14953 14954 14955 14956 14957
5657,155 156 157 158 159 9431 9432 9433 9434 9435
5658,4421 4422 4423 4424 4425 4427 4428 4429 4430 4431
5659,4706 4707 4708 4709 4710 14130 14131 14132 14133 14134
5660,332 333 334 335 336 4537 4538 4539 4540 4541
5661,18 19 20 21 22 14954 14955 14956 14957 14958
5662,5102 5103 5104 5105 5106 5108 5109 5110 5111 5112
5663,7104 7105 7106 7107 7108 14922 14923 14924 14925 14926
5664,11208 11209 11210 11211 11212 14696 14697 14698 14699 14700
5665,10233 10234 10235 10236 10237 14706 14707 14708 14709 14710
5666,10561 10562 10563 10564 10565 14956 14957 14958 14959 14960
5667,572 573 574 575 576 13287 13288 13289 13290 13291
5668,2123 2124 2125 2126 2127 14506 14507 14508 14509 14510
5669,5021 5022 5023 5024 5025 10744 10745 10746 10747 10748
5670,9610 9611 9612 9613 9614 14865 14866 14867 14868 14869
5671,8729 8730 8731 8732 8733 14305 14306 14307 14308 14309
5672,914 915 916 917 918 14305 14306 14307 14308 14309
5673,1880 1881 1882 1883 1884 8324 8325 8326 8327 8328
5674,3256 3257 3258 3259 3260 14933 14934 14935 14936 14937
5675,429 430 431 432 433 14959 14960 14961 14962 14963
5676,12276 12277 12278 12279 12280 14391 14392 14393 14394 14395
5677,1741 1742 1743 1744 1745 1747 1748 1749 1750 1751
5678,11216 11217 11218 11219 11220 13433 13434 13435 13436 13437
5679,6605 6606 6607 6608 6609 14133 14134 14135 14136 14137
5680,8232 8233 8234 8235 8236 14791 14792 14793 14794 14795
5681,11361 11362 11363 11364 11365 11367 11368 11369 11370 11371
5682,7121 7122 7123 7124 7125 14461 14462 14463 14464 14465
5683,3059 3060 3061 3062 3063 11402 11403 11404 11405 11406
5684,11400 11401 11402 11403 11404 14705 14706 14707 14708 14709
5685,9677 9678 9679 9680 9681 14010 14011 14012 14013 14014
5686,306 307 308 309 310 14206 14207 14208 14209 14210
5687,687 688 689 690 691 13938 13939 13940 13941 13942
5688,11696 11697 11698 11699 11700 11703 11704 11705 11706 11707
5689,2981 2982 2983 2984 2985 14228 14229 14230 14231 14232
5690,14632 14633 14634 14635 14636 14824 14825 14826 14827 14828
5691,12774 12775 12776 12777 12778 14947 14948 14949 14950 14951
5692,14299 14300 14301 14302 14303 14962 14963 14964 14965 14966
5693,12945 12946 12947 12948 12949 14950 14951 14952 14953 14954
5694,5918 5919 5920 5921 5922 6485 6486 6487 6488 6489
5695,4953 4954 4955 4956 4957 14964 14965 14966 14967 14968
5696,6617 6618 6619 6620 6621 13893 13894 13895 13896 13897
5697,12773 12774 12775 12776 12777 13839 13840 13841 13842 13843
5698,5509 5510 5511 5512 5513 12060 12061 12062 12063 12064
5699,8418 8419 8420 8421 8422 14203 14204 14205 14206 14207
5700,5509 5510 5511 5512 5513 12841 12842 12843 12844 12845
5701,2830 2831 2832 2833 2834 14473 14474 14475 14476 14477
5702,687 688 689 690 691 11367 11368 11369 11370 11371
5703,687 688 689 690 691 14965 14966 14967 14968 14969
5704,687 688 689 690 691 14137 14138 14139 14140 14141
5705,687 688 689 690 691 14137 14138 14139 14140 14141
5706,11212 11213 11214 11215 11216 14427 14428 14429 14430 14431
5707,903 904 905 906 907 13893 13894 13895 13896 13897
5708,8321 8322 8323 8324 8325 14730 14731 14732 14733 14734
5709,687 688 689 690 691 13184 13185 13186 13187 13188
5710,4963 4964 4965 4966 4967 14203 14204 14205 14206 14207
5711,687 688 689 690 691 14839 14840 14841 14842 14843
5712,182 183 184 185 186 14859 14860 14861 14862 14863
5713,687 688 689 690 691 14473 14474 14475 14476 14477
5714,9956 9957 9958 9959 9960 13674 13675 13676 13677 13678
5715,1696 1697 1698 1699 1700 14209 14210 14211 14212 14213
5716,687 688 689 690 691 14209 14210 14211 14212 14213
5717,709 710 711 712 713 14103 14104 14105 14106 14107
5718,1675 1676 1677 1678 1679 12162 12163 12164 12165 12166
5719,2332 2333 2334 2335 2336 9615 9616 9617 9618 9619
5720,12387 12388 12389 12390 12391 14969 14970 14971 14972 14973
5721,6178 6179 6180 6181 6182 8115 8116 8117 8118 8119
5722,6489 6490 6491 6492 6493 13192 13193 13194 13195 13196
5723,7777 7778 7779 7780 7781 11173 11174 11175 11176 11177
5724,7658 7659 7660 7661 7662 14529 14530 14531 14532 14533
5725,4695 4696 4697 4698 4699 13379 13380 13381 13382 13383
5726,8109 8110 8111 8112 8113 14886 14887 14888 14889 14890
5727,6178 6179 6180 6181 6182 14961 14962 14963 14964 14965
5728,4041 4042 4043 4044 4045 14206 14207 14208 14209 14210
5729,5609 5610 5611 5612 5613 14532 14533 14534 14535 14536
5730,186 187 188 189 190 14664 14665 14666 14667 14668
5731,5378 5379 5380 5381 5382 9595 9596 9597 9598 9599
5732,606 607 608 609 610 12873 12874 12875 12876 12877
5733,3050 3051 3052 3053 3054 11425 11426 11427 11428 11429
5734,8185 8186 8187 8188 8189 14580 14581 14582 14583 14584
5735,7315 7316 7317 7318 7319 14734 14735 14736 14737 14738
5736,112 113 114 115 116 4727 4728 4729 4730 4731
5737,4959 4960 4961 4962 4963 11655 11656 11657 11658 11659
5738,2952 2953 2954 2955 2956 7845 7846 7847 7848 7849
5739,5671 5672 5673 5674 5675 14972 14973 14974 14975 14976
5740,4274 4275 4276 4277 4278 14970 14971 14972 14973 14974
5741,1983 1984 1985 1986 1987 12484 12485 12486 12487 12488
5742,5967 5968 5969 5970 5971 12634 12635 12636 12637 12638
5743,14533 14534 14535 14536 14537 14539 14540 14541 14542 14543
5744,14533 14534 14535 14536 14537 14539 14540 14541 14542 14543
5745,8423 8424 8425 8426 8427 14973 14974 14975 14976 14977
5746,721 722 723 724 725 727 728 729 730 731
5747,14533 14534 14535 14536 14537 14974 14975 14976 14977 14978
5748,7224 7225 7226 7227 7228 14539 14540 14541 14542 14543
5749,8572 8573 8574 8575 8576 14143 14144 14145 14146 14147
5750,6066 6067 6068 6069 6070 14539 14540 14541 14542 14543
5751,14217 14218 14219 14220 14221 14539 14540 14541 14542 14543
5752,1611 1612 1613 1614 1615 8426 8427 8428 8429 8430
5753,14537 14538 14539 14540 14541 14543 14544 14545 14546 14547
5754,8542 8543 8544 8545 8546 14611 14612 14613 14614 14615
5755,1692 1693 1694 1695 1696 14524 14525 14526 14527 14528
5756,1650 1651 1652 1653 1654 13585 13586 13587 13588 13589
5757,606 607 608 609 610 14539 14540 14541 14542 14543
5758,1692 1693 1694 1695 1696 14975 14976 14977 14978 14979
5759,8423 8424 8425 8426 8427 14976 14977 14978 14979 14980
5760,1749 1750 1751 1752 1753 14977 14978 14979 14980 14981
5761,8983 8984 8985 8986 8987 8989 8990 8991 8992 8993
5762,14969 14970 14971 14972 14973 14975 14976 14977 14978 14979
5763,14969 14970 14971 14972 14973 14975 14976 14977 14978 14979
5764,13021 13022 13023 13024 13025 14979 14980 14981 14982 14983
5765,11954 11955 11956 11957 11958 13057 13058 13059 13060 13061
5766,31 32 33 34 35 11405 11406 11407 11408 11409
5767,9295 9296 9297 9298 9299 12552 12553 12554 12555 12556
5768,9601 9602 9603 9604 9605 12789 12790 12791 12792 12793
5769,721 722 723 724 725 11406 11407 11408 11409 11410
5770,4740 4741 4742 4743 4744 11367 11368 11369 11370 11371
5771,721 722 723 724 725 12651 12652 12653 12654 12655
5772,53 54 55 56 57 14981 14982 14983 14984 14985
5773,358 359 360 361 362 14982 14983 14984 14985 14986
5774,8076 8077 8078 8079 8080 14617 14618 14619 14620 14621
5775,13345 13346 13347 13348 13349 14757 14758 14759 14760 14761
5776,14574 14575 14576 14577 14578 14616 14617 14618 14619 14620
5777,9295 9296 9297 9298 9299 14805 14806 14807 14808 14809
5778,2205 2206 2207 2208 2209 14956 14957 14958 14959 14960
5779,8276 8277 8278 8279 8280 14581 14582 14583 14584 14585
5780,2444 2445 2446 2447 2448 6944 6945 6946 6947 6948
5781,3111 3112 3113 3114 3115 14269 14270 14271 14272 14273
5782,12246 12247 12248 12249 12250 14210 14211 14212 14213 14214
5783,13891 13892 13893 13894 13895 14286 14287 14288 14289 14290
5784,1282 1283 1284 1285 1286 14211 14212 14213 14214 14215
5785,10409 10410 10411 10412 10413 14715 14716 14717 14718 14719
5786,1650 1651 1652 1653 1654 11566 11567 11568 11569 11570
5787,8584 8585 8586 8587 8588 14512 14513 14514 14515 14516
5788,2829 2830 2831 2832 2833 14984 14985 14986 14987 14988
5789,5368 5369 5370 5371 5372 14204 14205 14206 14207 14208
5790,5940 5941 5942 5943 5944 14863 14864 14865 14866 14867
5791,621 622 623 624 625 8398 8399 8400 8401 8402
5792,687 688 689 690 691 693 694 695 696 697
5793,709 710 711 712 713 14985 14986 14987 14988 14989
5794,3147 3148 3149 3150 3151 14986 14987 14988 14989 14990
5795,687 688 689 690 691 12749 12750 12751 12752 12753
5796,687 688 689 690 691 14581 14582 14583 14584 14585
5797,687 688 689 690 691 13059 13060 13061 13062 13063
5798,687 688 689 690 691 8023 8024 8025 8026 8027
5799,8245 8246 8247 8248 8249 14570 14571 14572 14573 14574
5800,687 688 689 690 691 12253 12254 12255 12256 12257
5801,2694 2695 2696 2697 2698 7528 7529 7530 7531 7532
5802,4824 4825 4826 4827 4828 14862 14863 14864 14865 14866
5803,6576 6577 6578 6579 6580 14965 14966 14967 14968 14969
5804,7691 7692 7693 7694 7695 14693 14694 14695 14696 14697
5805,4949 4950 4951 4952 4953 14889 14890 14891 14892 14893
5806,160 161 162 163 164 13488 13489 13490 13491 13492
5807,254 255 256 257 258 14862 14863 14864 14865 14866
5808,4080 4081 4082 4083 4084 14862 14863 14864 14865 14866
5809,11625 11626 11627 11628 11629 14820 14821 14822 14823 14824
5810,14204 14205 14206 14207 14208 14459 14460 14461 14462 14463
5811,5402 5403 5404 5405 5406 8375 8376 8377 8378 8379
5812,11115 11116 11117 11118 11119 14862 14863 14864 14865 14866
5813,3835 3836 3837 3838 3839 14934 14935 14936 14937 14938
5814,3660 3661 3662 3663 3664 12157 12158 12159 12160 12161
5815,3742 3743 3744 3745 3746 12084 12085 12086 12087 12088
5816,48 49 50 51 52 14994 14995 14996 14997 14998
5817,11214 11215 11216 11217 11218 12749 12750 12751 12752 12753
5818,9342 9343 9344 9345 9346 10898 10899 10900 10901 10902
5819,8403 8404 8405 8406 8407 14855 14856 14857 14858 14859
5820,6108 6109 6110 6111 6112 11406 11407 11408 11409 11410
5821,5513 5514 5515 5516 5517 14582 14583 14584 14585 14586
5822,1622 1623 1624 1625 1626 8412 8413 8414 8415 8416
5823,12836 12837 12838 12839 12840 13998 13999 14000 14001 14002
5824,9831 9832 9833 9834 9835 11385 11386 11387 11388 11389
5825,2676 2677 2678 2679 2680 13277 13278 13279 13280 13281
5826,1570 1571 1572 1573 1574 7184 7185 7186 7187 7188
5827,881 882 883 884 885 14962 14963 14964 14965 14966
5828,14752 14753 14754 14755 14756 14758 14759 14760 14761 14762
5829,5665 5666 5667 5668 5669 10215 10216 10217 10218 10219
5830,7119 7120 7121 7122 7123 13588 13589 13590 13591 13592
5831,10916 10917 10918 10919 10920 14996 14997 14998 14999 15000
5832,4751 4752 4753 4754 4755 13512 13513 13514 13515 13516
5833,14684 14685 14686 14687 14688 14690 14691 14692 14693 14694
5834,9240 9241 9242 9243 9244 12806 12807 12808 12809 12810
5835,9933 9934 9935 9936 9937 14722 14723 14724 14725 14726
5836,7694 7695 7696 7697 7698 8422 8423 8424 8425 8426
5837,721 722 723 724 725 14997 14998 14999 15000 15001
5838,7452 7453 7454 7455 7456 12060 12061 12062 12063 12064
5839,4274 4275 4276 4277 4278 12542 12543 12544 12545 12546
5840,7695 7696 7697 7698 7699 14389 14390 14391 14392 14393
5841,11989 11990 11991 11992 11993 14566 14567 14568 14569 14570
5842,640 641 642 643 644 14998 14999 15000 15001 15002
5843,721 722 723 724 725 11406 11407 11408 11409 11410
5844,658 659 660 661 662 14719 14720 14721 14722 14723
5845,2980 2981 2982 2983 2984 14158 14159 14160 14161 14162
5846,12805 12806 12807 12808 12809 12811 12812 12813 12814 12815
5847,14993 14994 14995 14996 14997 14999 15000 15001 15002 15003
5848,11398 11399 11400 11401 11402 14513 14514 14515 14516 14517
5849,8403 8404 8405 8406 8407 8409 8410 8411 8412 8413
5850,70 71 72 73 74 14200 14201 14202 14203 14204
5851,7224 7225 7226 7227 7228 11406 11407 11408 11409 11410
5852,8887 8888 8889 8890 8891 11656 11657 11658 11659 11660
5853,4547 4548 4549 4550 4551 10898 10899 10900 10901 10902
5854,360 361 362 363 364 12488 12489 12490 12491 12492
5855,304 305 306 307 308 9842 9843 9844 9845 9846
5856,7045 7046 7047 7048 7049 15001 15002 15003 15004 15005
5857,1272 1273 1274 1275 1276 9555 9556 9557 9558 9559
5858,2737 2738 2739 2740 2741 13673 13674 13675 13676 13677
5859,400 401 402 403 404 13652 13653 13654 13655 13656
5860,1254 1255 1256 1257 1258 1262 1263 1264 1265 1266
5861,3046 3047 3048 3049 3050 15003 15004 15005 15006 15007
5862,53 54 55 56 57 59 60 61 62 63
5863,8034 8035 8036 8037 8038 12898 12899 12900 12901 12902
5864,1529 1530 1531 1532 1533 13562 13563 13564 13565 13566
5865,1161 1162 1163 1164 1165 13575 13576 13577 13578 13579
5866,606 607 608 609 610 612 613 614 615 616
5867,2654 2655 2656 2657 2658 14587 14588 14589 14590 14591
5868,29 30 31 32 33 15006 15007 15008 15009 15010
5869,1086 1087 1088 1089 1090 15007 15008 15009 15010 15011
5870,13915 13916 13917 13918 13919 15008 15009 15010 15011 15012
5871,5364 5365 5366 5367 5368 15009 15010 15011 15012 15013
5872,4311 4312 4313 4314 4315 8692 8693 8694 8695 8696
5873,497 498 499 500 501 6822 6823 6824 6825 6826
5874,985 986 987 988 989 14459 14460 14461 14462 14463
5875,8402 8403 8404 8405 8406 15010 15011 15012 15013 15014
5876,400 401 402 403 404 3466 3467 3468 3469 3470
5877,355 356 357 358 359 15011 15012 15013 15014 15015
5878,5483 5484 5485 5486 5487 10305 10306 10307 10308 10309
5879,572 573 574 575 576 3601 3602 3603 3604 3605
5880,15006 15007 15008 15009 15010 15012 15013 15014 15015 15016
5881,2811 2812 2813 2814 2815 12672 12673 12674 12675 12676
5882,3651 3652 3653 3654 3655 13399 13400 13401 13402 13403
5883,35 36 37 38 39 13130 13131 13132 13133 13134
5884,5997 5998 5999 6000 6001 6005 6006 6007 6008 6009
5885,48 49 50 51 52 3056 3057 3058 3059 3060
5886,565 566 567 568 569 10231 10232 10233 10234 10235
5887,41 42 43 44 45 11393 11394 11395 11396 11397
5888,260 261 262 263 264 14838 14839 14840 14841 14842
5889,14851 14852 14853 14854 14855 14857 14858 14859 14860 14861
5890,1226 1227 1228 1229 1230 15015 15016 15017 15018 15019
5891,1944 1945 1946 1947 1948 12344 12345 12346 12347 12348
5892,334 335 336 337 338 7692 7693 7694 7695 7696
5893,14437 14438 14439 14440 14441 15016 15017 15018 15019 15020
5894,996 997 998 999 1000 11800 11801 11802 11803 11804
5895,2869 2870 2871 2872 2873 10989 10990 10991 10992 10993
5896,166 167 168 169 170 13992 13993 13994 13995 13996
5897,12845 12846 12847 12848 12849 13886 13887 13888 13889 13890
5898,7009 7010 7011 7012 7013 12144 12145 12146 12147 12148
5899,11361 11362 11363 11364 11365 13886 13887 13888 13889 13890
5900,344 345 346 347 348 10103 10104 10105 10106 10107
5901,4591 4592 4593 4594 4595 12727 12728 12729 12730 12731
5902,957 958 959 960 961 15017 15018 15019 15020 15021
5903,3 4 5 6 7 14972 14973 14974 14975 14976
5904,14347 14348 14349 14350 14351 14753 14754 14755 14756 14757
5905,6268 6269 6270 6271 6272 14790 14791 14792 14793 14794
5906,1006 1007 1008 1009 1010 15018 15019 15020 15021 15022
5907,74 75 76 77 78 12437 12438 12439 12440 12441
5908,11854 11855 11856 11857 11858 14610 14611 14612 14613 14614
5909,6262 6263 6264 6265 6266 14720 14721 14722 14723 14724
5910,67 68 69 70 71 12058 12059 12060 12061 12062
5911,4857 4858 4859 4860 4861 10612 10613 10614 10615 10616
5912,611 612 613 614 615 15019 15020 15021 15022 15023
5913,3671 3672 3673 3674 3675 6687 6688 6689 6690 6691
5914,1349 1350 1351 1352 1353 11348 11349 11350 11351 11352
5915,13954 13955 13956 13957 13958 14388 14389 14390 14391 14392
5916,1201 1202 1203 1204 1205 9988 9989 9990 9991 9992
5917,1597 1598 1599 1600 1601 8469 8470 8471 8472 8473
5918,3918 3919 3920 3921 3922 15020 15021 15022 15023 15024
5919,2301 2302 2303 2304 2305 10969 10970 10971 10972 10973
5920,6486 6487 6488 6489 6490 7720 7721 7722 7723 7724
5921,1003 1004 1005 1006 1007 13077 13078 13079 13080 13081
5922,3195 3196 3197 3198 3199 5004 5005 5006 5007 5008
5923,606 607 608 609 610 15021 15022 15023 15024 15025
5924,1282 1283 1284 1285 1286 9274 9275 9276 9277 9278
5925,162 163 164 165 166 10169 10170 10171 10172 10173
5926,2592 2593 2594 2595 2596 14299 14300 14301 14302 14303
5927,7009 7010 7011 7012 7013 9308 9309 9310 9311 9312
5928,1290 1291 1292 1293 1294 8249 8250 8251 8252 8253
5929,57 58 59 60 61 15023 15024 15025 15026 15027
5930,6068 6069 6070 6071 6072 13696 13697 13698 13699 13700
5931,31 32 33 34 35 3727 3728 3729 3730 3731
5932,215 216 217 218 219 15024 15025 15026 15027 15028
5933,376 377 378 379 380 13754 13755 13756 13757 13758
5934,2169 2170 2171 2172 2173 10797 10798 10799 10800 10801
5935,914 915 916 917 918 14976 14977 14978 14979 14980
5936,8408 8409 8410 8411 8412 12854 12855 12856 12857 12858
5937,51 52 53 54 55 13374 13375 13376 13377 13378
5938,7558 7559 7560 7561 7562 13804 13805 13806 13807 13808
5939,2012 2013 2014 2015 2016 13882 13883 13884 13885 13886
5940,1006 1007 1008 1009 1010 13984 13985 13986 13987 13988
5941,2090 2091 2092 2093 2094 11172 11173 11174 11175 11176
5942,6095 6096 6097 6098 6099 14378 14379 14380 14381 14382
5943,4877 4878 4879 4880 4881 14601 14602 14603 14604 14605
5944,8755 8756 8757 8758 8759 14320 14321 14322 14323 14324
5945,15019 15020 15021 15022 15023 15025 15026 15027 15028 15029
5946,1412 1413 1414 1415 1416 8419 8420 8421 8422 8423
5947,471 472 473 474 475 12326 12327 12328 12329 12330
5948,3694 3695 3696 3697 3698 7404 7405 7406 7407 7408
5949,542 543 544 545 546 13135 13136 13137 13138 13139
5950,571 572 573 574 575 10956 10957 10958 10959 10960
5951,1831 1832 1833 1834 1835 11749 11750 11751 11752 11753
5952,4279 4280 4281 4282 4283 15026 15027 15028 15029 15030
5953,1315 1316 1317 1318 1319 11533 11534 11535 11536 11537
5954,2920 2921 2922 2923 2924 10764 10765 10766 10767 10768
5955,123 124 125 126 127 11762 11763 11764 11765 11766
5956,96 97 98 99 100 741 742 743 744 745
5957,710 711 712 713 714 10665 10666 10667 10668 10669
5958,1078 1079 1080 1081 1082 13959 13960 13961 13962 13963
5959,632 633 634 635 636 15027 15028 15029 15030 15031
5960,711 712 713 714 715 13598 13599 13600 13601 13602
5961,656 657 658 659 660 10472 10473 10474 10475 10476
5962,41 42 43 44 45 10894 10895 10896 10897 10898
5963,705 706 707 708 709 11356 11357 11358 11359 11360
5964,1185 1186 1187 1188 1189 9907 9908 9909 9910 9911
5965,44 45 46 47 48 8875 8876 8877 8878 8879
5966,744 745 746 747 748 11195 11196 11197 11198 11199
5967,1130 1131 1132 1133 1134 13381 13382 13383 13384 13385
5968,2657 2658 2659 2660 2661 13073 13074 13075 13076 13077
5969,337 338 339 340 341 12777 12778 12779 12780 12781
5970,136 137 138 139 140 12863 12864 12865 12866 12867
5971,3988 3989 3990 3991 3992 10305 10306 10307 10308 10309
5972,1277 1278 1279 1280 1281 2589 2590 2591 2592 2593
5973,3046 3047 3048 3049 3050 13389 13390 13391 13392 13393
5974,706 707 708 709 710 11655 11656 11657 11658 11659
5975,2367 2368 2369 2370 2371 15028 15029 15030 15031 15032
5976,126 127 128 129 130 15030 15031 15032 15033 15034
5977,4345 4346 4347 4348 4349 13313 13314 13315 13316 13317
5978,2609 2610 2611 2612 2613 15031 15032 15033 15034 15035
5979,356 357 358 359 360 15033 15034 15035 15036 15037
5980,15028 15029 15030 15031 15032 15034 15035 15036 15037 15038
5981,996 997 998 999 1000 10073 10074 10075 10076 10077
5982,1312 1313 1314 1315 1316 10495 10496 10497 10498 10499
5983,1292 1293 1294 1295 1296 14322 14323 14324 14325 14326
5984,4063 4064 4065 4066 4067 14314 14315 14316 14317 14318
5985,8992 8993 8994 8995 8996 12749 12750 12751 12752 12753
5986,7133 7134 7135 7136 7137 13778 13779 13780 13781 13782
5987,1160 1161 1162 1163 1164 13563 13564 13565 13566 13567
5988,1161 1162 1163 1164 1165 15036 15037 15038 15039 15040
5989,1163 1164 1165 1166 1167 12745 12746 12747 12748 12749
5990,1161 1162 1163 1164 1165 14713 14714 14715 14716 14717
5991,400 401 402 403 404 14880 14881 14882 14883 14884
5992,1161 1162 1163 1164 1165 14151 14152 14153 14154 14155
5993,1006 1007 1008 1009 1010 12076 12077 12078 12079 12080
5994,1140 1141 1142 1143 1144 14441 14442 14443 14444 14445
5995,63 64 65 66 67 14114 14115 14116 14117 14118
5996,1006 1007 1008 1009 1010 10200 10201 10202 10203 10204
5997,85 86 87 88 89 5313 5314 5315 5316 5317
5998,84 85 86 87 88 12917 12918 12919 12920 12921
5999,243 244 245 246 247 12177 12178 12179 12180 12181
6000,493 494 495 496 497 14658 14659 14660 14661 14662
6001,6124 6125 6126 6127 6128 15037 15038 15039 15040 15041
6002,177 178 179 180 181 10301 10302 10303 10304 10305
6003,416 417 418 419 420 13594 13595 13596 13597 13598
6004,1735 1736 1737 1738 1739 15039 15040 15041 15042 15043
6005,4401 4402 4403 4404 4405 11140 11141 11142 11143 11144
6006,3538 3539 3540 3541 3542 12731 12732 12733 12734 12735
6007,1006 1007 1008 1009 1010 12657 12658 12659 12660 12661
6008,22 23 24 25 26 10231 10232 10233 10234 10235
6009,44 45 46 47 48 11318 11319 11320 11321 11322
6010,703 704 705 706 707 13924 13925 13926 13927 13928
6011,12754 12755 12756 12757 12758 15041 15042 15043 15044 15045
6012,378 379 380 381 382 7914 7915 7916 7917 7918
6013,156 157 158 159 160 12574 12575 12576 12577 12578
6014,41 42 43 44 45 11904 11905 11906 11907 11908
6015,1365 1366 1367 1368 1369 15042 15043 15044 15045 15046
6016,4511 4512 4513 4514 4515 14128 14129 14130 14131 14132
6017,2854 2855 2856 2857 2858 13635 13636 13637 13638 13639
6018,14648 14649 14650 14651 14652
6019,42 43 44 45 46 2580 2581 2582 2583 2584
6020,1297 1298 1299 1300 1301 13906 13907 13908 13909 13910
6021,766 767 768 769 770 772 773 774 775 776
6022,1470 1471 1472 1473 1474 11584 11585 11586 11587 11588
6023,1531 1532 1533 1534 1535 15044 15045 15046 15047 15048
6024,6928 6929 6930 6931 6932 14845 14846 14847 14848 14849
6025,10771 10772 10773 10774 10775 11719 11720 11721 11722 11723
6026,144 145 146 147 148 11659 11660 11661 11662 11663
6027,4655 4656 4657 4658 4659 4664 4665 4666 4667 4668
6028,3299 3300 3301 3302 3303 9373 9374 9375 9376 9377
6029,3389 3390 3391 3392 3393 14359 14360 14361 14362 14363
6030,367 368 369 370 371 15045 15046 15047 15048 15049
6031,14158 14159 14160 14161 14162 14308 14309 14310 14311 14312
6032,171 172 173 174 175 7421 7422 7423 7424 7425
6033,462 463 464 465 466 15047 15048 15049 15050 15051
6034,237 238 239 240 241 10391 10392 10393 10394 10395
6035,1534 1535 1536 1537 1538 12539 12540 12541 12542 12543
6036,4408 4409 4410 4411 4412 7097 7098 7099 7100 7101
6037,2736 2737 2738 2739 2740 11882 11883 11884 11885 11886
6038,7259 7260 7261 7262 7263 14753 14754 14755 14756 14757
6039,11540 11541 11542 11543 11544 13487 13488 13489 13490 13491
6040,1006 1007 1008 1009 1010 11529 11530 11531 11532 11533
6041,11 12 13 14 15 9935 9936 9937 9938 9939
6042,1349 1350 1351 1352 1353 1356 1357 1358 1359 1360
6043,2304 2305 2306 2307 2308 14637 14638 14639 14640 14641
6044,555 556 557 558 559 11232 11233 11234 11235 11236
6045,3459 3460 3461 3462 3463 14800 14801 14802 14803 14804
6046,9779 9780 9781 9782 9783 14804 14805 14806 14807 14808
6047,4637 4638 4639 4640 4641 4644 4645 4646 4647 4648
6048,3909 3910 3911 3912 3913 12284 12285 12286 12287 12288
6049,35 36 37 38 39 12437 12438 12439 12440 12441
6050,9979 9980 9981 9982 9983 15048 15049 15050 15051 15052
6051,1716 1717 1718 1719 1720 14440 14441 14442 14443 14444
6052,743 744 745 746 747 11742 11743 11744 11745 11746
6053,1507 1508 1509 1510 1511 3958 3959 3960 3961 3962
6054,2794 2795 2796 2797 2798 4907 4908 4909 4910 4911
6055,5071 5072 5073 5074 5075 9391 9392 9393 9394 9395
6056,2220 2221 2222 2223 2224 8199 8200 8201 8202 8203
6057,2483 2484 2485 2486 2487 11971 11972 11973 11974 11975
6058,2104 2105 2106 2107 2108 15049 15050 15051 15052 15053
6059,2957 2958 2959 2960 2961 10658 10659 10660 10661 10662
6060,1704 1705 1706 1707 1708 15050 15051 15052 15053 15054
6061,4111 4112 4113 4114 4115 11708 11709 11710 11711 11712
6062,5185 5186 5187 5188 5189 9785 9786 9787 9788 9789
6063,1955 1956 1957 1958 1959 11955 11956 11957 11958 11959
6064,900 901 902 903 904 10323 10324 10325 10326 10327
6065,8018 8019 8020 8021 8022 15052 15053 15054 15055 15056
6066,961 962 963 964 965 12947 12948 12949 12950 12951
6067,961 962 963 964 965 15055 15056 15057 15058 15059
6068,581 582 583 584 585 10440 10441 10442 10443 10444
6069,6060 6061 6062 6063 6064 13949 13950 13951 13952 13953
6070,3143 3144 3145 3146 3147 10661 10662 10663 10664 10665
6071,6090 6091 6092 6093 6094 13824 13825 13826 13827 13828
6072,2397 2398 2399 2400 2401 13343 13344 13345 13346 13347
6073,1532 1533 1534 1535 1536 10067 10068 10069 10070 10071
6074,415 416 417 418 419 13650 13651 13652 13653 13654
6075,14 15 16 17 18 15056 15057 15058 15059 15060
6076,1399 1400 1401 1402 1403 14266 14267 14268 14269 14270
6077,4713 4714 4715 4716 4717 11037 11038 11039 11040 11041
6078,906 907 908 909 910 12481 12482 12483 12484 12485
6079,4655 4656 4657 4658 4659 11371 11372 11373 11374 11375
6080,112 113 114 115 116 10384 10385 10386 10387 10388
6081,620 621 622 623 624 14586 14587 14588 14589 14590
6082,144 145 146 147 148 13674 13675 13676 13677 13678
6083,53 54 55 56 57 14164 14165 14166 14167 14168
6084,420 421 422 423 424 11644 11645 11646 11647 11648
6085,155 156 157 158 159 15058 15059 15060 15061 15062
6086,4 5 6 7 8 12801 12802 12803 12804 12805
6087,7009 7010 7011 7012 7013 9413 9414 9415 9416 9417
6088,266 267 268 269 270 15059 15060 15061 15062 15063
6089,2369 2370 2371 2372 2373 14617 14618 14619 14620 14621
6090,4800 4801 4802 4803 4804 14221 14222 14223 14224 14225
6091,694 695 696 697 698 15060 15061 15062 15063 15064
6092,96 97 98 99 100 15064 15065 15066 15067 15068
6093,1853 1854 1855 1856 1857 14307 14308 14309 14310 14311
6094,10662 10663 10664 10665 10666 14911 14912 14913 14914 14915
6095,766 767 768 769 770 15065 15066 15067 15068 15069
6096,3796 3797 3798 3799 3800 14962 14963 14964 14965 14966
6097,12569 12570 12571 12572 12573 12575 12576 12577 12578 12579
6098,14545 14546 14547 14548 14549 15066 15067 15068 15069 15070
6099,28 29 30 31 32 15068 15069 15070 15071 15072
6100,9295 9296 9297 9298 9299 14164 14165 14166 14167 14168
6101,1386 1387 1388 1389 1390 11329 11330 11331 11332 11333
6102,47 48 49 50 51 10716 10717 10718 10719 10720
6103,4157 4158 4159 4160 4161 14952 14953 14954 14955 14956
6104,3148 3149 3150 3151 3152 14214 14215 14216 14217 14218
6105,6516 6517 6518 6519 6520 14559 14560 14561 14562 14563
6106,620 621 622 623 624 13518 13519 13520 13521 13522
6107,7932 7933 7934 7935 7936 14861 14862 14863 14864 14865
6108,2078 2079 2080 2081 2082 15003 15004 15005 15006 15007
6109,12129 12130 12131 12132 12133 13900 13901 13902 13903 13904
6110,7165 7166 7167 7168 7169 14855 14856 14857 14858 14859
6111,171 172 173 174 175 11071 11072 11073 11074 11075
6112,323 324 325 326 327 12869 12870 12871 12872 12873
6113,13622 13623 13624 13625 13626 15071 15072 15073 15074 15075
6114,8555 8556 8557 8558 8559 11196 11197 11198 11199 11200
6115,227 228 229 230 231 11300 11301 11302 11303 11304
6116,2910 2911 2912 2913 2914 14474 14475 14476 14477 14478
6117,3836 3837 3838 3839 3840 13527 13528 13529 13530 13531
6118,1902 1903 1904 1905 1906 12388 12389 12390 12391 12392
6119,3649 3650 3651 3652 3653 14451 14452 14453 14454 14455
6120,282 283 284 285 286 14241 14242 14243 14244 14245
6121,1495 1496 1497 1498 1499 15073 15074 15075 15076 15077
6122,69 70 71 72 73 5416 5417 5418 5419 5420
6123,12012 12013 12014 12015 12016 15076 15077 15078 15079 15080
6124,0 1 2 3 12179 12180 12181 12182 12183
6125,70 71 72 73 74 14530 14531 14532 14533 14534
6126,781 782 783 784 785 15077 15078 15079 15080 15081
6127,1881 1882 1883 1884 1885 14256 14257 14258 14259 14260
6128,2776 2777 2778 2779 2780 13561 13562 13563 13564 13565
6129,8896 8897 8898 8899 8900 14781 14782 14783 14784 14785
6130,5023 5024 5025 5026 5027 12550 12551 12552 12553 12554
6131,41 42 43 44 45 9684 9685 9686 9687 9688
6132,14075 14076 14077 14078 14079 14081 14082 14083 14084 14085
6133,5324 5325 5326 5327 5328 14023 14024 14025 14026 14027
6134,7235 7236 7237 7238 7239 15078 15079 15080 15081 15082
6135,23 24 25 26 27 12996 12997 12998 12999 13000
6136,6490 6491 6492 6493 6494 11655 11656 11657 11658 11659
6137,12285 12286 12287 12288 12289 14632 14633 14634 14635 14636
6138,1632 1633 1634 1635 1636 14372 14373 14374 14375 14376
6139,8191 8192 8193 8194 8195 12853 12854 12855 12856 12857
6140,3209 3210 3211 3212 3213 15079 15080 15081 15082 15083
6141,96 97 98 99 100 15014 15015 15016 15017 15018
6142,1168 1169 1170 1171 1172 8922 8923 8924 8925 8926
6143,640 641 642 643 644 14665 14666 14667 14668 14669
6144,14302 14303 14304 14305 14306 14308 14309 14310 14311 14312
6145,86 87 88 89 90 15080 15081 15082 15083 15084
6146,2602 2603 2604 2605 2606 10135 10136 10137 10138 10139
6147,12684 12685 12686 12687 12688 13938 13939 13940 13941 13942
6148,2712 2713 2714 2715 2716 13946 13947 13948 13949 13950
6149,3686 3687 3688 3689 3690 6813 6814 6815 6816 6817
6150,15008 15009 15010 15011 15012 15014 15015 15016 15017 15018
6151,6341 6342 6343 6344 6345 14224 14225 14226 14227 14228
6152,789 790 791 792 793 12389 12390 12391 12392 12393
6153,2823 2824 2825 2826 2827 12389 12390 12391 12392 12393
6154,195 196 197 198 199 14704 14705 14706 14707 14708
6155,14835 14836 14837 14838 14839 15082 15083 15084 15085 15086
6156,1539 1540 1541 1542 1543 13528 13529 13530 13531 13532
6157,1793 1794 1795 1796 1797 6965 6966 6967 6968 6969
6158,651 652 653 654 655 8667 8668 8669 8670 8671
6159,4233 4234 4235 4236 4237 13638 13639 13640 13641 13642
6160,687 688 689 690 691 15084 15085 15086 15087 15088
6161,13210 13211 13212 13213 13214 14722 14723 14724 14725 14726
6162,14821 14822 14823 14824 14825 15061 15062 15063 15064 15065
6163,12129 12130 12131 12132 12133 12135 12136 12137 12138 12139
6164,5590 5591 5592 5593 5594 14690 14691 14692 14693 14694
6165,53 54 55 56 57 14743 14744 14745 14746 14747
6166,6094 6095 6096 6097 6098 6100 6101 6102 6103 6104
6167,7119 7120 7121 7122 7123 15080 15081 15082 15083 15084
6168,1451 1452 1453 1454 1455 14300 14301 14302 14303 14304
6169,177 178 179 180 181 11462 11463 11464 11465 11466
6170,708 709 710 711 712 12464 12465 12466 12467 12468
6171,1023 1024 1025 1026 1027 15086 15087 15088 15089 15090
6172,1299 1300 1301 1302 1303 11734 11735 11736 11737 11738
6173,620 621 622 623 624 15007 15008 15009 15010 15011
6174,6780 6781 6782 6783 6784 8082 8083 8084 8085 8086
6175,13533 13534 13535 13536 13537 15087 15088 15089 15090 15091
6176,378 379 380 381 382 15057 15058 15059 15060 15061
6177,4571 4572 4573 4574 4575 14397 14398 14399 14400 14401
6178,8583 8584 8585 8586 8587 15073 15074 15075 15076 15077
6179,1528 1529 1530 1531 1532 8905 8906 8907 8908 8909
6180,744 745 746 747 748 11197 11198 11199 11200 11201
6181,5845 5846 5847 5848 5849 11158 11159 11160 11161 11162
6182,6608 6609 6610 6611 6612 13578 13579 13580 13581 13582
6183,7375 7376 7377 7378 7379 14216 14217 14218 14219 14220
6184,2834 2835 2836 2837 2838 14040 14041 14042 14043 14044
6185,0 1 2 3 10139 10140 10141 10142 10143
6186,40 41 42 43 44 12238 12239 12240 12241 12242
6187,408 409 410 411 412 8961 8962 8963 8964 8965
6188,4023 4024 4025 4026 4027 14483 14484 14485 14486 14487
6189,2146 2147 2148 2149 2150 11406 11407 11408 11409 11410
6190,4695 4696 4697 4698 4699 12386 12387 12388 12389 12390
6191,400 401 402 403 404 13933 13934 13935 13936 13937
6192,1013 1014 1015 1016 1017 14859 14860 14861 14862 14863
6193,2199 2200 2201 2202 2203 8377 8378 8379 8380 8381
6194,957 958 959 960 961 15017 15018 15019 15020 15021
6195,473 474 475 476 477 15089 15090 15091 15092 15093
6196,347 348 349 350 351 15090 15091 15092 15093 15094
6197,9066 9067 9068 9069 9070 10282 10283 10284 10285 10286
6198,1742 1743 1744 1745 1746 12668 12669 12670 12671 12672
6199,2551 2552 2553 2554 2555 12088 12089 12090 12091 12092
6200,5425 5426 5427 5428 5429 14181 14182 14183 14184 14185
6201,4835 4836 4837 4838 4839 14417 14418 14419 14420 14421
6202,4700 4701 4702 4703 4704 15091 15092 15093 15094 15095
6203,523 524 525 526 527 13316 13317 13318 13319 13320
6204,1162 1163 1164 1165 1166 13201 13202 13203 13204 13205
6205,2737 2738 2739 2740 2741 5999 6000 6001 6002 6003
6206,400 401 402 403 404 13249 13250 13251 13252 13253
6207,400 401 402 403 404 14085 14086 14087 14088 14089
6208,399 400 401 402 403 13651 13652 13653 13654 13655
6209,399 400 401 402 403 14406 14407 14408 14409 14410
6210,172 173 174 175 176 13130 13131 13132 13133 13134
6211,6321 6322 6323 6324 6325 13423 13424 13425 13426 13427
6212,14369 14370 14371 14372 14373 14377 14378 14379 14380 14381
6213,1161 1162 1163 1164 1165 8905 8906 8907 8908 8909
6214,1161 1162 1163 1164 1165 13327 13328 13329 13330 13331
6215,398 399 400 401 402 14123 14124 14125 14126 14127
6216,1161 1162 1163 1164 1165 11053 11054 11055 11056 11057
6217,400 401 402 403 404 14016 14017 14018 14019 14020
6218,11118 11119 11120 11121 11122 14813 14814 14815 14816 14817
6219,399 400 401 402 403 13423 13424 13425 13426 13427
6220,1527 1528 1529 1530 1531 12743 12744 12745 12746 12747
6221,9787 9788 9789 9790 9791 15092 15093 15094 15095 15096
6222,399 400 401 402 403 13563 13564 13565 13566 13567
6223,14024 14025 14026 14027 14028 15092 15093 15094 15095 15096
6224,3460 3461 3462 3463 3464 14563 14564 14565 14566 14567
6225,1160 1161 1162 1163 1164 13328 13329 13330 13331 13332
6226,399 400 401 402 403 14406 14407 14408 14409 14410
6227,2360 2361 2362 2363 2364 15094 15095 15096 15097 15098
6228,1161 1162 1163 1164 1165 14328 14329 14330 14331 14332
6229,2737 2738 2739 2740 2741 14882 14883 14884 14885 14886
6230,1160 1161 1162 1163 1164 15036 15037 15038 15039 15040
6231,6346 6347 6348 6349 6350 13249 13250 13251 13252 13253
6232,1318 1319 1320 1321 1322 14663 14664 14665 14666 14667
6233,1527 1528 1529 1530 1531 2366 2367 2368 2369 2370
6234,400 401 402 403 404 13673 13674 13675 13676 13677
6235,1163 1164 1165 1166 1167 13933 13934 13935 13936 13937
6236,1160 1161 1162 1163 1164 12748 12749 12750 12751 12752
6237,357 358 359 360 361 13960 13961 13962 13963 13964
6238,400 401 402 403 404 4516 4517 4518 4519 4520
6239,400 401 402 403 404 15096 15097 15098 15099 15100
6240,2609 2610 2611 2612 2613 13340 13341 13342 13343 13344
6241,3460 3461 3462 3463 3464 15098 15099 15100 15101 15102
6242,1334 1335 1336 1337 1338 11113 11114 11115 11116 11117
6243,6348 6349 6350 6351 6352 14656 14657 14658 14659 14660
6244,2609 2610 2611 2612 2613 13340 13341 13342 13343 13344
6245,2609 2610 2611 2612 2613 2742 2743 2744 2745 2746
6246,13801 13802 13803 13804 13805 13807 13808 13809 13810 13811
6247,1160 1161 1162 1163 1164 14139 14140 14141 14142 14143
6248,4325 4326 4327 4328 4329 8908 8909 8910 8911 8912
6249,1524 1525 1526 1527 1528 13325 13326 13327 13328 13329
6250,403 404 405 406 407 11900 11901 11902 11903 11904
6251,399 400 401 402 403 14151 14152 14153 14154 14155
6252,2736 2737 2738 2739 2740 8908 8909 8910 8911 8912
6253,1160 1161 1162 1163 1164 12995 12996 12997 12998 12999
6254,2736 2737 2738 2739 2740 11899 11900 11901 11902 11903
6255,1376 1377 1378 1379 1380 10791 10792 10793 10794 10795
6256,1552 1553 1554 1555 1556 15099 15100 15101 15102 15103
6257,5354 5355 5356 5357 5358 14675 14676 14677 14678 14679
6258,1839 1840 1841 1842 1843 14589 14590 14591 14592 14593
6259,1907 1908 1909 1910 1911 11621 11622 11623 11624 11625
6260,942 943 944 945 946 14001 14002 14003 14004 14005
6261,1664 1665 1666 1667 1668 14091 14092 14093 14094 14095
6262,6085 6086 6087 6088 6089 13766 13767 13768 13769 13770
6263,2609 2610 2611 2612 2613 14658 14659 14660 14661 14662
6264,4454 4455 4456 4457 4458 11781 11782 11783 11784 11785
6265,1128 1129 1130 1131 1132 12560 12561 12562 12563 12564
6266,5106 5107 5108 5109 5110 12925 12926 12927 12928 12929
6267,9542 9543 9544 9545 9546 11538 11539 11540 11541 11542
6268,281 282 283 284 285 10819 10820 10821 10822 10823
6269,963 964 965 966 967 15100 15101 15102 15103 15104
6270,2004 2005 2006 2007 2008 14763 14764 14765 14766 14767
6271,6427 6428 6429 6430 6431 15028 15029 15030 15031 15032
6272,1013 1014 1015 1016 1017 7475 7476 7477 7478 7479
6273,4600 4601 4602 4603 4604 11121 11122 11123 11124 11125
6274,9244 9245 9246 9247 9248 14227 14228 14229 14230 14231
6275,262 263 264 265 266 14183 14184 14185 14186 14187
6276,1006 1007 1008 1009 1010 13484 13485 13486 13487 13488
6277,2009 2010 2011 2012 2013 9852 9853 9854 9855 9856
6278,3597 3598 3599 3600 3601 14730 14731 14732 14733 14734
6279,2413 2414 2415 2416 2417 13143 13144 13145 13146 13147
6280,555 556 557 558 559 14171 14172 14173 14174 14175
6281,6777 6778 6779 6780 6781 14343 14344 14345 14346 14347
6282,6158 6159 6160 6161 6162 14238 14239 14240 14241 14242
6283,895 896 897 898 899 12026 12027 12028 12029 12030
6284,1263 1264 1265 1266 1267 15101 15102 15103 15104 15105
6285,1121 1122 1123 1124 1125 14534 14535 14536 14537 14538
6286,1695 1696 1697 1698 1699 14315 14316 14317 14318 14319
6287,16 17 18 19 20 12197 12198 12199 12200 12201
6288,1660 1661 1662 1663 1664 14732 14733 14734 14735 14736
6289,1839 1840 1841 1842 1843 12433 12434 12435 12436 12437
6290,122 123 124 125 126 13286 13287 13288 13289 13290
6291,3857 3858 3859 3860 3861 13783 13784 13785 13786 13787
6292,1527 1528 1529 1530 1531 11419 11420 11421 11422 11423
6293,6543 6544 6545 6546 6547 10030 10031 10032 10033 10034
6294,5890 5891 5892 5893 5894 14092 14093 14094 14095 14096
6295,3942 3943 3944 3945 3946 11274 11275 11276 11277 11278
6296,6664 6665 6666 6667 6668 14183 14184 14185 14186 14187
6297,11991 11992 11993 11994 11995 15102 15103 15104 15105 15106
6298,8330 8331 8332 8333 8334 12577 12578 12579 12580 12581
6299,9790 9791 9792 9793 9794 15103 15104 15105 15106 15107
6300,7396 7397 7398 7399 7400 14354 14355 14356 14357 14358
6301,1006 1007 1008 1009 1010 10074 10075 10076 10077 10078
6302,7566 7567 7568 7569 7570 13693 13694 13695 13696 13697
6303,11382 11383 11384 11385 11386 13520 13521 13522 13523 13524
6304,7697 7698 7699 7700 7701 13557 13558 13559 13560 13561
6305,10981 10982 10983 10984 10985 14086 14087 14088 14089 14090
6306,1746 1747 1748 1749 1750 14673 14674 14675 14676 14677
6307,2815 2816 2817 2818 2819 2821 2822 2823 2824 2825
6308,3087 3088 3089 3090 3091 10283 10284 10285 10286 10287
6309,15099 15100 15101 15102 15103 15106 15107 15108 15109 15110
6310,6481 6482 6483 6484 6485 14058 14059 14060 14061 14062
6311,996 997 998 999 1000 2870 2871 2872 2873 2874
6312,7212 7213 7214 7215 7216 9195 9196 9197 9198 9199
6313,1767 1768 1769 1770 1771 11026 11027 11028 11029 11030
6314,12797 12798 12799 12800 12801 12803 12804 12805 12806 12807
6315,1349 1350 1351 1352 1353 6361 6362 6363 6364 6365
6316,998 999 1000 1001 1002 5674 5675 5676 5677 5678
6317,2373 2374 2375 2376 2377 12298 12299 12300 12301 12302
6318,8205 8206 8207 8208 8209 13729 13730 13731 13732 13733
6319,2009 2010 2011 2012 2013 10366 10367 10368 10369 10370
6320,3671 3672 3673 3674 3675 11470 11471 11472 11473 11474
6321,1522 1523 1524 1525 1526 15035 15036 15037 15038 15039
6322,4747 4748 4749 4750 4751 13106 13107 13108 13109 13110
6323,318 319 320 321 322 15020 15021 15022 15023 15024
6324,12494 12495 12496 12497 12498 13796 13797 13798 13799 13800
6325,4667 4668 4669 4670 4671 14230 14231 14232 14233 14234
6326,2870 2871 2872 2873 2874 4606 4607 4608 4609 4610
6327,8536 8537 8538 8539 8540 11649 11650 11651 11652 11653
6328,13761 13762 13763 13764 13765 14116 14117 14118 14119 14120
6329,1349 1350 1351 1352 1353 4139 4140 4141 4142 4143
6330,1804 1805 1806 1807 1808 14119 14120 14121 14122 14123
6331,5000 5001 5002 5003 5004 5008 5009 5010 5011 5012
6332,5447 5448 5449 5450 5451 14058 14059 14060 14061 14062
6333,1122 1123 1124 1125 1126 14740 14741 14742 14743 14744
6334,2876 2877 2878 2879 2880 14765 14766 14767 14768 14769
6335,97 98 99 100 101 8845 8846 8847 8848 8849
6336,97 98 99 100 101 12222 12223 12224 12225 12226
6337,4571 4572 4573 4574 4575 15108 15109 15110 15111 15112
6338,1667 1668 1669 1670 1671 10787 10788 10789 10790 10791
6339,378 379 380 381 382 12312 12313 12314 12315 12316
6340,162 163 164 165 166 14476 14477 14478 14479 14480
6341,509 510 511 512 513 8622 8623 8624 8625 8626
6342,7436 7437 7438 7439 7440 12976 12977 12978 12979 12980
6343,10032 10033 10034 10035 10036 12618 12619 12620 12621 12622
6344,4650 4651 4652 4653 4654 9362 9363 9364 9365 9366
6345,2088 2089 2090 2091 2092 9474 9475 9476 9477 9478
6346,411 412 413 414 415 10087 10088 10089 10090 10091
6347,1991 1992 1993 1994 1995 13066 13067 13068 13069 13070
6348,9197 9198 9199 9200 9201 12566 12567 12568 12569 12570
6349,7439 7440 7441 7442 7443 15109 15110 15111 15112 15113
6350,13716 13717 13718 13719 13720 13812 13813 13814 13815 13816
6351,6131 6132 6133 6134 6135 7564 7565 7566 7567 7568
6352,1879 1880 1881 1882 1883 13704 13705 13706 13707 13708
6353,5359 5360 5361 5362 5363 6335 6336 6337 6338 6339
6354,6298 6299 6300 6301 6302 6304 6305 6306 6307 6308
6355,3711 3712 3713 3714 3715 15110 15111 15112 15113 15114
6356,1951 1952 1953 1954 1955 12275 12276 12277 12278 12279
6357,9755 9756 9757 9758 9759 14810 14811 14812 14813 14814
6358,1992 1993 1994 1995 1996 12950 12951 12952 12953 12954
6359,6123 6124 6125 6126 6127 15110 15111 15112 15113 15114
6360,8 9 10 11 12 13383 13384 13385 13386 13387
6361,8612 8613 8614 8615 8616 15110 15111 15112 15113 15114
6362,142 143 144 145 146 14778 14779 14780 14781 14782
6363,3446 3447 3448 3449 3450 12741 12742 12743 12744 12745
6364,1537 1538 1539 1540 1541 14623 14624 14625 14626 14627
6365,10254 10255 10256 10257 10258 12411 12412 12413 12414 12415
6366,1991 1992 1993 1994 1995 15111 15112 15113 15114 15115
6367,3799 3800 3801 3802 3803 13905 13906 13907 13908 13909
6368,6329 6330 6331 6332 6333 14920 14921 14922 14923 14924
6369,9022 9023 9024 9025 9026 13462 13463 13464 13465 13466
6370,20 21 22 23 24 14797 14798 14799 14800 14801
6371,11179 11180 11181 11182 11183 15113 15114 15115 15116 15117
6372,575 576 577 578 579 15114 15115 15116 15117 15118
6373,12489 12490 12491 12492 12493 14707 14708 14709 14710 14711
6374,165 166 167 168 169 11684 11685 11686 11687 11688
6375,1951 1952 1953 1954 1955 14901 14902 14903 14904 14905
6376,15110 15111 15112 15113 15114 15118 15119 15120 15121 15122
6377,1242 1243 1244 1245 1246 8919 8920 8921 8922 8923
6378,1391 1392 1393 1394 1395 15119 15120 15121 15122 15123
6379,1483 1484 1485 1486 1487 14938 14939 14940 14941 14942
6380,10210 10211 10212 10213 10214 14321 14322 14323 14324 14325
6381,10090 10091 10092 10093 10094 14583 14584 14585 14586 14587
6382,9345 9346 9347 9348 9349 11632 11633 11634 11635 11636
6383,7988 7989 7990 7991 7992 14437 14438 14439 14440 14441
6384,358 359 360 361 362 4181 4182 4183 4184 4185
6385,3304 3305 3306 3307 3308 9925 9926 9927 9928 9929
6386,8847 8848 8849 8850 8851 13436 13437 13438 13439 13440
6387,4446 4447 4448 4449 4450 14435 14436 14437 14438 14439
6388,3162 3163 3164 3165 3166 12098 12099 12100 12101 12102
6389,739 740 741 742 743 15075 15076 15077 15078 15079
6390,7140 7141 7142 7143 7144 13365 13366 13367 13368 13369
6391,10696 10697 10698 10699 10700 15121 15122 15123 15124 15125
6392,876 877 878 879 880 12709 12710 12711 12712 12713
6393,4343 4344 4345 4346 4347 10676 10677 10678 10679 10680
6394,1791 1792 1793 1794 1795 7345 7346 7347 7348 7349
6395,687 688 689 690 691 15125 15126 15127 15128 15129
6396,2375 2376 2377 2378 2379 12239 12240 12241 12242 12243
6397,4726 4727 4728 4729 4730 14096 14097 14098 14099 14100
6398,1660 1661 1662 1663 1664 12577 12578 12579 12580 12581
6399,602 603 604 605 606 14777 14778 14779 14780 14781
6400,1114 1115 1116 1117 1118 14051 14052 14053 14054 14055
6401,800 801 802 803 804 12362 12363 12364 12365 12366
6402,318 319 320 321 322 15101 15102 15103 15104 15105
6403,4419 4420 4421 4422 4423 4425 4426 4427 4428 4429
6404,9890 9891 9892 9893 9894 13880 13881 13882 13883 13884
6405,524 525 526 527 528 8762 8763 8764 8765 8766
6406,1042 1043 1044 1045 1046 8404 8405 8406 8407 8408
6407,3556 3557 3558 3559 3560 13822 13823 13824 13825 13826
6408,10364 10365 10366 10367 10368 10370 10371 10372 10373 10374
6409,402 403 404 405 406 13624 13625 13626 13627 13628
6410,8423 8424 8425 8426 8427 14945 14946 14947 14948 14949
6411,204 205 206 207 208 10646 10647 10648 10649 10650
6412,11361 11362 11363 11364 11365 11367 11368 11369 11370 11371
6413,613 614 615 616 617 15066 15067 15068 15069 15070
6414,153 154 155 156 157 13463 13464 13465 13466 13467
6415,253 254 255 256 257 14987 14988 14989 14990 14991
6416,4419 4420 4421 4422 4423 11148 11149 11150 11151 11152
6417,4127 4128 4129 4130 4131 9407 9408 9409 9410 9411
6418,2 3 4 5 6 14788 14789 14790 14791 14792
6419,2977 2978 2979 2980 2981 15126 15127 15128 15129 15130
6420,1616 1617 1618 1619 1620 14968 14969 14970 14971 14972
6421,766 767 768 769 770 15061 15062 15063 15064 15065
6422,100 101 102 103 104 12714 12715 12716 12717 12718
6423,3806 3807 3808 3809 3810 14894 14895 14896 14897 14898
6424,11121 11122 11123 11124 11125 12878 12879 12880 12881 12882
6425,14565 14566 14567 14568 14569 15061 15062 15063 15064 15065
6426,21 22 23 24 25 7993 7994 7995 7996 7997
6427,710 711 712 713 714 15073 15074 15075 15076 15077
6428,1312 1313 1314 1315 1316 15127 15128 15129 15130 15131
6429,6322 6323 6324 6325 6326 15128 15129 15130 15131 15132
6430,133 134 135 136 137 7463 7464 7465 7466 7467
6431,4752 4753 4754 4755 4756 11463 11464 11465 11466 11467
6432,4567 4568 4569 4570 4571 15129 15130 15131 15132 15133
6433,5924 5925 5926 5927 5928 15130 15131 15132 15133 15134
6434,1783 1784 1785 1786 1787 15132 15133 15134 15135 15136
6435,620 621 622 623 624 3408 3409 3410 3411 3412
6436,453 454 455 456 457 9065 9066 9067 9068 9069
6437,8608 8609 8610 8611 8612 14522 14523 14524 14525 14526
6438,1517 1518 1519 1520 1521 13890 13891 13892 13893 13894
6439,0 1 2 3 4 12033 12034 12035 12036 12037
6440,511 512 513 514 515 11236 11237 11238 11239 11240
6441,2364 2365 2366 2367 2368 11538 11539 11540 11541 11542
6442,12293 12294 12295 12296 12297 14972 14973 14974 14975 14976
6443,8136 8137 8138 8139 8140 11121 11122 11123 11124 11125
6444,4966 4967 4968 4969 4970 13405 13406 13407 13408 13409
6445,76 77 78 79 80 12878 12879 12880 12881 12882
6446,401 402 403 404 405 14744 14745 14746 14747 14748
6447,9050 9051 9052 9053 9054 13588 13589 13590 13591 13592
6448,8868 8869 8870 8871 8872 14998 14999 15000 15001 15002
6449,566 567 568 569 570 14300 14301 14302 14303 14304
6450,13425 13426 13427 13428 13429 13431 13432 13433 13434 13435
6451,3432 3433 3434 3435 3436 13958 13959 13960 13961 13962
6452,86 87 88 89 90 14866 14867 14868 14869 14870
6453,11162 11163 11164 11165 11166 15133 15134 15135 15136 15137
6454,12986 12987 12988 12989 12990 15134 15135 15136 15137 15138
6455,1248 1249 1250 1251 1252 10256 10257 10258 10259 10260
6456,15129 15130 15131 15132 15133 15135 15136 15137 15138 15139
6457,48 49 50 51 52 15135 15136 15137 15138 15139
6458,1513 1514 1515 1516 1517 14887 14888 14889 14890 14891
6459,1380 1381 1382 1383 1384 14931 14932 14933 14934 14935
6460,1780 1781 1782 1783 1784 14197 14198 14199 14200 14201
6461,1990 1991 1992 1993 1994 15141 15142 15143 15144 15145
6462,2621 2622 2623 2624 2625 15144 15145 15146 15147 15148
6463,3854 3855 3856 3857 3858 9827 9828 9829 9830 9831
6464,2953 2954 2955 2956 2957 10278 10279 10280 10281 10282
6465,407 408 409 410 411 15146 15147 15148 15149 15150
6466,11313 11314 11315 11316 11317 12757 12758 12759 12760 12761
6467,6775 6776 6777 6778 6779 15102 15103 15104 15105 15106
6468,73 74 75 76 77 14825 14826 14827 14828 14829
6469,7840 7841 7842 7843 7844 15147 15148 15149 15150 15151
6470,734 735 736 737 738 15148 15149 15150 15151 15152
6471,3016 3017 3018 3019 3020 14428 14429 14430 14431 14432
6472,1716 1717 1718 1719 1720 10068 10069 10070 10071 10072
6473,8994 8995 8996 8997 8998 15149 15150 15151 15152 15153
6474,1878 1879 1880 1881 1882 12618 12619 12620 12621 12622
6475,3014 3015 3016 3017 3018 11406 11407 11408 11409 11410
6476,15144 15145 15146 15147 15148 15150 15151 15152 15153 15154
6477,1527 1528 1529 1530 1531 8861 8862 8863 8864 8865
6478,3823 3824 3825 3826 3827 15151 15152 15153 15154 15155
6479,10905 10906 10907 10908 10909 12192 12193 12194 12195 12196
6480,1121 1122 1123 1124 1125 13417 13418 13419 13420 13421
6481,2184 2185 2186 2187 2188 14345 14346 14347 14348 14349
6482,6997 6998 6999 7000 7001 15120 15121 15122 15123 15124
6483,2609 2610 2611 2612 2613 15153 15154 15155 15156 15157
6484,15022 15023 15024 15025 15026 15028 15029 15030 15031 15032
6485,6791 6792 6793 6794 6795 14468 14469 14470 14471 14472
6486,8052 8053 8054 8055 8056 14617 14618 14619 14620 14621
6487,2562 2563 2564 2565 2566 14414 14415 14416 14417 14418
6488,1527 1528 1529 1530 1531 15154 15155 15156 15157 15158
6489,8894 8895 8896 8897 8898 13917 13918 13919 13920 13921
6490,659 660 661 662 663 15022 15023 15024 15025 15026
6491,4194 4195 4196 4197 4198 15058 15059 15060 15061 15062
6492,4961 4962 4963 4964 4965 13185 13186 13187 13188 13189
6493,854 855 856 857 858 11425 11426 11427 11428 11429
6494,7932 7933 7934 7935 7936 12749 12750 12751 12752 12753
6495,6562 6563 6564 6565 6566 15102 15103 15104 15105 15106
6496,2638 2639 2640 2641 2642 11149 11150 11151 11152 11153
6497,2792 2793 2794 2795 2796 13066 13067 13068 13069 13070
6498,2864 2865 2866 2867 2868 15157 15158 15159 15160 15161
6499,1350 1351 1352 1353 1354 14219 14220 14221 14222 14223
6500,2704 2705 2706 2707 2708 9780 9781 9782 9783 9784
6501,4904 4905 4906 4907 4908 13485 13486 13487 13488 13489
6502,3891 3892 3893 3894 3895 14776 14777 14778 14779 14780
6503,453 454 455 456 457 11935 11936 11937 11938 11939
6504,424 425 426 427 428 11740 11741 11742 11743 11744
6505,433 434 435 436 437 11463 11464 11465 11466 11467
6506,9343 9344 9345 9346 9347 12067 12068 12069 12070 12071
6507,1660 1661 1662 1663 1664 14733 14734 14735 14736 14737
6508,2016 2017 2018 2019 2020 9320 9321 9322 9323 9324
6509,318 319 320 321 322 11329 11330 11331 11332 11333
6510,3657 3658 3659 3660 3661 10383 10384 10385 10386 10387
6511,3050 3051 3052 3053 3054 3056 3057 3058 3059 3060
6512,1042 1043 1044 1045 1046 5619 5620 5621 5622 5623
6513,588 589 590 591 592 4296 4297 4298 4299 4300
6514,5241 5242 5243 5244 5245 14733 14734 14735 14736 14737
6515,1553 1554 1555 1556 1557 10374 10375 10376 10377 10378
6516,10816 10817 10818 10819 10820 13287 13288 13289 13290 13291
6517,3035 3036 3037 3038 3039 10899 10900 10901 10902 10903
6518,1196 1197 1198 1199 1200 5091 5092 5093 5094 5095
6519,5326 5327 5328 5329 5330 10918 10919 10920 10921 10922
6520,998 999 1000 1001 1002 13622 13623 13624 13625 13626
6521,1865 1866 1867 1868 1869 11814 11815 11816 11817 11818
6522,5248 5249 5250 5251 5252 14986 14987 14988 14989 14990
6523,269 270 271 272 273 15163 15164 15165 15166 15167
6524,44 45 46 47 48 14026 14027 14028 14029 14030
6525,2005 2006 2007 2008 2009 13955 13956 13957 13958 13959
6526,2876 2877 2878 2879 2880 13591 13592 13593 13594 13595
6527,33 34 35 36 37 13572 13573 13574 13575 13576
6528,2201 2202 2203 2204 2205 14719 14720 14721 14722 14723
6529,1182 1183 1184 1185 1186 15129 15130 15131 15132 15133
6530,632 633 634 635 636 14781 14782 14783 14784 14785
6531,48 49 50 51 52 15164 15165 15166 15167 15168
6532,1161 1162 1163 1164 1165 8527 8528 8529 8530 8531
6533,3803 3804 3805 3806 3807 11258 11259 11260 11261 11262
6534,1549 1550 1551 1552 1553 12471 12472 12473 12474 12475
6535,18 19 20 21 22 15165 15166 15167 15168 15169
6536,12615 12616 12617 12618 12619 14275 14276 14277 14278 14279
6537,9956 9957 9958 9959 9960 14957 14958 14959 14960 14961
6538,1362 1363 1364 1365 1366 2805 2806 2807 2808 2809
6539,77 78 79 80 81 8696 8697 8698 8699 8700
6540,1608 1609 1610 1611 1612 8949 8950 8951 8952 8953
6541,574 575 576 577 578 12024 12025 12026 12027 12028
6542,1791 1792 1793 1794 1795 12419 12420 12421 12422 12423
6543,11400 11401 11402 11403 11404 14137 14138 14139 14140 14141
6544,144 145 146 147 148 5582 5583 5584 5585 5586
6545,8125 8126 8127 8128 8129 15120 15121 15122 15123 15124
6546,9517 9518 9519 9520 9521 14362 14363 14364 14365 14366
6547,2736 2737 2738 2739 2740 12199 12200 12201 12202 12203
6548,228 229 230 231 232 15047 15048 15049 15050 15051
6549,2783 2784 2785 2786 2787 14378 14379 14380 14381 14382
6550,380 381 382 383 384 3145 3146 3147 3148 3149
6551,2592 2593 2594 2595 2596 14629 14630 14631 14632 14633
6552,6275 6276 6277 6278 6279 15167 15168 15169 15170 15171
6553,1539 1540 1541 1542 1543 14797 14798 14799 14800 14801
6554,3891 3892 3893 3894 3895 14771 14772 14773 14774 14775
6555,5560 5561 5562 5563 5564 14660 14661 14662 14663 14664
6556,1631 1632 1633 1634 1635 15168 15169 15170 15171 15172
6557,3477 3478 3479 3480 3481 5333 5334 5335 5336 5337
6558,0 1 2 3 4 14454 14455 14456 14457 14458
6559,7904 7905 7906 7907 7908 14784 14785 14786 14787 14788
6560,8290 8291 8292 8293 8294 14684 14685 14686 14687 14688
6561,1539 1540 1541 1542 1543 14023 14024 14025 14026 14027
6562,2005 2006 2007 2008 2009 11851 11852 11853 11854 11855
6563,8629 8630 8631 8632 8633 12275 12276 12277 12278 12279
6564,11194 11195 11196 11197 11198 13383 13384 13385 13386 13387
6565,2010 2011 2012 2013 2014 12749 12750 12751 12752 12753
6566,5552 5553 5554 5555 5556 14625 14626 14627 14628 14629
6567,2782 2783 2784 2785 2786 9351 9352 9353 9354 9355
6568,10451 10452 10453 10454 10455 13400 13401 13402 13403 13404
6569,5346 5347 5348 5349 5350 11144 11145 11146 11147 11148
6570,3796 3797 3798 3799 3800 13521 13522 13523 13524 13525
6571,15054 15055 15056 15057 15058 15169 15170 15171 15172 15173
6572,3047 3048 3049 3050 3051 15063 15064 15065 15066 15067
6573,4666 4667 4668 4669 4670 8576 8577 8578 8579 8580
6574,11115 11116 11117 11118 11119 13591 13592 13593 13594 13595
6575,1008 1009 1010 1011 1012 11533 11534 11535 11536 11537
6576,2940 2941 2942 2943 2944 11838 11839 11840 11841 11842
6577,8486 8487 8488 8489 8490 14893 14894 14895 14896 14897
6578,766 767 768 769 770 15030 15031 15032 15033 15034
6579,11368 11369 11370 11371 11372 11374 11375 11376 11377 11378
6580,1135 1136 1137 1138 1139 5536 5537 5538 5539 5540
6581,1527 1528 1529 1530 1531 14893 14894 14895 14896 14897
6582,866 867 868 869 870 11384 11385 11386 11387 11388
6583,282 283 284 285 286 14057 14058 14059 14060 14061
6584,4951 4952 4953 4954 4955 14636 14637 14638 14639 14640
6585,4421 4422 4423 4424 4425 15046 15047 15048 15049 15050
6586,6079 6080 6081 6082 6083 9835 9836 9837 9838 9839
6587,2954 2955 2956 2957 2958 15032 15033 15034 15035 15036
6588,35 36 37 38 39 10932 10933 10934 10935 10936
6589,2864 2865 2866 2867 2868 5448 5449 5450 5451 5452
6590,2305 2306 2307 2308 2309 14670 14671 14672 14673 14674
6591,7035 7036 7037 7038 7039 8660 8661 8662 8663 8664
6592,14379 14380 14381 14382 14383 14385 14386 14387 14388 14389
6593,687 688 689 690 691 15170 15171 15172 15173 15174
6594,2437 2438 2439 2440 2441 7655 7656 7657 7658 7659
6595,471 472 473 474 475 11974 11975 11976 11977 11978
6596,574 575 576 577 578 12534 12535 12536 12537 12538
6597,8 9 10 11 12 14892 14893 14894 14895 14896
6598,2609 2610 2611 2612 2613 8870 8871 8872 8873 8874
6599,4121 4122 4123 4124 4125 15172 15173 15174 15175 15176
6600,12845 12846 12847 12848 12849 12851 12852 12853 12854 12855
6601,1835 1836 1837 1838 1839 13215 13216 13217 13218 13219
6602,2700 2701 2702 2703 2704 8410 8411 8412 8413 8414
6603,1006 1007 1008 1009 1010 14270 14271 14272 14273 14274
6604,9401 9402 9403 9404 9405 14765 14766 14767 14768 14769
6605,14683 14684 14685 14686 14687 14888 14889 14890 14891 14892
6606,14882 14883 14884 14885 14886 14888 14889 14890 14891 14892
6607,628 629 630 631 632 10126 10127 10128 10129 10130
6608,1390 1391 1392 1393 1394 15001 15002 15003 15004 15005
6609,557 558 559 560 561 15173 15174 15175 15176 15177
6610,1056 1057 1058 1059 1060 12851 12852 12853 12854 12855
6611,73 74 75 76 77 9000 9001 9002 9003 9004
6612,5783 5784 5785 5786 5787 14672 14673 14674 14675 14676
6613,181 182 183 184 185 12910 12911 12912 12913 12914
6614,4951 4952 4953 4954 4955 14987 14988 14989 14990 14991
6615,4552 4553 4554 4555 4556 14997 14998 14999 15000 15001
6616,6897 6898 6899 6900 6901 9052 9053 9054 9055 9056
6617,2590 2591 2592 2593 2594 15010 15011 15012 15013 15014
6618,8451 8452 8453 8454 8455 15174 15175 15176 15177 15178
6619,9583 9584 9585 9586 9587 10170 10171 10172 10173 10174
6620,3396 3397 3398 3399 3400 5765 5766 5767 5768 5769
6621,15169 15170 15171 15172 15173 15175 15176 15177 15178 15179
6622,1704 1705 1706 1707 1708 7016 7017 7018 7019 7020
6623,7172 7173 7174 7175 7176 14888 14889 14890 14891 14892
6624,1527 1528 1529 1530 1531 15033 15034 15035 15036 15037
6625,168 169 170 171 172 14540 14541 14542 14543 14544
6626,121 122 123 124 125 14141 14142 14143 14144 14145
6627,1727 1728 1729 1730 1731 12145 12146 12147 12148 12149
6628,4442 4443 4444 4445 4446 14354 14355 14356 14357 14358
6629,4429 4430 4431 4432 4433 6952 6953 6954 6955 6956
6630,1385 1386 1387 1388 1389 1391 1392 1393 1394 1395
6631,5933 5934 5935 5936 5937 14705 14706 14707 14708 14709
6632,5933 5934 5935 5936 5937 10553 10554 10555 10556 10557
6633,5933 5934 5935 5936 5937 12322 12323 12324 12325 12326
6634,5933 5934 5935 5936 5937 11367 11368 11369 11370 11371
6635,5933 5934 5935 5936 5937 15176 15177 15178 15179 15180
6636,5933 5934 5935 5936 5937 12322 12323 12324 12325 12326
6637,1878 1879 1880 1881 1882 14497 14498 14499 14500 14501
6638,11361 11362 11363 11364 11365 13080 13081 13082 13083 13084
6639,14491 14492 14493 14494 14495 15176 15177 15178 15179 15180
6640,11361 11362 11363 11364 11365 14478 14479 14480 14481 14482
6641,14491 14492 14493 14494 14495 15176 15177 15178 15179 15180
6642,5262 5263 5264 5265 5266 14497 14498 14499 14500 14501
6643,11361 11362 11363 11364 11365 14497 14498 14499 14500 14501
6644,14141 14142 14143 14144 14145 15176 15177 15178 15179 15180
6645,989 990 991 992 993 11367 11368 11369 11370 11371
6646,15170 15171 15172 15173 15174 15176 15177 15178 15179 15180
6647,13880 13881 13882 13883 13884 14481 14482 14483 14484 14485
6648,6072 6073 6074 6075 6076 15177 15178 15179 15180 15181
6649,5261 5262 5263 5264 5265 14487 14488 14489 14490 14491
6650,5262 5263 5264 5265 5266 11367 11368 11369 11370 11371
6651,11361 11362 11363 11364 11365 14533 14534 14535 14536 14537
6652,11361 11362 11363 11364 11365 14492 14493 14494 14495 14496
6653,5262 5263 5264 5265 5266 10211 10212 10213 10214 10215
6654,11361 11362 11363 11364 11365 13698 13699 13700 13701 13702
6655,1176 1177 1178 1179 1180 11367 11368 11369 11370 11371
6656,687 688 689 690 691 11367 11368 11369 11370 11371
6657,3329 3330 3331 3332 3333 14914 14915 14916 14917 14918
6658,11361 11362 11363 11364 11365 14482 14483 14484 14485 14486
6659,14503 14504 14505 14506 14507 15178 15179 15180 15181 15182
6660,15139 15140 15141 15142 15143 15179 15180 15181 15182 15183
6661,2327 2328 2329 2330 2331 10553 10554 10555 10556 10557
6662,13952 13953 13954 13955 13956 15180 15181 15182 15183 15184
6663,4121 4122 4123 4124 4125 5171 5172 5173 5174 5175
6664,4011 4012 4013 4014 4015 14056 14057 14058 14059 14060
6665,11361 11362 11363 11364 11365 11367 11368 11369 11370 11371
6666,11361 11362 11363 11364 11365 11367 11368 11369 11370 11371
6667,11361 11362 11363 11364 11365 15176 15177 15178 15179 15180
6668,11361 11362 11363 11364 11365 15176 15177 15178 15179 15180
6669,6898 6899 6900 6901 6902 14487 14488 14489 14490 14491
6670,11361 11362 11363 11364 11365 11367 11368 11369 11370 11371
6671,6829 6830 6831 6832 6833 14486 14487 14488 14489 14490
6672,197 198 199 200 201 14898 14899 14900 14901 14902
6673,11361 11362 11363 11364 11365 11367 11368 11369 11370 11371
6674,11045 11046 11047 11048 11049 11367 11368 11369 11370 11371
6675,687 688 689 690 691 11367 11368 11369 11370 11371
6676,11361 11362 11363 11364 11365 11367 11368 11369 11370 11371
6677,11361 11362 11363 11364 11365 11367 11368 11369 11370 11371
6678,687 688 689 690 691 14492 14493 14494 14495 14496
6679,6462 6463 6464 6465 6466 11367 11368 11369 11370 11371
6680,11361 11362 11363 11364 11365 11367 11368 11369 11370 11371
6681,11361 11362 11363 11364 11365 14487 14488 14489 14490 14491
6682,11361 11362 11363 11364 11365 11367 11368 11369 11370 11371
6683,12845 12846 12847 12848 12849 14487 14488 14489 14490 14491
6684,3014 3015 3016 3017 3018 11060 11061 11062 11063 11064
6685,4340 4341 4342 4343 4344 12430 12431 12432 12433 12434
6686,7228 7229 7230 7231 7232 10659 10660 10661 10662 10663
6687,688 689 690 691 692 11406 11407 11408 11409 11410
6688,274 275 276 277 278 14960 14961 14962 14963 14964
6689,3793 3794 3795 3796 3797 11125 11126 11127 11128 11129
6690,8216 8217 8218 8219 8220 14836 14837 14838 14839 14840
6691,14559 14560 14561 14562 14563 15181 15182 15183 15184 15185
6692,2084 2085 2086 2087 2088 14234 14235 14236 14237 14238
6693,8559 8560 8561 8562 8563 14194 14195 14196 14197 14198
6694,14444 14445 14446 14447 14448 14556 14557 14558 14559 14560
6695,14550 14551 14552 14553 14554 14722 14723 14724 14725 14726
6696,3788 3789 3790 3791 3792 14942 14943 14944 14945 14946
6697,4186 4187 4188 4189 4190 15182 15183 15184 15185 15186
6698,4186 4187 4188 4189 4190 14163 14164 14165 14166 14167
6699,14161 14162 14163 14164 14165 14167 14168 14169 14170 14171
6700,14700 14701 14702 14703 14704 14707 14708 14709 14710 14711
6701,2386 2387 2388 2389 2390 12652 12653 12654 12655 12656
6702,8007 8008 8009 8010 8011 11735 11736 11737 11738 11739
6703,2593 2594 2595 2596 2597 15183 15184 15185 15186 15187
6704,771 772 773 774 775 11974 11975 11976 11977 11978
6705,4586 4587 4588 4589 4590 14717 14718 14719 14720 14721
6706,2913 2914 2915 2916 2917 10211 10212 10213 10214 10215
6707,4469 4470 4471 4472 4473 14228 14229 14230 14231 14232
6708,17 18 19 20 21 13837 13838 13839 13840 13841
6709,2632 2633 2634 2635 2636 14926 14927 14928 14929 14930
6710,7119 7120 7121 7122 7123 13913 13914 13915 13916 13917
6711,10110 10111 10112 10113 10114 14823 14824 14825 14826 14827
6712,1850 1851 1852 1853 1854 8445 8446 8447 8448 8449
6713,8138 8139 8140 8141 8142 14971 14972 14973 14974 14975
6714,8408 8409 8410 8411 8412 9056 9057 9058 9059 9060
6715,86 87 88 89 90 15185 15186 15187 15188 15189
6716,133 134 135 136 137 11486 11487 11488 11489 11490
6717,606 607 608 609 610 8336 8337 8338 8339 8340
6718,3543 3544 3545 3546 3547 8667 8668 8669 8670 8671
6719,4421 4422 4423 4424 4425 14164 14165 14166 14167 14168
6720,5704 5705 5706 5707 5708 14835 14836 14837 14838 14839
6721,1880 1881 1882 1883 1884 8324 8325 8326 8327 8328
6722,14948 14949 14950 14951 14952 15186 15187 15188 15189 15190
6723,12870 12871 12872 12873 12874 12876 12877 12878 12879 12880
6724,5011 5012 5013 5014 5015 14528 14529 14530 14531 14532
6725,6775 6776 6777 6778 6779 9804 9805 9806 9807 9808
6726,14090 14091 14092 14093 14094 15027 15028 15029 15030 15031
6727,605 606 607 608 609 6510 6511 6512 6513 6514
6728,11549 11550 11551 11552 11553 13925 13926 13927 13928 13929
6729,687 688 689 690 691 14137 14138 14139 14140 14141
6730,13887 13888 13889 13890 13891 13944 13945 13946 13947 13948
6731,6617 6618 6619 6620 6621 15187 15188 15189 15190 15191
6732,11397 11398 11399 11400 11401 14209 14210 14211 14212 14213
6733,8011 8012 8013 8014 8015 15071 15072 15073 15074 15075
6734,6609 6610 6611 6612 6613 14503 14504 14505 14506 14507
6735,8403 8404 8405 8406 8407 14971 14972 14973 14974 14975
6736,14460 14461 14462 14463 14464 15188 15189 15190 15191 15192
6737,640 641 642 643 644 9229 9230 9231 9232 9233
6738,8002 8003 8004 8005 8006 8134 8135 8136 8137 8138
6739,4445 4446 4447 4448 4449 15189 15190 15191 15192 15193
6740,13260 13261 13262 13263 13264 15187 15188 15189 15190 15191
6741,5347 5348 5349 5350 5351 14009 14010 14011 14012 14013
6742,7251 7252 7253 7254 7255 14210 14211 14212 14213 14214
6743,1375 1376 1377 1378 1379 6762 6763 6764 6765 6766
6744,1374 1375 1376 1377 1378 13208 13209 13210 13211 13212
6745,7251 7252 7253 7254 7255 13209 13210 13211 13212 13213
6746,3014 3015 3016 3017 3018 3020 3021 3022 3023 3024
6747,8140 8141 8142 8143 8144 14960 14961 14962 14963 14964
6748,13345 13346 13347 13348 13349 14564 14565 14566 14567 14568
6749,5481 5482 5483 5484 5485 6623 6624 6625 6626 6627
6750,6986 6987 6988 6989 6990 14214 14215 14216 14217 14218
6751,3766 3767 3768 3769 3770 14518 14519 14520 14521 14522
6752,5783 5784 5785 5786 5787 12475 12476 12477 12478 12479
6753,2144 2145 2146 2147 2148 10787 10788 10789 10790 10791
6754,11627 11628 11629 11630 11631 15190 15191 15192 15193 15194
6755,10006 10007 10008 10009 10010 14668 14669 14670 14671 14672
6756,1106 1107 1108 1109 1110 14529 14530 14531 14532 14533
6757,6947 6948 6949 6950 6951 15173 15174 15175 15176 15177
6758,6511 6512 6513 6514 6515 8915 8916 8917 8918 8919
6759,6882 6883 6884 6885 6886 7254 7255 7256 7257 7258
6760,1840 1841 1842 1843 1844 15190 15191 15192 15193 15194
6761,13383 13384 13385 13386 13387 13389 13390 13391 13392 13393
6762,735 736 737 738 739 15191 15192 15193 15194 15195
6763,8994 8995 8996 8997 8998 9000 9001 9002 9003 9004
6764,8612 8613 8614 8615 8616 14036 14037 14038 14039 14040
6765,254 255 256 257 258 14661 14662 14663 14664 14665
6766,12845 12846 12847 12848 12849 14712 14713 14714 14715 14716
6767,1689 1690 1691 1692 1693 14884 14885 14886 14887 14888
6768,5712 5713 5714 5715 5716 13180 13181 13182 13183 13184
6769,1495 1496 1497 1498 1499 14705 14706 14707 14708 14709
6770,12845 12846 12847 12848 12849 14539 14540 14541 14542 14543
6771,7714 7715 7716 7717 7718 14887 14888 14889 14890 14891
6772,5967 5968 5969 5970 5971 15192 15193 15194 15195 15196
6773,852 853 854 855 856 1902 1903 1904 1905 1906
6774,12845 12846 12847 12848 12849 12851 12852 12853 12854 12855
6775,10164 10165 10166 10167 10168 15193 15194 15195 15196 15197
6776,13127 13128 13129 13130 13131 14330 14331 14332 14333 14334
6777,14533 14534 14535 14536 14537 14539 14540 14541 14542 14543
6778,8423 8424 8425 8426 8427 15194 15195 15196 15197 15198
6779,1122 1123 1124 1125 1126 8398 8399 8400 8401 8402
6780,87 88 89 90 91 15135 15136 15137 15138 15139
6781,88 89 90 91 92 14619 14620 14621 14622 14623
6782,5018 5019 5020 5021 5022 12484 12485 12486 12487 12488
6783,12845 12846 12847 12848 12849 14939 14940 14941 14942 14943
6784,10210 10211 10212 10213 10214 14321 14322 14323 14324 14325
6785,5102 5103 5104 5105 5106 11669 11670 11671 11672 11673
6786,337 338 339 340 341 8375 8376 8377 8378 8379
6787,3208 3209 3210 3211 3212 14621 14622 14623 14624 14625
6788,11021 11022 11023 11024 11025 14566 14567 14568 14569 14570
6789,53 54 55 56 57 59 60 61 62 63
6790,101 102 103 104 105 15075 15076 15077 15078 15079
6791,8994 8995 8996 8997 8998 14321 14322 14323 14324 14325
6792,144 145 146 147 148 10922 10923 10924 10925 10926
6793,3611 3612 3613 3614 3615 3618 3619 3620 3621 3622
6794,1899 1900 1901 1902 1903 14975 14976 14977 14978 14979
6795,9051 9052 9053 9054 9055 14905 14906 14907 14908 14909
6796,14280 14281 14282 14283 14284 15174 15175 15176 15177 15178
6797,1692 1693 1694 1695 1696 8460 8461 8462 8463 8464
6798,687 688 689 690 691 13898 13899 13900 13901 13902
6799,4374 4375 4376 4377 4378 15195 15196 15197 15198 15199
6800,1853 1854 1855 1856 1857 15196 15197 15198 15199 15200
6801,1853 1854 1855 1856 1857 15196 15197 15198 15199 15200
6802,86 87 88 89 90 12712 12713 12714 12715 12716
6803,1853 1854 1855 1856 1857 13898 13899 13900 13901 13902
6804,687 688 689 690 691 15197 15198 15199 15200 15201
6805,2008 2009 2010 2011 2012 13897 13898 13899 13900 13901
6806,2419 2420 2421 2422 2423 9699 9700 9701 9702 9703
6807,5678 5679 5680 5681 5682 14562 14563 14564 14565 14566
6808,709 710 711 712 713 11308 11309 11310 11311 11312
6809,12836 12837 12838 12839 12840 14075 14076 14077 14078 14079
6810,15055 15056 15057 15058 15059 15135 15136 15137 15138 15139
6811,2103 2104 2105 2106 2107 6623 6624 6625 6626 6627
6812,6617 6618 6619 6620 6621 7003 7004 7005 7006 7007
6813,6966 6967 6968 6969 6970 15078 15079 15080 15081 15082
6814,13648 13649 13650 13651 13652 15198 15199 15200 15201 15202
6815,1217 1218 1219 1220 1221 11712 11713 11714 11715 11716
6816,108 109 110 111 112 13700 13701 13702 13703 13704
6817,5105 5106 5107 5108 5109 9221 9222 9223 9224 9225
6818,768 769 770 771 772 10415 10416 10417 10418 10419
6819,6997 6998 6999 7000 7001 14912 14913 14914 14915 14916
6820,6997 6998 6999 7000 7001 14912 14913 14914 14915 14916
6821,4586 4587 4588 4589 4590 12838 12839 12840 12841 12842
6822,7266 7267 7268 7269 7270 12084 12085 12086 12087 12088
6823,625 626 627 628 629 12548 12549 12550 12551 12552
6824,10023 10024 10025 10026 10027 15199 15200 15201 15202 15203
6825,4593 4594 4595 4596 4597 9667 9668 9669 9670 9671
6826,7224 7225 7226 7227 7228 15200 15201 15202 15203 15204
6827,7452 7453 7454 7455 7456 12060 12061 12062 12063 12064
6828,7331 7332 7333 7334 7335 15109 15110 15111 15112 15113
6829,53 54 55 56 57 59 60 61 62 63
6830,766 767 768 769 770 772 773 774 775 776
6831,8267 8268 8269 8270 8271 14494 14495 14496 14497 14498
6832,10195 10196 10197 10198 10199 14566 14567 14568 14569 14570
6833,2591 2592 2593 2594 2595 15203 15204 15205 15206 15207
6834,2673 2674 2675 2676 2677 14694 14695 14696 14697 14698
6835,5783 5784 5785 5786 5787 10987 10988 10989 10990 10991
6836,8402 8403 8404 8405 8406 10496 10497 10498 10499 10500
6837,3796 3797 3798 3799 3800 14442 14443 14444 14445 14446
6838,15198 15199 15200 15201 15202 15204 15205 15206 15207 15208
6839,3056 3057 3058 3059 3060 15004 15005 15006 15007 15008
6840,9047 9048 9049 9050 9051 12016 12017 12018 12019 12020
6841,14204 14205 14206 14207 14208 14597 14598 14599 14600 14601
6842,13675 13676 13677 13678 13679 14597 14598 14599 14600 14601
6843,14204 14205 14206 14207 14208 14597 14598 14599 14600 14601
6844,11544 11545 11546 11547 11548 11550 11551 11552 11553 11554
6845,3056 3057 3058 3059 3060 14841 14842 14843 14844 14845
6846,466 467 468 469 470 14587 14588 14589 14590 14591
6847,606 607 608 609 610 6826 6827 6828 6829 6830
6848,7308 7309 7310 7311 7312 15205 15206 15207 15208 15209
6849,5371 5372 5373 5374 5375 11759 11760 11761 11762 11763
6850,1495 1496 1497 1498 1499 15206 15207 15208 15209 15210
6851,3739 3740 3741 3742 3743 3745 3746 3747 3748 3749
6852,5217 5218 5219 5220 5221 12278 12279 12280 12281 12282
6853,645 646 647 648 649 3289 3290 3291 3292 3293
6854,848 849 850 851 852 6051 6052 6053 6054 6055
6855,6334 6335 6336 6337 6338 14364 14365 14366 14367 14368
6856,5522 5523 5524 5525 5526 15208 15209 15210 15211 15212
6857,3533 3534 3535 3536 3537 12544 12545 12546 12547 12548
6858,2438 2439 2440 2441 2442 15210 15211 15212 15213 15214
6859,229 230 231 232 233 11088 11089 11090 11091 11092
6860,179 180 181 182 183 12051 12052 12053 12054 12055
6861,1470 1471 1472 1473 1474 15211 15212 15213 15214 15215
6862,10519 10520 10521 10522 10523 12585 12586 12587 12588 12589
6863,11266 11267 11268 11269 11270 15089 15090 15091 15092 15093
6864,656 657 658 659 660 10906 10907 10908 10909 10910
6865,661 662 663 664 665 10471 10472 10473 10474 10475
6866,5238 5239 5240 5241 5242 11358 11359 11360 11361 11362
6867,1982 1983 1984 1985 1986 9459 9460 9461 9462 9463
6868,759 760 761 762 763 14968 14969 14970 14971 14972
6869,70 71 72 73 74 15216 15217 15218 15219 15220
6870,3888 3889 3890 3891 3892 15188 15189 15190 15191 15192
6871,12792 12793 12794 12795 12796 15217 15218 15219 15220 15221
6872,996 997 998 999 1000 2877 2878 2879 2880 2881
6873,2994 2995 2996 2997 2998 9194 9195 9196 9197 9198
6874,1350 1351 1352 1353 1354 14284 14285 14286 14287 14288
6875,41 42 43 44 45 14389 14390 14391 14392 14393
6876,4980 4981 4982 4983 4984 11045 11046 11047 11048 11049
6877,968 969 970 971 972 9533 9534 9535 9536 9537
6878,2804 2805 2806 2807 2808 10276 10277 10278 10279 10280
6879,1146 1147 1148 1149 1150 15050 15051 15052 15053 15054
6880,272 273 274 275 276 13131 13132 13133 13134 13135
6881,555 556 557 558 559 3843 3844 3845 3846 3847
6882,108 109 110 111 112 7124 7125 7126 7127 7128
6883,501 502 503 504 505 1944 1945 1946 1947 1948
6884,96 97 98 99 100 3220 3221 3222 3223 3224
6885,8520 8521 8522 8523 8524 15221 15222 15223 15224 15225
6886,6545 6546 6547 6548 6549 10193 10194 10195 10196 10197
6887,1527 1528 1529 1530 1531 14360 14361 14362 14363 14364
6888,10080 10081 10082 10083 10084 14771 14772 14773 14774 14775
6889,1312 1313 1314 1315 1316 15221 15222 15223 15224 15225
6890,696 697 698 699 700 12213 12214 12215 12216 12217
6891,3143 3144 3145 3146 3147 15223 15224 15225 15226 15227
6892,1978 1979 1980 1981 1982 11869 11870 11871 11872 11873
6893,14347 14348 14349 14350 14351 14753 14754 14755 14756 14757
6894,1754 1755 1756 1757 1758 9716 9717 9718 9719 9720
6895,3342 3343 3344 3345 3346 10501 10502 10503 10504 10505
6896,2609 2610 2611 2612 2613 15225 15226 15227 15228 15229
6897,542 543 544 545 546 11714 11715 11716 11717 11718
6898,171 172 173 174 175 7698 7699 7700 7701 7702
6899,1206 1207 1208 1209 1210 13393 13394 13395 13396 13397
6900,1952 1953 1954 1955 1956 4453 4454 4455 4456 4457
6901,15220 15221 15222 15223 15224 15226 15227 15228 15229 15230
6902,989 990 991 992 993 15093 15094 15095 15096 15097
6903,606 607 608 609 610 9782 9783 9784 9785 9786
6904,1944 1945 1946 1947 1948 9061 9062 9063 9064 9065
6905,1527 1528 1529 1530 1531 13330 13331 13332 13333 13334
6906,2399 2400 2401 2402 2403 14642 14643 14644 14645 14646
6907,1340 1341 1342 1343 1344 11822 11823 11824 11825 11826
6908,3608 3609 3610 3611 3612 13784 13785 13786 13787 13788
6909,14981 14982 14983 14984 14985 14987 14988 14989 14990 14991
6910,415 416 417 418 419 13049 13050 13051 13052 13053
6911,6617 6618 6619 6620 6621 14890 14891 14892 14893 14894
6912,109 110 111 112 113 14934 14935 14936 14937 14938
6913,764 765 766 767 768 7681 7682 7683 7684 7685
6914,279 280 281 282 283 13536 13537 13538 13539 13540
6915,96 97 98 99 100 15227 15228 15229 15230 15231
6916,240 241 242 243 244 11986 11987 11988 11989 11990
6917,13434 13435 13436 13437 13438 13851 13852 13853 13854 13855
6918,5573 5574 5575 5576 5577 5580 5581 5582 5583 5584
6919,13403 13404 13405 13406 13407 13973 13974 13975 13976 13977
6920,1854 1855 1856 1857 1858 1861 1862 1863 1864 1865
6921,461 462 463 464 465 10295 10296 10297 10298 10299
6922,1751 1752 1753 1754 1755 9314 9315 9316 9317 9318
6923,221 222 223 224 225 5503 5504 5505 5506 5507
6924,810 811 812 813 814 8071 8072 8073 8074 8075
6925,33 34 35 36 37 15228 15229 15230 15231 15232
6926,11038 11039 11040 11041 11042 13070 13071 13072 13073 13074
6927,7526 7527 7528 7529 7530 8738 8739 8740 8741 8742
6928,3937 3938 3939 3940 3941 7395 7396 7397 7398 7399
6929,41 42 43 44 45 2961 2962 2963 2964 2965
6930,330 331 332 333 334 14858 14859 14860 14861 14862
6931,48 49 50 51 52 15229 15230 15231 15232 15233
6932,8489 8490 8491 8492 8493 15044 15045 15046 15047 15048
6933,700 701 702 703 704 12942 12943 12944 12945 12946
6934,62 63 64 65 66 10548 10549 10550 10551 10552
6935,1539 1540 1541 1542 1543 3333 3334 3335 3336 3337
6936,2828 2829 2830 2831 2832 15166 15167 15168 15169 15170
6937,15002 15003 15004 15005 15006 15205 15206 15207 15208 15209
6938,1023 1024 1025 1026 1027 8703 8704 8705 8706 8707
6939,378 379 380 381 382 15230 15231 15232 15233 15234
6940,1527 1528 1529 1530 1531 14325 14326 14327 14328 14329
6941,1834 1835 1836 1837 1838 10279 10280 10281 10282 10283
6942,100 101 102 103 104 15013 15014 15015 15016 15017
6943,5441 5442 5443 5444 5445 9966 9967 9968 9969 9970
6944,687 688 689 690 691 14942 14943 14944 14945 14946
6945,734 735 736 737 738 15231 15232 15233 15234 15235
6946,5104 5105 5106 5107 5108 14882 14883 14884 14885 14886
6947,3107 3108 3109 3110 3111 6911 6912 6913 6914 6915
6948,1314 1315 1316 1317 1318 1780 1781 1782 1783 1784
6949,1893 1894 1895 1896 1897 15233 15234 15235 15236 15237
6950,5691 5692 5693 5694 5695 12520 12521 12522 12523 12524
6951,8959 8960 8961 8962 8963 15006 15007 15008 15009 15010
6952,4835 4836 4837 4838 4839 13315 13316 13317 13318 13319
6953,1458 1459 1460 1461 1462 15228 15229 15230 15231 15232
6954,15228 15229 15230 15231 15232 15235 15236 15237 15238 15239
6955,13096 13097 13098 13099 13100 15236 15237 15238 15239 15240
6956,7065 7066 7067 7068 7069 7101 7102 7103 7104 7105
6957,228 229 230 231 232 9500 9501 9502 9503 9504
6958,218 219 220 221 222 5525 5526 5527 5528 5529
6959,8887 8888 8889 8890 8891 11881 11882 11883 11884 11885
6960,7855 7856 7857 7858 7859 14179 14180 14181 14182 14183
6961,2871 2872 2873 2874 2875 14157 14158 14159 14160 14161
6962,6756 6757 6758 6759 6760 12949 12950 12951 12952 12953
6963,3481 3482 3483 3484 3485 13557 13558 13559 13560 13561
6964,7009 7010 7011 7012 7013 7016 7017 7018 7019 7020
6965,9417 9418 9419 9420 9421 13558 13559 13560 13561 13562
6966,406 407 408 409 410 14948 14949 14950 14951 14952
6967,1006 1007 1008 1009 1010 13982 13983 13984 13985 13986
6968,77 78 79 80 81 12430 12431 12432 12433 12434
6969,12623 12624 12625 12626 12627 14340 14341 14342 14343 14344
6970,2707 2708 2709 2710 2711 4315 4316 4317 4318 4319
6971,9764 9765 9766 9767 9768 15168 15169 15170 15171 15172
6972,9303 9304 9305 9306 9307 15157 15158 15159 15160 15161
6973,4705 4706 4707 4708 4709 13457 13458 13459 13460 13461
6974,5185 5186 5187 5188 5189 14287 14288 14289 14290 14291
6975,879 880 881 882 883 11150 11151 11152 11153 11154
6976,253 254 255 256 257 12321 12322 12323 12324 12325
6977,12758 12759 12760 12761 12762 15055 15056 15057 15058 15059
6978,148 149 150 151 152 12106 12107 12108 12109 12110
6979,35 36 37 38 39 12421 12422 12423 12424 12425
6980,341 342 343 344 345 4296 4297 4298 4299 4300
6981,8291 8292 8293 8294 8295 15157 15158 15159 15160 15161
6982,4738 4739 4740 4741 4742 10997 10998 10999 11000 11001
6983,12435 12436 12437 12438 12439 14081 14082 14083 14084 14085
6984,1368 1369 1370 1371 1372 10538 10539 10540 10541 10542
6985,620 621 622 623 624 12785 12786 12787 12788 12789
6986,306 307 308 309 310 14077 14078 14079 14080 14081
6987,2736 2737 2738 2739 2740 11880 11881 11882 11883 11884
6988,4650 4651 4652 4653 4654 11372 11373 11374 11375 11376
6989,2204 2205 2206 2207 2208 11953 11954 11955 11956 11957
6990,1315 1316 1317 1318 1319 11724 11725 11726 11727 11728
6991,1016 1017 1018 1019 1020 12191 12192 12193 12194 12195
6992,6401 6402 6403 6404 6405 9131 9132 9133 9134 9135
6993,2227 2228 2229 2230 2231 12783 12784 12785 12786 12787
6994,6659 6660 6661 6662 6663 14291 14292 14293 14294 14295
6995,2864 2865 2866 2867 2868 12333 12334 12335 12336 12337
6996,325 326 327 328 329 12544 12545 12546 12547 12548
6997,1178 1179 1180 1181 1182 6774 6775 6776 6777 6778
6998,4131 4132 4133 4134 4135 8166 8167 8168 8169 8170
6999,502 503 504 505 506 7370 7371 7372 7373 7374
7000,1955 1956 1957 1958 1959 13366 13367 13368 13369 13370
7001,4128 4129 4130 4131 4132 15239 15240 15241 15242 15243
7002,1368 1369 1370 1371 1372 2759 2760 2761 2762 2763
7003,1317 1318 1319 1320 1321 13985 13986 13987 13988 13989
7004,2366 2367 2368 2369 2370 6363 6364 6365 6366 6367
7005,2370 2371 2372 2373 2374 13879 13880 13881 13882 13883
7006,1679 1680 1681 1682 1683 13140 13141 13142 13143 13144
7007,5684 5685 5686 5687 5688 12378 12379 12380 12381 12382
7008,1064 1065 1066 1067 1068 14662 14663 14664 14665 14666
7009,3819 3820 3821 3822 3823 14315 14316 14317 14318 14319
7010,349 350 351 352 353 14057 14058 14059 14060 14061
7011,432 433 434 435 436 12552 12553 12554 12555 12556
7012,1716 1717 1718 1719 1720 12076 12077 12078 12079 12080
7013,162 163 164 165 166 1453 1454 1455 1456 1457
7014,269 270 271 272 273 15163 15164 15165 15166 15167
7015,35 36 37 38 39 14871 14872 14873 14874 14875
7016,607 608 609 610 611 14718 14719 14720 14721 14722
7017,2864 2865 2866 2867 2868 7428 7429 7430 7431 7432
7018,2337 2338 2339 2340 2341 12580 12581 12582 12583 12584
7019,9160 9161 9162 9163 9164 13416 13417 13418 13419 13420
7020,883 884 885 886 887 12424 12425 12426 12427 12428
7021,3086 3087 3088 3089 3090 13843 13844 13845 13846 13847
7022,1131 1132 1133 1134 1135 7216 7217 7218 7219 7220
7023,3050 3051 3052 3053 3054 15227 15228 15229 15230 15231
7024,12751 12752 12753 12754 12755 13591 13592 13593 13594 13595
7025,238 239 240 241 242 10619 10620 10621 10622 10623
7026,5419 5420 5421 5422 5423 7134 7135 7136 7137 7138
7027,3453 3454 3455 3456 3457 11799 11800 11801 11802 11803
7028,1001 1002 1003 1004 1005 7218 7219 7220 7221 7222
7029,1793 1794 1795 1796 1797 8048 8049 8050 8051 8052
7030,1158 1159 1160 1161 1162 8350 8351 8352 8353 8354
7031,8704 8705 8706 8707 8708 12115 12116 12117 12118 12119
7032,1286 1287 1288 1289 1290 12107 12108 12109 12110 12111
7033,1101 1102 1103 1104 1105 14121 14122 14123 14124 14125
7034,403 404 405 406 407 15097 15098 15099 15100 15101
7035,41 42 43 44 45 12693 12694 12695 12696 12697
7036,2832 2833 2834 2835 2836 9341 9342 9343 9344 9345
7037,6929 6930 6931 6932 6933 14132 14133 14134 14135 14136
7038,0 1 2 8196 8197 8198 8199 8200
7039,2370 2371 2372 2373 2374 4061 4062 4063 4064 4065
7040,44 45 46 47 48 2499 2500 2501 2502 2503
7041,2357 2358 2359 2360 2361 14521 14522 14523 14524 14525
7042,1315 1316 1317 1318 1319 12377 12378 12379 12380 12381
7043,635 636 637 638 639 15006 15007 15008 15009 15010
7044,8586 8587 8588 8589 8590 9000 9001 9002 9003 9004
7045,5493 5494 5495 5496 5497 9922 9923 9924 9925 9926
7046,606 607 608 609 610 10484 10485 10486 10487 10488
7047,3066 3067 3068 3069 3070 12513 12514 12515 12516 12517
7048,2272 2273 2274 2275 2276 11467 11468 11469 11470 11471
7049,7437 7438 7439 7440 7441 14802 14803 14804 14805 14806
7050,358 359 360 361 362 15155 15156 15157 15158 15159
7051,4575 4576 4577 4578 4579 13854 13855 13856 13857 13858
7052,12900 12901 12902 12903 12904 12907 12908 12909 12910 12911
7053,0 1 2 3 11159 11160 11161 11162 11163
7054,7244 7245 7246 7247 7248 15200 15201 15202 15203 15204
7055,6347 6348 6349 6350 6351 13008 13009 13010 13011 13012
7056,4127 4128 4129 4130 4131 7058 7059 7060 7061 7062
7057,1524 1525 1526 1527 1528 3465 3466 3467 3468 3469
7058,1161 1162 1163 1164 1165 14713 14714 14715 14716 14717
7059,2815 2816 2817 2818 2819 14085 14086 14087 14088 14089
7060,399 400 401 402 403 11123 11124 11125 11126 11127
7061,1524 1525 1526 1527 1528 11122 11123 11124 11125 11126
7062,1524 1525 1526 1527 1528 14600 14601 14602 14603 14604
7063,399 400 401 402 403 3466 3467 3468 3469 3470
7064,2229 2230 2231 2232 2233 11645 11646 11647 11648 11649
7065,201 202 203 204 205 11324 11325 11326 11327 11328
7066,4748 4749 4750 4751 4752 11872 11873 11874 11875 11876
7067,2709 2710 2711 2712 2713 15241 15242 15243 15244 15245
7068,13993 13994 13995 13996 13997 14138 14139 14140 14141 14142
7069,2799 2800 2801 2802 2803 13023 13024 13025 13026 13027
7070,1214 1215 1216 1217 1218 8287 8288 8289 8290 8291
7071,18 19 20 21 22 13977 13978 13979 13980 13981
7072,8018 8019 8020 8021 8022 15242 15243 15244 15245 15246
7073,202 203 204 205 206 4713 4714 4715 4716 4717
7074,184 185 186 187 188 5859 5860 5861 5862 5863
7075,2436 2437 2438 2439 2440 12764 12765 12766 12767 12768
7076,722 723 724 725 726 728 729 730 731 732
7077,4202 4203 4204 4205 4206 13725 13726 13727 13728 13729
7078,114 115 116 117 118 11700 11701 11702 11703 11704
7079,3388 3389 3390 3391 3392 15243 15244 15245 15246 15247
7080,2285 2286 2287 2288 2289 15244 15245 15246 15247 15248
7081,1186 1187 1188 1189 1190 9073 9074 9075 9076 9077
7082,8371 8372 8373 8374 8375 8377 8378 8379 8380 8381
7083,1779 1780 1781 1782 1783 10105 10106 10107 10108 10109
7084,735 736 737 738 739 12018 12019 12020 12021 12022
7085,3481 3482 3483 3484 3485 13283 13284 13285 13286 13287
7086,711 712 713 714 715 13598 13599 13600 13601 13602
7087,764 765 766 767 768 3710 3711 3712 3713 3714
7088,496 497 498 499 500 14415 14416 14417 14418 14419
7089,96 97 98 99 100 13914 13915 13916 13917 13918
7090,461 462 463 464 465 12667 12668 12669 12670 12671
7091,11545 11546 11547 11548 11549 14711 14712 14713 14714 14715
7092,3343 3344 3345 3346 3347 13042 13043 13044 13045 13046
7093,1535 1536 1537 1538 1539 13195 13196 13197 13198 13199
7094,9794 9795 9796 9797 9798 15243 15244 15245 15246 15247
7095,2498 2499 2500 2501 2502 6915 6916 6917 6918 6919
7096,3887 3888 3889 3890 3891 14893 14894 14895 14896 14897
7097,11115 11116 11117 11118 11119 11121 11122 11123 11124 11125
7098,11932 11933 11934 11935 11936 15099 15100 15101 15102 15103
7099,1158 1159 1160 1161 1162 8482 8483 8484 8485 8486
7100,606 607 608 609 610 11940 11941 11942 11943 11944
7101,6646 6647 6648 6649 6650 12022 12023 12024 12025 12026
7102,116 117 118 119 120 12361 12362 12363 12364 12365
7103,5509 5510 5511 5512 5513 15164 15165 15166 15167 15168
7104,5668 5669 5670 5671 5672 14237 14238 14239 14240 14241
7105,1048 1049 1050 1051 1052 6109 6110 6111 6112 6113
7106,2281 2282 2283 2284 2285 15059 15060 15061 15062 15063
7107,3014 3015 3016 3017 3018 9056 9057 9058 9059 9060
7108,1393 1394 1395 1396 1397 12023 12024 12025 12026 12027
7109,4004 4005 4006 4007 4008 13146 13147 13148 13149 13150
7110,40 41 42 43 44 14299 14300 14301 14302 14303
7111,2074 2075 2076 2077 2078 9681 9682 9683 9684 9685
7112,7906 7907 7908 7909 7910 12670 12671 12672 12673 12674
7113,1349 1350 1351 1352 1353 11988 11989 11990 11991 11992
7114,4417 4418 4419 4420 4421 13809 13810 13811 13812 13813
7115,5205 5206 5207 5208 5209 14535 14536 14537 14538 14539
7116,14784 14785 14786 14787 14788 15199 15200 15201 15202 15203
7117,2948 2949 2950 2951 2952 6333 6334 6335 6336 6337
7118,7066 7067 7068 7069 7070 14348 14349 14350 14351 14352
7119,78 79 80 81 82 4443 4444 4445 4446 4447
7120,777 778 779 780 781 10743 10744 10745 10746 10747
7121,83 84 85 86 87 11975 11976 11977 11978 11979
7122,2609 2610 2611 2612 2613 13702 13703 13704 13705 13706
7123,915 916 917 918 919 10865 10866 10867 10868 10869
7124,8841 8842 8843 8844 8845 12436 12437 12438 12439 12440
7125,10959 10960 10961 10962 10963 10965 10966 10967 10968 10969
7126,40 41 42 43 44 9884 9885 9886 9887 9888
7127,2098 2099 2100 2101 2102 12168 12169 12170 12171 12172
7128,2423 2424 2425 2426 2427 6221 6222 6223 6224 6225
7129,23 24 25 26 27 13413 13414 13415 13416 13417
7130,235 236 237 238 239 12942 12943 12944 12945 12946
7131,2785 2786 2787 2788 2789 8554 8555 8556 8557 8558
7132,2214 2215 2216 2217 2218 9495 9496 9497 9498 9499
7133,1006 1007 1008 1009 1010 14752 14753 14754 14755 14756
7134,866 867 868 869 870 10763 10764 10765 10766 10767
7135,4928 4929 4930 4931 4932 9693 9694 9695 9696 9697
7136,69 70 71 72 73 9771 9772 9773 9774 9775
7137,643 644 645 646 647 11273 11274 11275 11276 11277
7138,12464 12465 12466 12467 12468 12470 12471 12472 12473 12474
7139,2606 2607 2608 2609 2610 12269 12270 12271 12272 12273
7140,556 557 558 559 560 14994 14995 14996 14997 14998
7141,1314 1315 1316 1317 1318 6363 6364 6365 6366 6367
7142,2991 2992 2993 2994 2995 11627 11628 11629 11630 11631
7143,9095 9096 9097 9098 9099 15134 15135 15136 15137 15138
7144,80 81 82 83 84 14897 14898 14899 14900 14901
7145,43 44 45 46 47 14535 14536 14537 14538 14539
7146,14981 14982 14983 14984 14985 15247 15248 15249 15250 15251
7147,245 246 247 248 249 11588 11589 11590 11591 11592
7148,979 980 981 982 983 3708 3709 3710 3711 3712
7149,41 42 43 44 45 14980 14981 14982 14983 14984
7150,2659 2660 2661 2662 2663 13161 13162 13163 13164 13165
7151,3014 3015 3016 3017 3018 13017 13018 13019 13020 13021
7152,14378 14379 14380 14381 14382 14384 14385 14386 14387 14388
7153,1250 1251 1252 1253 1254 1256 1257 1258 1259 1260
7154,96 97 98 99 100 15234 15235 15236 15237 15238
7155,4783 4784 4785 4786 4787 15206 15207 15208 15209 15210
7156,53 54 55 56 57 15073 15074 15075 15076 15077
7157,912 913 914 915 916 13848 13849 13850 13851 13852
7158,2510 2511 2512 2513 2514 13264 13265 13266 13267 13268
7159,3090 3091 3092 3093 3094 12361 12362 12363 12364 12365
7160,4548 4549 4550 4551 4552 7449 7450 7451 7452 7453
7161,9204 9205 9206 9207 9208 14921 14922 14923 14924 14925
7162,735 736 737 738 739 14867 14868 14869 14870 14871
7163,54 55 56 57 58 14978 14979 14980 14981 14982
7164,53 54 55 56 57 59 60 61 62 63
7165,73 74 75 76 77 14869 14870 14871 14872 14873
7166,3555 3556 3557 3558 3559 11932 11933 11934 11935 11936
7167,15076 15077 15078 15079 15080 15082 15083 15084 15085 15086
7168,106 107 108 109 110 11062 11063 11064 11065 11066
7169,606 607 608 609 610 14548 14549 14550 14551 14552
7170,2734 2735 2736 2737 2738 10160 10161 10162 10163 10164
7171,14538 14539 14540 14541 14542 15008 15009 15010 15011 15012
7172,1362 1363 1364 1365 1366 1368 1369 1370 1371 1372
7173,923 924 925 926 927 11303 11304 11305 11306 11307
7174,15006 15007 15008 15009 15010 15023 15024 15025 15026 15027
7175,74 75 76 77 78 14841 14842 14843 14844 14845
7176,3606 3607 3608 3609 3610 13784 13785 13786 13787 13788
7177,12872 12873 12874 12875 12876 15248 15249 15250 15251 15252
7178,2370 2371 2372 2373 2374 9304 9305 9306 9307 9308
7179,7123 7124 7125 7126 7127 9000 9001 9002 9003 9004
7180,53 54 55 56 57 59 60 61 62 63
7181,2772 2773 2774 2775 2776 7698 7699 7700 7701 7702
7182,40 41 42 43 44 12187 12188 12189 12190 12191
7183,3063 3064 3065 3066 3067 8736 8737 8738 8739 8740
7184,6101 6102 6103 6104 6105 15249 15250 15251 15252 15253
7185,735 736 737 738 739 12085 12086 12087 12088 12089
7186,3050 3051 3052 3053 3054 3056 3057 3058 3059 3060
7187,11121 11122 11123 11124 11125 13389 13390 13391 13392 13393
7188,996 997 998 999 1000 10194 10195 10196 10197 10198
7189,3156 3157 3158 3159 3160 12064 12065 12066 12067 12068
7190,3050 3051 3052 3053 3054 15248 15249 15250 15251 15252
7191,1733 1734 1735 1736 1737 11931 11932 11933 11934 11935
7192,1597 1598 1599 1600 1601 10711 10712 10713 10714 10715
7193,1347 1348 1349 1350 1351 1353 1354 1355 1356 1357
7194,6652 6653 6654 6655 6656 14303 14304 14305 14306 14307
7195,15040 15041 15042 15043 15044 15046 15047 15048 15049 15050
7196,31 32 33 34 35 15251 15252 15253 15254 15255
7197,237 238 239 240 241 14617 14618 14619 14620 14621
7198,74 75 76 77 78 13892 13893 13894 13895 13896
7199,5371 5372 5373 5374 5375 15169 15170 15171 15172 15173
7200,5511 5512 5513 5514 5515 14115 14116 14117 14118 14119
7201,8576 8577 8578 8579 8580 14863 14864 14865 14866 14867
7202,7837 7838 7839 7840 7841 14448 14449 14450 14451 14452
7203,9049 9050 9051 9052 9053 12016 12017 12018 12019 12020
7204,41 42 43 44 45 12978 12979 12980 12981 12982
7205,66 67 68 69 70 7912 7913 7914 7915 7916
7206,2155 2156 2157 2158 2159 10554 10555 10556 10557 10558
7207,11161 11162 11163 11164 11165 13428 13429 13430 13431 13432
7208,14587 14588 14589 14590 14591 15253 15254 15255 15256 15257
7209,1774 1775 1776 1777 1778 6363 6364 6365 6366 6367
7210,6787 6788 6789 6790 6791 15254 15255 15256 15257 15258
7211,556 557 558 559 560 12480 12481 12482 12483 12484
7212,3797 3798 3799 3800 3801 13785 13786 13787 13788 13789
7213,230 231 232 233 234 15255 15256 15257 15258 15259
7214,15250 15251 15252 15253 15254 15256 15257 15258 15259 15260
7215,86 87 88 89 90 14931 14932 14933 14934 14935
7216,3493 3494 3495 3496 3497 14296 14297 14298 14299 14300
7217,735 736 737 738 739 14980 14981 14982 14983 14984
7218,1006 1007 1008 1009 1010 12238 12239 12240 12241 12242
7219,9539 9540 9541 9542 9543 15133 15134 15135 15136 15137
7220,3144 3145 3146 3147 3148 13515 13516 13517 13518 13519
7221,1199 1200 1201 1202 1203 15109 15110 15111 15112 15113
7222,1584 1585 1586 1587 1588 15075 15076 15077 15078 15079
7223,11570 11571 11572 11573 11574 13765 13766 13767 13768 13769
7224,7119 7120 7121 7122 7123 14556 14557 14558 14559 14560
7225,394 395 396 397 398 14794 14795 14796 14797 14798
7226,3155 3156 3157 3158 3159 12017 12018 12019 12020 12021
7227,850 851 852 853 854 7521 7522 7523 7524 7525
7228,8094 8095 8096 8097 8098 14374 14375 14376 14377 14378
7229,2871 2872 2873 2874 2875 6365 6366 6367 6368 6369
7230,10970 10971 10972 10973 10974 13977 13978 13979 13980 13981
7231,4111 4112 4113 4114 4115 15051 15052 15053 15054 15055
7232,1529 1530 1531 1532 1533 13961 13962 13963 13964 13965
7233,1334 1335 1336 1337 1338 6354 6355 6356 6357 6358
7234,1527 1528 1529 1530 1531 6354 6355 6356 6357 6358
7235,1527 1528 1529 1530 1531 14085 14086 14087 14088 14089
7236,3460 3461 3462 3463 3464 13340 13341 13342 13343 13344
7237,14009 14010 14011 14012 14013 14326 14327 14328 14329 14330
7238,4510 4511 4512 4513 4514 13629 13630 13631 13632 13633
7239,1527 1528 1529 1530 1531 13961 13962 13963 13964 13965
7240,4511 4512 4513 4514 4515 13562 13563 13564 13565 13566
7241,1527 1528 1529 1530 1531 13456 13457 13458 13459 13460
7242,8823 8824 8825 8826 8827 15097 15098 15099 15100 15101
7243,1527 1528 1529 1530 1531 15258 15259 15260 15261 15262
7244,4325 4326 4327 4328 4329 5195 5196 5197 5198 5199
7245,2126 2127 2128 2129 2130 3214 3215 3216 3217 3218
7246,2297 2298 2299 2300 2301 14754 14755 14756 14757 14758
7247,401 402 403 404 405 14813 14814 14815 14816 14817
7248,12497 12498 12499 12500 12501 15165 15166 15167 15168 15169
7249,1875 1876 1877 1878 1879 6869 6870 6871 6872 6873
7250,13416 13417 13418 13419 13420 14123 14124 14125 14126 14127
7251,1318 1319 1320 1321 1322 14124 14125 14126 14127 14128
7252,2815 2816 2817 2818 2819 13732 13733 13734 13735 13736
7253,1160 1161 1162 1163 1164 13245 13246 13247 13248 13249
7254,1161 1162 1163 1164 1165 14151 14152 14153 14154 14155
7255,399 400 401 402 403 13260 13261 13262 13263 13264
7256,1161 1162 1163 1164 1165 3465 3466 3467 3468 3469
7257,400 401 402 403 404 14458 14459 14460 14461 14462
7258,403 404 405 406 407 14406 14407 14408 14409 14410
7259,2609 2610 2611 2612 2613 14600 14601 14602 14603 14604
7260,1527 1528 1529 1530 1531 11123 11124 11125 11126 11127
7261,354 355 356 357 358 15259 15260 15261 15262 15263
7262,3460 3461 3462 3463 3464 15258 15259 15260 15261 15262
7263,354 355 356 357 358 14334 14335 14336 14337 14338
7264,354 355 356 357 358 15259 15260 15261 15262 15263
7265,354 355 356 357 358 15260 15261 15262 15263 15264
7266,3460 3461 3462 3463 3464 13702 13703 13704 13705 13706
7267,1825 1826 1827 1828 1829 13402 13403 13404 13405 13406
7268,7714 7715 7716 7717 7718 15261 15262 15263 15264 15265
7269,9582 9583 9584 9585 9586 13903 13904 13905 13906 13907
7270,11402 11403 11404 11405 11406 11711 11712 11713 11714 11715
7271,2475 2476 2477 2478 2479 13945 13946 13947 13948 13949
7272,4589 4590 4591 4592 4593 6796 6797 6798 6799 6800
7273,1949 1950 1951 1952 1953 13258 13259 13260 13261 13262
7274,1878 1879 1880 1881 1882 14798 14799 14800 14801 14802
7275,1737 1738 1739 1740 1741 12267 12268 12269 12270 12271
7276,2081 2082 2083 2084 2085 11040 11041 11042 11043 11044
7277,3269 3270 3271 3272 3273 14665 14666 14667 14668 14669
7278,940 941 942 943 944 13223 13224 13225 13226 13227
7279,1630 1631 1632 1633 1634 13722 13723 13724 13725 13726
7280,142 143 144 145 146 14778 14779 14780 14781 14782
7281,455 456 457 458 459 14889 14890 14891 14892 14893
7282,6094 6095 6096 6097 6098 11167 11168 11169 11170 11171
7283,5558 5559 5560 5561 5562 9561 9562 9563 9564 9565
7284,5780 5781 5782 5783 5784 14788 14789 14790 14791 14792
7285,8085 8086 8087 8088 8089 13822 13823 13824 13825 13826
7286,2649 2650 2651 2652 2653 12567 12568 12569 12570 12571
7287,10522 10523 10524 10525 10526 12254 12255 12256 12257 12258
7288,5104 5105 5106 5107 5108 8059 8060 8061 8062 8063
7289,7 8 9 10 11 13308 13309 13310 13311 13312
7290,4905 4906 4907 4908 4909 13382 13383 13384 13385 13386
7291,6784 6785 6786 6787 6788 14044 14045 14046 14047 14048
7292,4445 4446 4447 4448 4449 9658 9659 9660 9661 9662
7293,8624 8625 8626 8627 8628 14786 14787 14788 14789 14790
7294,8658 8659 8660 8661 8662 12994 12995 12996 12997 12998
7295,12284 12285 12286 12287 12288 13382 13383 13384 13385 13386
7296,2788 2789 2790 2791 2792 13382 13383 13384 13385 13386
7297,11937 11938 11939 11940 11941 14772 14773 14774 14775 14776
7298,1953 1954 1955 1956 1957 14770 14771 14772 14773 14774
7299,12285 12286 12287 12288 12289 12676 12677 12678 12679 12680
7300,1885 1886 1887 1888 1889 14042 14043 14044 14045 14046
7301,898 899 900 901 902 14400 14401 14402 14403 14404
7302,7935 7936 7937 7938 7939 14753 14754 14755 14756 14757
7303,4748 4749 4750 4751 4752 6545 6546 6547 6548 6549
7304,6166 6167 6168 6169 6170 11220 11221 11222 11223 11224
7305,1506 1507 1508 1509 1510 15262 15263 15264 15265 15266
7306,901 902 903 904 905 12578 12579 12580 12581 12582
7307,1260 1261 1262 1263 1264 10757 10758 10759 10760 10761
7308,5924 5925 5926 5927 5928 14218 14219 14220 14221 14222
7309,3089 3090 3091 3092 3093 9440 9441 9442 9443 9444
7310,14003 14004 14005 14006 14007 15263 15264 15265 15266 15267
7311,117 118 119 120 121 14253 14254 14255 14256 14257
7312,4068 4069 4070 4071 4072 5897 5898 5899 5900 5901
7313,13315 13316 13317 13318 13319 14360 14361 14362 14363 14364
7314,4943 4944 4945 4946 4947 11913 11914 11915 11916 11917
7315,6985 6986 6987 6988 6989 11109 11110 11111 11112 11113
7316,5228 5229 5230 5231 5232 11046 11047 11048 11049 11050
7317,6351 6352 6353 6354 6355 9309 9310 9311 9312 9313
7318,2854 2855 2856 2857 2858 13181 13182 13183 13184 13185
7319,1502 1503 1504 1505 1506 13131 13132 13133 13134 13135
7320,899 900 901 902 903 12355 12356 12357 12358 12359
7321,3481 3482 3483 3484 3485 13283 13284 13285 13286 13287
7322,9992 9993 9994 9995 9996 13734 13735 13736 13737 13738
7323,14212 14213 14214 14215 14216 15130 15131 15132 15133 15134
7324,10004 10005 10006 10007 10008 13969 13970 13971 13972 13973
7325,63 64 65 66 67 11224 11225 11226 11227 11228
7326,1527 1528 1529 1530 1531 11113 11114 11115 11116 11117
7327,1312 1313 1314 1315 1316 14679 14680 14681 14682 14683
7328,1527 1528 1529 1530 1531 15154 15155 15156 15157 15158
7329,1006 1007 1008 1009 1010 12333 12334 12335 12336 12337
7330,5702 5703 5704 5705 5706 13727 13728 13729 13730 13731
7331,5684 5685 5686 5687 5688 14465 14466 14467 14468 14469
7332,349 350 351 352 353 15142 15143 15144 15145 15146
7333,1704 1705 1706 1707 1708 11570 11571 11572 11573 11574
7334,355 356 357 358 359 13856 13857 13858 13859 13860
7335,1529 1530 1531 1532 1533 13352 13353 13354 13355 13356
7336,1008 1009 1010 1011 1012 14348 14349 14350 14351 14352
7337,5196 5197 5198 5199 5200 12310 12311 12312 12313 12314
7338,1859 1860 1861 1862 1863 8336 8337 8338 8339 8340
7339,2875 2876 2877 2878 2879 13982 13983 13984 13985 13986
7340,13873 13874 13875 13876 13877 14679 14680 14681 14682 14683
7341,9779 9780 9781 9782 9783 14360 14361 14362 14363 14364
7342,67 68 69 70 71 15241 15242 15243 15244 15245
7343,898 899 900 901 902 13648 13649 13650 13651 13652
7344,11646 11647 11648 11649 11650 14766 14767 14768 14769 14770
7345,4606 4607 4608 4609 4610 12608 12609 12610 12611 12612
7346,1942 1943 1944 1945 1946 14395 14396 14397 14398 14399
7347,3481 3482 3483 3484 3485 14546 14547 14548 14549 14550
7348,3460 3461 3462 3463 3464 13236 13237 13238 13239 13240
7349,11115 11116 11117 11118 11119 14465 14466 14467 14468 14469
7350,4128 4129 4130 4131 4132 6554 6555 6556 6557 6558
7351,1006 1007 1008 1009 1010 11769 11770 11771 11772 11773
7352,2372 2373 2374 2375 2376 14572 14573 14574 14575 14576
7353,1522 1523 1524 1525 1526 11268 11269 11270 11271 11272
7354,1527 1528 1529 1530 1531 14804 14805 14806 14807 14808
7355,6985 6986 6987 6988 6989 12071 12072 12073 12074 12075
7356,2611 2612 2613 2614 2615 14348 14349 14350 14351 14352
7357,7009 7010 7011 7012 7013 14572 14573 14574 14575 14576
7358,3254 3255 3256 3257 3258 14755 14756 14757 14758 14759
7359,2976 2977 2978 2979 2980 11795 11796 11797 11798 11799
7360,2923 2924 2925 2926 2927 13907 13908 13909 13910 13911
7361,4029 4030 4031 4032 4033 14446 14447 14448 14449 14450
7362,2847 2848 2849 2850 2851 9829 9830 9831 9832 9833
7363,8004 8005 8006 8007 8008 8582 8583 8584 8585 8586
7364,4421 4422 4423 4424 4425 15264 15265 15266 15267 15268
7365,2151 2152 2153 2154 2155 14503 14504 14505 14506 14507
7366,868 869 870 871 872 14864 14865 14866 14867 14868
7367,1527 1528 1529 1530 1531 15096 15097 15098 15099 15100
7368,12129 12130 12131 12132 12133 14888 14889 14890 14891 14892
7369,1738 1739 1740 1741 1742 14783 14784 14785 14786 14787
7370,1524 1525 1526 1527 1528 11113 11114 11115 11116 11117
7371,2313 2314 2315 2316 2317 12854 12855 12856 12857 12858
7372,40 41 42 43 44 12922 12923 12924 12925 12926
7373,3731 3732 3733 3734 3735 12321 12322 12323 12324 12325
7374,2645 2646 2647 2648 2649 12749 12750 12751 12752 12753
7375,587 588 589 590 591 9976 9977 9978 9979 9980
7376,13197 13198 13199 13200 13201 14880 14881 14882 14883 14884
7377,203 204 205 206 207 10963 10964 10965 10966 10967
7378,410 411 412 413 414 15228 15229 15230 15231 15232
7379,128 129 130 131 132 8391 8392 8393 8394 8395
7380,7540 7541 7542 7543 7544 9000 9001 9002 9003 9004
7381,50 51 52 53 54 13437 13438 13439 13440 13441
7382,3398 3399 3400 3401 3402 15265 15266 15267 15268 15269
7383,7627 7628 7629 7630 7631 12877 12878 12879 12880 12881
7384,613 614 615 616 617 14558 14559 14560 14561 14562
7385,1506 1507 1508 1509 1510 11285 11286 11287 11288 11289
7386,14259 14260 14261 14262 14263 14539 14540 14541 14542 14543
7387,1614 1615 1616 1617 1618 14940 14941 14942 14943 14944
7388,4571 4572 4573 4574 4575 14145 14146 14147 14148 14149
7389,2848 2849 2850 2851 2852 15146 15147 15148 15149 15150
7390,8449 8450 8451 8452 8453 14182 14183 14184 14185 14186
7391,10376 10377 10378 10379 10380 14342 14343 14344 14345 14346
7392,737 738 739 740 741 11483 11484 11485 11486 11487
7393,13277 13278 13279 13280 13281 13283 13284 13285 13286 13287
7394,41 42 43 44 45 12518 12519 12520 12521 12522
7395,473 474 475 476 477 5543 5544 5545 5546 5547
7396,107 108 109 110 111 11480 11481 11482 11483 11484
7397,3231 3232 3233 3234 3235 11095 11096 11097 11098 11099
7398,5601 5602 5603 5604 5605 12508 12509 12510 12511 12512
7399,459 460 461 462 463 10963 10964 10965 10966 10967
7400,5684 5685 5686 5687 5688 5690 5691 5692 5693 5694
7401,339 340 341 342 343 15266 15267 15268 15269 15270
7402,5211 5212 5213 5214 5215 14586 14587 14588 14589 14590
7403,6812 6813 6814 6815 6816 7387 7388 7389 7390 7391
7404,394 395 396 397 398 14338 14339 14340 14341 14342
7405,229 230 231 232 233 12006 12007 12008 12009 12010
7406,381 382 383 384 385 13131 13132 13133 13134 13135
7407,1282 1283 1284 1285 1286 15206 15207 15208 15209 15210
7408,612 613 614 615 616 14094 14095 14096 14097 14098
7409,1527 1528 1529 1530 1531 13856 13857 13858 13859 13860
7410,9049 9050 9051 9052 9053 9055 9056 9057 9058 9059
7411,2871 2872 2873 2874 2875 8192 8193 8194 8195 8196
7412,1888 1889 1890 1891 1892 11710 11711 11712 11713 11714
7413,29 30 31 32 33 13435 13436 13437 13438 13439
7414,770 771 772 773 774 7301 7302 7303 7304 7305
7415,6743 6744 6745 6746 6747 15268 15269 15270 15271 15272
7416,1822 1823 1824 1825 1826 9752 9753 9754 9755 9756
7417,6663 6664 6665 6666 6667 6669 6670 6671 6672 6673
7418,1527 1528 1529 1530 1531 8809 8810 8811 8812 8813
7419,7698 7699 7700 7701 7702 15269 15270 15271 15272 15273
7420,2882 2883 2884 2885 2886 14465 14466 14467 14468 14469
7421,6609 6610 6611 6612 6613 12652 12653 12654 12655 12656
7422,663 664 665 666 667 14345 14346 14347 14348 14349
7423,15199 15200 15201 15202 15203 15205 15206 15207 15208 15209
7424,1913 1914 1915 1916 1917 15085 15086 15087 15088 15089
7425,494 495 496 497 498 15160 15161 15162 15163 15164
7426,44 45 46 47 48 12667 12668 12669 12670 12671
7427,11072 11073 11074 11075 11076 11079 11080 11081 11082 11083
7428,147 148 149 150 151 11563 11564 11565 11566 11567
7429,7464 7465 7466 7467 7468 9624 9625 9626 9627 9628
7430,5241 5242 5243 5244 5245 13138 13139 13140 13141 13142
7431,789 790 791 792 793 11760 11761 11762 11763 11764
7432,12513 12514 12515 12516 12517 12519 12520 12521 12522 12523
7433,67 68 69 70 71 13848 13849 13850 13851 13852
7434,710 711 712 713 714 13311 13312 13313 13314 13315
7435,12417 12418 12419 12420 12421 14982 14983 14984 14985 14986
7436,6517 6518 6519 6520 6521 15270 15271 15272 15273 15274
7437,232 233 234 235 236 13757 13758 13759 13760 13761
7438,8461 8462 8463 8464 8465 9263 9264 9265 9266 9267
7439,5774 5775 5776 5777 5778 13130 13131 13132 13133 13134
7440,2111 2112 2113 2114 2115 10619 10620 10621 10622 10623
7441,403 404 405 406 407 12502 12503 12504 12505 12506
7442,1719 1720 1721 1722 1723 15028 15029 15030 15031 15032
7443,159 160 161 162 163 8485 8486 8487 8488 8489
7444,996 997 998 999 1000 13210 13211 13212 13213 13214
7445,5293 5294 5295 5296 5297 12421 12422 12423 12424 12425
7446,473 474 475 476 477 11856 11857 11858 11859 11860
7447,7259 7260 7261 7262 7263 13771 13772 13773 13774 13775
7448,4786 4787 4788 4789 4790 9789 9790 9791 9792 9793
7449,2866 2867 2868 2869 2870 9645 9646 9647 9648 9649
7450,4957 4958 4959 4960 4961 6623 6624 6625 6626 6627
7451,710 711 712 713 714 10634 10635 10636 10637 10638
7452,1875 1876 1877 1878 1879 14038 14039 14040 14041 14042
7453,2472 2473 2474 2475 2476 8249 8250 8251 8252 8253
7454,10364 10365 10366 10367 10368 10370 10371 10372 10373 10374
7455,632 633 634 635 636 8702 8703 8704 8705 8706
7456,96 97 98 99 100 15271 15272 15273 15274 15275
7457,15074 15075 15076 15077 15078 15080 15081 15082 15083 15084
7458,1366 1367 1368 1369 1370 10275 10276 10277 10278 10279
7459,4308 4309 4310 4311 4312 8114 8115 8116 8117 8118
7460,13409 13410 13411 13412 13413 15064 15065 15066 15067 15068
7461,5819 5820 5821 5822 5823 14777 14778 14779 14780 14781
7462,48 49 50 51 52 14827 14828 14829 14830 14831
7463,1475 1476 1477 1478 1479 14998 14999 15000 15001 15002
7464,4419 4420 4421 4422 4423 4425 4426 4427 4428 4429
7465,15266 15267 15268 15269 15270 15272 15273 15274 15275 15276
7466,144 145 146 147 148 12766 12767 12768 12769 12770
7467,4477 4478 4479 4480 4481 5428 5429 5430 5431 5432
7468,282 283 284 285 286 12842 12843 12844 12845 12846
7469,1757 1758 1759 1760 1761 12589 12590 12591 12592 12593
7470,1128 1129 1130 1131 1132 10867 10868 10869 10870 10871
7471,3437 3438 3439 3440 3441 7405 7406 7407 7408 7409
7472,10710 10711 10712 10713 10714 10716 10717 10718 10719 10720
7473,1543 1544 1545 1546 1547 12923 12924 12925 12926 12927
7474,6964 6965 6966 6967 6968 6970 6971 6972 6973 6974
7475,1834 1835 1836 1837 1838 13195 13196 13197 13198 13199
7476,12570 12571 12572 12573 12574 14686 14687 14688 14689 14690
7477,18 19 20 21 22 14145 14146 14147 14148 14149
7478,9049 9050 9051 9052 9053 9055 9056 9057 9058 9059
7479,464 465 466 467 468 11976 11977 11978 11979 11980
7480,913 914 915 916 917 9519 9520 9521 9522 9523
7481,606 607 608 609 610 11173 11174 11175 11176 11177
7482,466 467 468 469 470 8694 8695 8696 8697 8698
7483,735 736 737 738 739 10125 10126 10127 10128 10129
7484,524 525 526 527 528 11411 11412 11413 11414 11415
7485,1567 1568 1569 1570 1571 14420 14421 14422 14423 14424
7486,4630 4631 4632 4633 4634 12814 12815 12816 12817 12818
7487,2734 2735 2736 2737 2738 6801 6802 6803 6804 6805
7488,15250 15251 15252 15253 15254 15256 15257 15258 15259 15260
7489,1914 1915 1916 1917 1918 9070 9071 9072 9073 9074
7490,1841 1842 1843 1844 1845 6239 6240 6241 6242 6243
7491,1841 1842 1843 1844 1845 13392 13393 13394 13395 13396
7492,3947 3948 3949 3950 3951 9015 9016 9017 9018 9019
7493,2187 2188 2189 2190 2191 10145 10146 10147 10148 10149
7494,15267 15268 15269 15270 15271 15273 15274 15275 15276 15277
7495,11046 11047 11048 11049 11050 13348 13349 13350 13351 13352
7496,9047 9048 9049 9050 9051 14870 14871 14872 14873 14874
7497,70 71 72 73 74 76 77 78 79 80
7498,48 49 50 51 52 14825 14826 14827 14828 14829
7499,10404 10405 10406 10407 10408 10410 10411 10412 10413 10414
7500,5317 5318 5319 5320 5321 7914 7915 7916 7917 7918
7501,374 375 376 377 378 10781 10782 10783 10784 10785
7502,3975 3976 3977 3978 3979 8107 8108 8109 8110 8111
7503,755 756 757 758 759 7362 7363 7364 7365 7366
7504,7148 7149 7150 7151 7152 14871 14872 14873 14874 14875
7505,3050 3051 3052 3053 3054 3056 3057 3058 3059 3060
7506,6831 6832 6833 6834 6835 6837 6838 6839 6840 6841
7507,47 48 49 50 51 15275 15276 15277 15278 15279
7508,11361 11362 11363 11364 11365 14487 14488 14489 14490 14491
7509,5262 5263 5264 5265 5266 14492 14493 14494 14495 14496
7510,3061 3062 3063 3064 3065 11367 11368 11369 11370 11371
7511,687 688 689 690 691 11367 11368 11369 11370 11371
7512,11361 11362 11363 11364 11365 11367 11368 11369 11370 11371
7513,11361 11362 11363 11364 11365 11367 11368 11369 11370 11371
7514,11361 11362 11363 11364 11365 14405 14406 14407 14408 14409
7515,11361 11362 11363 11364 11365 11367 11368 11369 11370 11371
7516,11361 11362 11363 11364 11365 14405 14406 14407 14408 14409
7517,11361 11362 11363 11364 11365 14405 14406 14407 14408 14409
7518,4022 4023 4024 4025 4026 11367 11368 11369 11370 11371
7519,11361 11362 11363 11364 11365 11367 11368 11369 11370 11371
7520,5262 5263 5264 5265 5266 11367 11368 11369 11370 11371
7521,687 688 689 690 691 14487 14488 14489 14490 14491
7522,11361 11362 11363 11364 11365 11367 11368 11369 11370 11371
7523,11361 11362 11363 11364 11365 11367 11368 11369 11370 11371
7524,5261 5262 5263 5264 5265 11367 11368 11369 11370 11371
7525,11361 11362 11363 11364 11365 11367 11368 11369 11370 11371
7526,687 688 689 690 691 11367 11368 11369 11370 11371
7527,11361 11362 11363 11364 11365 11367 11368 11369 11370 11371
7528,11361 11362 11363 11364 11365 11367 11368 11369 11370 11371
7529,5262 5263 5264 5265 5266 11367 11368 11369 11370 11371
7530,11361 11362 11363 11364 11365 11367 11368 11369 11370 11371
7531,3050 3051 3052 3053 3054 15063 15064 15065 15066 15067
7532,7119 7120 7121 7122 7123 7125 7126 7127 7128 7129
7533,3303 3304 3305 3306 3307 14676 14677 14678 14679 14680
7534,14573 14574 14575 14576 14577 15030 15031 15032 15033 15034
7535,14663 14664 14665 14666 14667 15030 15031 15032 15033 15034
7536,13508 13509 13510 13511 13512 15278 15279 15280 15281 15282
7537,14158 14159 14160 14161 14162 14669 14670 14671 14672 14673
7538,11121 11122 11123 11124 11125 14985 14986 14987 14988 14989
7539,6997 6998 6999 7000 7001 15124 15125 15126 15127 15128
7540,1327 1328 1329 1330 1331 7581 7582 7583 7584 7585
7541,14158 14159 14160 14161 14162 14392 14393 14394 14395 14396
7542,9049 9050 9051 9052 9053 15077 15078 15079 15080 15081
7543,734 735 736 737 738 740 741 742 743 744
7544,12422 12423 12424 12425 12426 14556 14557 14558 14559 14560
7545,8994 8995 8996 8997 8998 9000 9001 9002 9003 9004
7546,9047 9048 9049 9050 9051 14167 14168 14169 14170 14171
7547,54 55 56 57 58 14866 14867 14868 14869 14870
7548,1612 1613 1614 1615 1616 12015 12016 12017 12018 12019
7549,1369 1370 1371 1372 1373 14167 14168 14169 14170 14171
7550,41 42 43 44 45 12546 12547 12548 12549 12550
7551,7627 7628 7629 7630 7631 8691 8692 8693 8694 8695
7552,12873 12874 12875 12876 12877 15280 15281 15282 15283 15284
7553,687 688 689 690 691 12387 12388 12389 12390 12391
7554,8116 8117 8118 8119 8120 8460 8461 8462 8463 8464
7555,7576 7577 7578 7579 7580 14160 14161 14162 14163 14164
7556,687 688 689 690 691 693 694 695 696 697
7557,542 543 544 545 546 13389 13390 13391 13392 13393
7558,793 794 795 796 797 3056 3057 3058 3059 3060
7559,15062 15063 15064 15065 15066 15068 15069 15070 15071 15072
7560,12845 12846 12847 12848 12849 12851 12852 12853 12854 12855
7561,10710 10711 10712 10713 10714 10716 10717 10718 10719 10720
7562,852 853 854 855 856 14144 14145 14146 14147 14148
7563,11115 11116 11117 11118 11119 14210 14211 14212 14213 14214
7564,14649 14650 14651 14652 14653 14863 14864 14865 14866 14867
7565,687 688 689 690 691 14655 14656 14657 14658 14659
7566,912 913 914 915 916 15020 15021 15022 15023 15024
7567,2870 2871 2872 2873 2874 11348 11349 11350 11351 11352
7568,1028 1029 1030 1031 1032 12977 12978 12979 12980 12981
7569,10508 10509 10510 10511 10512 10515 10516 10517 10518 10519
7570,12179 12180 12181 12182 12183 14371 14372 14373 14374 14375
7571,134 135 136 137 138 11939 11940 11941 11942 11943
7572,1829 1830 1831 1832 1833 10712 10713 10714 10715 10716
7573,1681 1682 1683 1684 1685 8620 8621 8622 8623 8624
7574,3489 3490 3491 3492 3493 14356 14357 14358 14359 14360
7575,7908 7909 7910 7911 7912 12849 12850 12851 12852 12853
7576,2370 2371 2372 2373 2374 13112 13113 13114 13115 13116
7577,710 711 712 713 714 11958 11959 11960 11961 11962
7578,86 87 88 89 90 15003 15004 15005 15006 15007
7579,3369 3370 3371 3372 3373 13054 13055 13056 13057 13058
7580,2522 2523 2524 2525 2526 5150 5151 5152 5153 5154
7581,158 159 160 161 162 12190 12191 12192 12193 12194
7582,996 997 998 999 1000 11326 11327 11328 11329 11330
7583,4647 4648 4649 4650 4651 12626 12627 12628 12629 12630
7584,41 42 43 44 45 11234 11235 11236 11237 11238
7585,6130 6131 6132 6133 6134 14955 14956 14957 14958 14959
7586,2180 2181 2182 2183 2184 12296 12297 12298 12299 12300
7587,3018 3019 3020 3021 3022 12975 12976 12977 12978 12979
7588,5623 5624 5625 5626 5627 12173 12174 12175 12176 12177
7589,1502 1503 1504 1505 1506 9602 9603 9604 9605 9606
7590,1990 1991 1992 1993 1994 9247 9248 9249 9250 9251
7591,1536 1537 1538 1539 1540 14378 14379 14380 14381 14382
7592,1126 1127 1128 1129 1130 14160 14161 14162 14163 14164
7593,12872 12873 12874 12875 12876 15029 15030 15031 15032 15033
7594,734 735 736 737 738 11256 11257 11258 11259 11260
7595,2974 2975 2976 2977 2978 13367 13368 13369 13370 13371
7596,162 163 164 165 166 9310 9311 9312 9313 9314
7597,791 792 793 794 795 14392 14393 14394 14395 14396
7598,88 89 90 91 92 12306 12307 12308 12309 12310
7599,2436 2437 2438 2439 2440 15043 15044 15045 15046 15047
7600,2490 2491 2492 2493 2494 11971 11972 11973 11974 11975
7601,2604 2605 2606 2607 2608 15281 15282 15283 15284 15285
7602,3152 3153 3154 3155 3156 7696 7697 7698 7699 7700
7603,1148 1149 1150 1151 1152 4689 4690 4691 4692 4693
7604,1013 1014 1015 1016 1017 12111 12112 12113 12114 12115
7605,4015 4016 4017 4018 4019 7682 7683 7684 7685 7686
7606,614 615 616 617 618 11835 11836 11837 11838 11839
7607,961 962 963 964 965 12762 12763 12764 12765 12766
7608,1125 1126 1127 1128 1129 10979 10980 10981 10982 10983
7609,82 83 84 85 86 9816 9817 9818 9819 9820
7610,1037 1038 1039 1040 1041 12281 12282 12283 12284 12285
7611,7566 7567 7568 7569 7570 13951 13952 13953 13954 13955
7612,3217 3218 3219 3220 3221 15246 15247 15248 15249 15250
7613,1854 1855 1856 1857 1858 14459 14460 14461 14462 14463
7614,1039 1040 1041 1042 1043 15282 15283 15284 15285 15286
7615,1150 1151 1152 1153 1154 1724 1725 1726 1727 1728
7616,171 172 173 174 175 8996 8997 8998 8999 9000
7617,688 689 690 691 692 14384 14385 14386 14387 14388
7618,452 453 454 455 456 6033 6034 6035 6036 6037
7619,2610 2611 2612 2613 2614 6800 6801 6802 6803 6804
7620,10710 10711 10712 10713 10714 14703 14704 14705 14706 14707
7621,1704 1705 1706 1707 1708 8151 8152 8153 8154 8155
7622,1282 1283 1284 1285 1286 9611 9612 9613 9614 9615
7623,111 112 113 114 115 12141 12142 12143 12144 12145
7624,1491 1492 1493 1494 1495 13725 13726 13727 13728 13729
7625,400 401 402 403 404 13334 13335 13336 13337 13338
7626,8852 8853 8854 8855 8856 12044 12045 12046 12047 12048
7627,2009 2010 2011 2012 2013 12758 12759 12760 12761 12762
7628,2737 2738 2739 2740 2741 14880 14881 14882 14883 14884
7629,6478 6479 6480 6481 6482 11408 11409 11410 11411 11412
7630,270 271 272 273 274 8559 8560 8561 8562 8563
7631,3144 3145 3146 3147 3148 9317 9318 9319 9320 9321
7632,7267 7268 7269 7270 7271 9690 9691 9692 9693 9694
7633,288 289 290 291 292 12463 12464 12465 12466 12467
7634,1297 1298 1299 1300 1301 13753 13754 13755 13756 13757
7635,432 433 434 435 436 5387 5388 5389 5390 5391
7636,4579 4580 4581 4582 4583 14780 14781 14782 14783 14784
7637,1645 1646 1647 1648 1649 15283 15284 15285 15286 15287
7638,499 500 501 502 503 8404 8405 8406 8407 8408
7639,3050 3051 3052 3053 3054 3056 3057 3058 3059 3060
7640,2545 2546 2547 2548 2549 7244 7245 7246 7247 7248
7641,2467 2468 2469 2470 2471 6435 6436 6437 6438 6439
7642,158 159 160 161 162 12450 12451 12452 12453 12454
7643,214 215 216 217 218 10474 10475 10476 10477 10478
7644,12972 12973 12974 12975 12976 13305 13306 13307 13308 13309
7645,3489 3490 3491 3492 3493 14260 14261 14262 14263 14264
7646,4876 4877 4878 4879 4880 7320 7321 7322 7323 7324
7647,4897 4898 4899 4900 4901 12128 12129 12130 12131 12132
7648,580 581 582 583 584 14159 14160 14161 14162 14163
7649,580 581 582 583 584 6639 6640 6641 6642 6643
7650,1155 1156 1157 1158 1159 11378 11379 11380 11381 11382
7651,5129 5130 5131 5132 5133 8318 8319 8320 8321 8322
7652,3481 3482 3483 3484 3485 12628 12629 12630 12631 12632
7653,7203 7204 7205 7206 7207 8377 8378 8379 8380 8381
7654,1196 1197 1198 1199 1200 6517 6518 6519 6520 6521
7655,723 724 725 726 727 8668 8669 8670 8671 8672
7656,821 822 823 824 825 10241 10242 10243 10244 10245
7657,11054 11055 11056 11057 11058 11060 11061 11062 11063 11064
7658,6240 6241 6242 6243 6244 12909 12910 12911 12912 12913
7659,4370 4371 4372 4373 4374 14891 14892 14893 14894 14895
7660,165 166 167 168 169 7002 7003 7004 7005 7006
7661,3338 3339 3340 3341 3342 11156 11157 11158 11159 11160
7662,2364 2365 2366 2367 2368 11348 11349 11350 11351 11352
7663,3357 3358 3359 3360 3361 8189 8190 8191 8192 8193
7664,789 790 791 792 793 9588 9589 9590 9591 9592
7665,156 157 158 159 160 12814 12815 12816 12817 12818
7666,6576 6577 6578 6579 6580 14689 14690 14691 14692 14693
7667,3014 3015 3016 3017 3018 9224 9225 9226 9227 9228
7668,172 173 174 175 176 12024 12025 12026 12027 12028
7669,7494 7495 7496 7497 7498 12561 12562 12563 12564 12565
7670,1349 1350 1351 1352 1353 10200 10201 10202 10203 10204
7671,1090 1091 1092 1093 1094 2764 2765 2766 2767 2768
7672,2991 2992 2993 2994 2995 9643 9644 9645 9646 9647
7673,68 69 70 71 72 5437 5438 5439 5440 5441
7674,1470 1471 1472 1473 1474 5346 5347 5348 5349 5350
7675,4706 4707 4708 4709 4710 15098 15099 15100 15101 15102
7676,2658 2659 2660 2661 2662 13463 13464 13465 13466 13467
7677,323 324 325 326 327 9391 9392 9393 9394 9395
7678,38 39 40 41 42 12078 12079 12080 12081 12082
7679,389 390 391 392 393 13078 13079 13080 13081 13082
7680,464 465 466 467 468 15244 15245 15246 15247 15248
7681,70 71 72 73 74 9000 9001 9002 9003 9004
7682,1910 1911 1912 1913 1914 11579 11580 11581 11582 11583
7683,11308 11309 11310 11311 11312 11314 11315 11316 11317 11318
7684,3201 3202 3203 3204 3205 12439 12440 12441 12442 12443
7685,15278 15279 15280 15281 15282 15284 15285 15286 15287 15288
7686,4964 4965 4966 4967 4968 9136 9137 9138 9139 9140
7687,65 66 67 68 69 11740 11741 11742 11743 11744
7688,1835 1836 1837 1838 1839 12132 12133 12134 12135 12136
7689,3311 3312 3313 3314 3315 11813 11814 11815 11816 11817
7690,1875 1876 1877 1878 1879 10966 10967 10968 10969 10970
7691,3046 3047 3048 3049 3050 3054 3055 3056 3057 3058
7692,158 159 160 161 162 13049 13050 13051 13052 13053
7693,1131 1132 1133 1134 1135 1723 1724 1725 1726 1727
7694,7319 7320 7321 7322 7323 10652 10653 10654 10655 10656
7695,3363 3364 3365 3366 3367 10716 10717 10718 10719 10720
7696,3948 3949 3950 3951 3952 15074 15075 15076 15077 15078
7697,1750 1751 1752 1753 1754 14113 14114 14115 14116 14117
7698,1003 1004 1005 1006 1007 9192 9193 9194 9195 9196
7699,1527 1528 1529 1530 1531 13202 13203 13204 13205 13206
7700,429 430 431 432 433 11739 11740 11741 11742 11743
7701,1478 1479 1480 1481 1482 14420 14421 14422 14423 14424
7702,3 4 5 6 7 15186 15187 15188 15189 15190
7703,116 117 118 119 120 7316 7317 7318 7319 7320
7704,791 792 793 794 795 7836 7837 7838 7839 7840
7705,2609 2610 2611 2612 2613 11900 11901 11902 11903 11904
7706,96 97 98 99 100 14899 14900 14901 14902 14903
7707,1578 1579 1580 1581 1582 6963 6964 6965 6966 6967
7708,125 126 127 128 129 11875 11876 11877 11878 11879
7709,2640 2641 2642 2643 2644 13905 13906 13907 13908 13909
7710,1362 1363 1364 1365 1366 11955 11956 11957 11958 11959
7711,1524 1525 1526 1527 1528 3466 3467 3468 3469 3470
7712,1378 1379 1380 1381 1382 10141 10142 10143 10144 10145
7713,7116 7117 7118 7119 7120 7122 7123 7124 7125 7126
7714,1524 1525 1526 1527 1528 9367 9368 9369 9370 9371
7715,3022 3023 3024 3025 3026 8649 8650 8651 8652 8653
7716,10710 10711 10712 10713 10714 10716 10717 10718 10719 10720
7717,1865 1866 1867 1868 1869 11017 11018 11019 11020 11021
7718,2737 2738 2739 2740 2741 3466 3467 3468 3469 3470
7719,838 839 840 841 842 8452 8453 8454 8455 8456
7720,1524 1525 1526 1527 1528 4516 4517 4518 4519 4520
7721,773 774 775 776 777 7841 7842 7843 7844 7845
7722,763 764 765 766 767 12233 12234 12235 12236 12237
7723,4030 4031 4032 4033 4034 13381 13382 13383 13384 13385
7724,1077 1078 1079 1080 1081 5393 5394 5395 5396 5397
7725,882 883 884 885 886 13052 13053 13054 13055 13056
7726,3612 3613 3614 3615 3616 15055 15056 15057 15058 15059
7727,6427 6428 6429 6430 6431 11809 11810 11811 11812 11813
7728,8377 8378 8379 8380 8381 14127 14128 14129 14130 14131
7729,15279 15280 15281 15282 15283 15285 15286 15287 15288 15289
7730,9202 9203 9204 9205 9206 15085 15086 15087 15088 15089
7731,607 608 609 610 611 8501 8502 8503 8504 8505
7732,766 767 768 769 770 9224 9225 9226 9227 9228
7733,470 471 472 473 474 13826 13827 13828 13829 13830
7734,11530 11531 11532 11533 11534 11536 11537 11538 11539 11540
7735,10081 10082 10083 10084 10085 12648 12649 12650 12651 12652
7736,818 819 820 821 822 15070 15071 15072 15073 15074
7737,86 87 88 89 90 92 93 94 95 96
7738,223 224 225 226 227 5614 5615 5616 5617 5618
7739,6567 6568 6569 6570 6571 10791 10792 10793 10794 10795
7740,621 622 623 624 625 15101 15102 15103 15104 15105
7741,7110 7111 7112 7113 7114 11367 11368 11369 11370 11371
7742,40 41 42 43 44 3020 3021 3022 3023 3024
7743,1067 1068 1069 1070 1071 3576 3577 3578 3579 3580
7744,1349 1350 1351 1352 1353 11779 11780 11781 11782 11783
7745,9012 9013 9014 9015 9016 13578 13579 13580 13581 13582
7746,5943 5944 5945 5946 5947 15031 15032 15033 15034 15035
7747,222 223 224 225 226 7553 7554 7555 7556 7557
7748,620 621 622 623 624 12179 12180 12181 12182 12183
7749,8664 8665 8666 8667 8668 12109 12110 12111 12112 12113
7750,737 738 739 740 741 5282 5283 5284 5285 5286
7751,956 957 958 959 960 3665 3666 3667 3668 3669
7752,1028 1029 1030 1031 1032 13725 13726 13727 13728 13729
7753,544 545 546 547 548 9710 9711 9712 9713 9714
7754,92 93 94 95 96 10540 10541 10542 10543 10544
7755,735 736 737 738 739 741 742 743 744 745
7756,1140 1141 1142 1143 1144 14346 14347 14348 14349 14350
7757,819 820 821 822 823 7514 7515 7516 7517 7518
7758,375 376 377 378 379 4438 4439 4440 4441 4442
7759,158 159 160 161 162 7513 7514 7515 7516 7517
7760,2250 2251 2252 2253 2254 6683 6684 6685 6686 6687
7761,1346 1347 1348 1349 1350 13913 13914 13915 13916 13917
7762,4858 4859 4860 4861 4862 12823 12824 12825 12826 12827
7763,15105 15106 15107 15108 15109 15167 15168 15169 15170 15171
7764,2126 2127 2128 2129 2130 9183 9184 9185 9186 9187
7765,4707 4708 4709 4710 4711 7387 7388 7389 7390 7391
7766,3956 3957 3958 3959 3960 11733 11734 11735 11736 11737
7767,1535 1536 1537 1538 1539 15044 15045 15046 15047 15048
7768,5276 5277 5278 5279 5280 10380 10381 10382 10383 10384
7769,9106 9107 9108 9109 9110 11167 11168 11169 11170 11171
7770,989 990 991 992 993 12325 12326 12327 12328 12329
7771,4651 4652 4653 4654 4655 4665 4666 4667 4668 4669
7772,3852 3853 3854 3855 3856 5300 5301 5302 5303 5304
7773,14158 14159 14160 14161 14162 14164 14165 14166 14167 14168
7774,14301 14302 14303 14304 14305 14307 14308 14309 14310 14311
7775,11121 11122 11123 11124 11125 11127 11128 11129 11130 11131
7776,14158 14159 14160 14161 14162 14164 14165 14166 14167 14168
7777,9049 9050 9051 9052 9053 14552 14553 14554 14555 14556
7778,734 735 736 737 738 14853 14854 14855 14856 14857
7779,1485 1486 1487 1488 1489 15148 15149 15150 15151 15152
7780,53 54 55 56 57 14164 14165 14166 14167 14168
7781,3016 3017 3018 3019 3020 14930 14931 14932 14933 14934
7782,53 54 55 56 57 15286 15287 15288 15289 15290
7783,3466 3467 3468 3469 3470 14852 14853 14854 14855 14856
7784,11473 11474 11475 11476 11477 15286 15287 15288 15289 15290
7785,2021 2022 2023 2024 2025 2545 2546 2547 2548 2549
7786,3408 3409 3410 3411 3412 14346 14347 14348 14349 14350
7787,13959 13960 13961 13962 13963 13967 13968 13969 13970 13971
7788,2149 2150 2151 2152 2153 15256 15257 15258 15259 15260
7789,12872 12873 12874 12875 12876 12878 12879 12880 12881 12882
7790,105 106 107 108 109 15251 15252 15253 15254 15255
7791,13409 13410 13411 13412 13413 13415 13416 13417 13418 13419
7792,15279 15280 15281 15282 15283 15285 15286 15287 15288 15289
7793,8994 8995 8996 8997 8998 9000 9001 9002 9003 9004
7794,3230 3231 3232 3233 3234 7333 7334 7335 7336 7337
7795,1414 1415 1416 1417 1418 11676 11677 11678 11679 11680
7796,3050 3051 3052 3053 3054 11127 11128 11129 11130 11131
7797,13409 13410 13411 13412 13413 14827 14828 14829 14830 14831
7798,10710 10711 10712 10713 10714 14164 14165 14166 14167 14168
7799,14103 14104 14105 14106 14107 14109 14110 14111 14112 14113
7800,1495 1496 1497 1498 1499 15288 15289 15290 15291 15292
7801,5032 5033 5034 5035 5036 14940 14941 14942 14943 14944
7802,14550 14551 14552 14553 14554 15289 15290 15291 15292 15293
7803,3313 3314 3315 3316 3317 8904 8905 8906 8907 8908
7804,1942 1943 1944 1945 1946 8042 8043 8044 8045 8046
7805,2004 2005 2006 2007 2008 12482 12483 12484 12485 12486
7806,4660 4661 4662 4663 4664 8078 8079 8080 8081 8082
7807,5342 5343 5344 5345 5346 13196 13197 13198 13199 13200
7808,5924 5925 5926 5927 5928 15130 15131 15132 15133 15134
7809,2799 2800 2801 2802 2803 11371 11372 11373 11374 11375
7810,4421 4422 4423 4424 4425 13017 13018 13019 13020 13021
7811,3398 3399 3400 3401 3402 13754 13755 13756 13757 13758
7812,7119 7120 7121 7122 7123 14560 14561 14562 14563 14564
7813,10925 10926 10927 10928 10929 13194 13195 13196 13197 13198
7814,851 852 853 854 855 12309 12310 12311 12312 12313
7815,2815 2816 2817 2818 2819 14325 14326 14327 14328 14329
7816,14821 14822 14823 14824 14825 14827 14828 14829 14830 14831
7817,1376 1377 1378 1379 1380 10266 10267 10268 10269 10270
7818,14550 14551 14552 14553 14554 14556 14557 14558 14559 14560
7819,48 49 50 51 52 14579 14580 14581 14582 14583
7820,53 54 55 56 57 14825 14826 14827 14828 14829
7821,8867 8868 8869 8870 8871 13413 13414 13415 13416 13417
7822,119 120 121 122 123 12326 12327 12328 12329 12330
7823,48 49 50 51 52 54 55 56 57 58
7824,1311 1312 1313 1314 1315 12337 12338 12339 12340 12341
7825,11040 11041 11042 11043 11044 15290 15291 15292 15293 15294
7826,9301 9302 9303 9304 9305 13799 13800 13801 13802 13803
7827,8364 8365 8366 8367 8368 15063 15064 15065 15066 15067
7828,1821 1822 1823 1824 1825 4417 4418 4419 4420 4421
7829,1821 1822 1823 1824 1825 6365 6366 6367 6368 6369
7830,489 490 491 492 493 13756 13757 13758 13759 13760
7831,3400 3401 3402 3403 3404 13311 13312 13313 13314 13315
7832,15285 15286 15287 15288 15289 15291 15292 15293 15294 15295
7833,970 971 972 973 974 7761 7762 7763 7764 7765
7834,1362 1363 1364 1365 1366 15277 15278 15279 15280 15281
7835,3050 3051 3052 3053 3054 6792 6793 6794 6795 6796
7836,3466 3467 3468 3469 3470 14551 14552 14553 14554 14555
7837,83 84 85 86 87 2210 2211 2212 2213 2214
